X,Y,OBJECTID,case_id,accident_year,proc_date,juris,collision_date,collision_time,officer_id,reporting_district,day_of_week,chp_shift,population,cnty_city_loc,special_cond,beat_type,chp_beat_type,city_division_lapd,chp_beat_class,beat_number,primary_rd,secondary_rd,distance,direction,intersection,weather_1,weather_2,state_hwy_ind,caltrans_county,caltrans_district,state_route,route_suffix,postmile_prefix,postmile,location_type,ramp_intersection,side_of_hwy,tow_away,collision_severity,number_killed,number_injured,party_count,primary_coll_factor,pcf_code_of_viol,pcf_viol_category,pcf_violation,pcf_viol_subsection,hit_and_run,type_of_collision,mviw,ped_action,road_surface,road_cond_1,road_cond_2,lighting,control_device,chp_road_type,pedestrian_accident,bicycle_accident,motorcycle_accident,truck_accident,not_private_property,alcohol_involved,stwd_vehtype_at_fault,chp_vehtype_at_fault,count_severe_inj,count_visible_inj,count_complaint_pain,count_ped_killed,count_ped_injured,count_bicyclist_killed,count_bicyclist_injured,count_mc_killed,count_mc_injured,primary_ramp,secondary_ramp,latitude,longitude,timecat,month_,city,county,state,point_x,point_y,match_addr,m_primaryrd,m_secondrd,int_id,Flag
-118.3762221,34.05332565,30641,8830149,2019,2019-04-09T00:00:00.000Z,1942,2019-02-28T00:00:00.000Z,1545,37913,859,4,5,7,1942,0,0,0,H,0,8A59,PICO BL,LA CIENEGA BL,0,,Y,A,-,N,,0,0,,,0,,,,Y,4,0,3,2,A,-,9,21801,A,N,D,C,A,A,H,-,A,A,0,,,,,Y,,D,22,0,0,3,0,0,0,0,0,0,- ,- ,0,0,1800,2,LOS ANGELES,LOS ANGELES,CA,-118.3762221,34.05332565,"PICO BLVD & LA CIENEGA BLVD, LOS ANGELES, CA",PICO BLVD,LA CIENEGA BLVD,96370,
-118.4288422,34.26116562,30642,8830198,2019,2019-03-29T00:00:00.000Z,1942,2019-02-25T00:00:00.000Z,1700,37637,1641,1,5,7,1942,0,0,0,P,0,16A11,HADDON AV,VAN NUYS BL,0,,Y,A,-,N,,0,0,,,0,,,,N,3,0,1,2,A,-,12,21453,A,N,D,C,A,A,H,-,B,A,0,,,,,Y,,A,7,0,1,0,0,0,0,0,0,0,- ,- ,0,0,1800,2,LOS ANGELES,LOS ANGELES,CA,-118.4288422,34.26116562,"HADDON AVE & VAN NUYS BLVD, LOS ANGELES, CA",HADDON AVE,VAN NUYS BLVD,98471,
-118.4032121,34.2482338,30643,8830234,2019,2019-03-29T00:00:00.000Z,1942,2019-02-09T00:00:00.000Z,1510,41514,1663,6,5,7,1942,0,0,0,P,0,16A77,BRANFORD ST,SAN FERNANDO RD,0,,Y,A,-,N,,0,0,,,0,,,,N,4,0,2,2,A,-,12,21453,A,N,D,C,A,A,H,-,A,A,0,,,,,Y,,-,- ,0,0,2,0,0,0,0,0,0,- ,- ,0,0,1800,2,LOS ANGELES,LOS ANGELES,CA,-118.4032121,34.2482338,"BRANFORD ST & SAN FERNANDO RD, LOS ANGELES, CA",BRANFORD ST,SAN FERNANDO RD,115952,
-118.1923221,34.10696793,30644,8830322,2019,2019-04-19T00:00:00.000Z,1942,2019-02-02T00:00:00.000Z,1655,43278,1172,6,5,7,1942,0,0,0,K,0,11A72,S AVE 57,BENNER ST,15,N,N,C,-,N,,0,0,,,0,,,,N,4,0,1,2,A,-,10,21950,C,N,G,B,D,B,H,-,A,D,0,Y,,,,Y,,A,1,0,0,1,0,1,0,0,0,0,- ,- ,0,0,1800,2,LOS ANGELES,LOS ANGELES,CA,-118.1923221,34.10696793,"AVE 57 & BENNER ST, LOS ANGELES, CA",AVE 57,BENNER ST,100272,
-118.1874022,34.138134,30645,8830326,2019,2019-03-27T00:00:00.000Z,1942,2019-02-13T00:00:00.000Z,1730,37530,11091,3,5,7,1942,0,0,0,K,0,11A48,FIGUEROA ST,COLORADO BL,0,,Y,B,-,N,,0,0,,,0,,,,Y,4,0,1,3,A,-,3,22350,,N,C,C,A,B,H,-,B,A,0,,,,,Y,,A,1,0,0,1,0,0,0,0,0,0,- ,- ,0,0,1800,2,LOS ANGELES,LOS ANGELES,CA,-118.1874022,34.138134,"FIGUEROA ST & COLORADO BLVD, LOS ANGELES, CA",FIGUEROA ST,COLORADO BLVD,142301,
-118.2601622,34.08325577,30646,8830334,2019,2019-03-28T00:00:00.000Z,1942,2019-02-06T00:00:00.000Z,1705,40164,1172,3,5,7,1942,0,0,0,K,0,24TL55,GLENDALE BL,ALVARADO ST,0,,Y,A,-,N,,0,0,,,0,,,,N,3,0,1,2,A,-,3,22350,,F,C,G,A,A,H,-,A,A,0,,Y,,,Y,,-,99,0,1,0,0,0,0,1,0,0,- ,- ,0,0,1800,2,LOS ANGELES,LOS ANGELES,CA,-118.2601622,34.08325577,"GLENDALE BLVD & ALVARADO ST, LOS ANGELES, CA",GLENDALE BLVD,ALVARADO ST,105772,
-118.2199821,34.02326584,30647,8830341,2019,2019-03-28T00:00:00.000Z,1942,2019-02-14T00:00:00.000Z,1610,43093,497,4,5,7,1942,0,0,0,D,0,4A78,SOTO ST,11TH ST,0,,Y,B,-,N,,0,0,,,0,,,,Y,4,0,2,2,A,-,8,22101,D,N,A,C,A,B,H,-,A,D,0,,,,,Y,,A,1,0,0,2,0,0,0,0,0,0,- ,- ,0,0,1800,2,LOS ANGELES,LOS ANGELES,CA,-118.2199821,34.02326584,"SOTO ST & 11TH ST, LOS ANGELES, CA",SOTO ST,11TH ST,131470,
-118.2521121,33.9911232,30648,8830344,2019,2019-03-27T00:00:00.000Z,1942,2019-02-01T00:00:00.000Z,1740,40164,1364,5,5,7,1942,0,0,0,M,0,24TL56,57TH ST,HOOPER AV,0,,Y,B,-,N,,0,0,,,0,,,,N,3,0,1,2,A,-,9,21802,A,N,D,C,A,A,H,-,C,A,0,,,,,Y,,A,7,0,1,0,0,0,0,0,0,0,- ,- ,0,0,1800,2,LOS ANGELES,LOS ANGELES,CA,-118.2521121,33.9911232,"57TH ST & HOOPER AVE, LOS ANGELES, CA",57TH ST,HOOPER AVE,103104,
-118.2189287,34.13959885,30649,8830346,2019,2019-04-19T00:00:00.000Z,1942,2019-02-04T00:00:00.000Z,1725,35230,1105,1,5,7,1942,0,0,0,K,0,11A17,ELLENWOOD DR,COLORADO BL,150,S,N,C,-,N,,0,0,,,0,,,,N,4,0,1,2,A,-,21,22106,,N,G,B,E,B,H,-,C,D,0,Y,,,,Y,,-,- ,0,0,1,0,1,0,0,0,0,- ,- ,0,0,1800,2,LOS ANGELES,LOS ANGELES,CA,-118.2189287,34.13959885,"ELLENWOOD DR & COLORADO BLVD, LOS ANGELES, CA",ELLENWOOD DR,COLORADO BLVD,132086,
-118.273851,34.01114273,30650,8830360,2019,2019-03-27T00:00:00.000Z,1942,2019-02-16T00:00:00.000Z,1610,34426,1341,6,5,7,1942,0,0,0,M,0,13A41,MARTIN LUTHER KING JR BL,MAIN ST,55,E,N,A,-,N,,0,0,,,0,,,,N,4,0,3,2,A,-,4,21703,,N,C,C,A,A,H,-,A,D,0,,,,,Y,,A,8,0,0,3,0,0,0,0,0,0,- ,- ,0,0,1800,2,LOS ANGELES,LOS ANGELES,CA,-118.273851,34.01114273,"MARTIN LUTHER KING JR BLVD & MAIN ST, LOS ANGELES, CA",MARTIN LUTHER KING JR BLVD,MAIN ST,109723,
-118.2400621,33.99295425,30651,8830368,2019,2019-03-27T00:00:00.000Z,1942,2019-02-19T00:00:00.000Z,1510,40275,1377,2,5,7,1942,0,0,0,M,0,13A75,E 55TH ST,BANDERA ST,0,,Y,A,-,N,,0,0,,,0,,,,Y,4,0,1,3,A,-,9,21802,A,F,B,C,A,A,H,-,A,A,0,,,,,Y,,-,99,0,0,1,0,0,0,0,0,0,- ,- ,0,0,1800,2,LOS ANGELES,LOS ANGELES,CA,-118.2400621,33.99295425,"55TH ST & BANDERA ST, LOS ANGELES, CA",55TH ST,BANDERA ST,127693,
-118.2321165,34.12494278,30652,8830370,2019,2019-03-27T00:00:00.000Z,1942,2019-02-02T00:00:00.000Z,1610,34426,1112,6,5,7,1942,0,0,0,K,0,11A17,YORK BL,VERDUGO RD,112,W,N,C,-,N,,0,0,,,0,,,,N,4,0,1,2,A,-,4,21703,,N,C,C,A,B,H,-,A,D,0,,,Y,,Y,,C,2,0,0,1,0,0,0,0,0,1,- ,- ,0,0,1800,2,LOS ANGELES,LOS ANGELES,CA,-118.2321165,34.12494278,"YORK BLVD & VERDUGO RD, LOS ANGELES, CA",YORK BLVD,VERDUGO RD,98823,
-118.2606532,34.11832428,30653,8830371,2019,2019-03-28T00:00:00.000Z,1942,2019-02-09T00:00:00.000Z,1530,41657,1133,6,5,7,1942,0,0,0,K,0,1129,GLENDALE BL,LARGA AV,10,S,N,A,-,N,,0,0,,,0,,,,N,4,0,1,2,A,-,10,21950,,N,G,B,B,A,H,-,A,D,0,Y,,,,Y,,-,99,0,0,1,0,1,0,0,0,0,- ,- ,0,0,1800,2,LOS ANGELES,LOS ANGELES,CA,-118.2606532,34.11832428,"GLENDALE BLVD & LARGA AVE, LOS ANGELES, CA",GLENDALE BLVD,LARGA AVE,118061,
-118.2195175,34.12388229,30654,8830374,2019,2019-03-28T00:00:00.000Z,1942,2019-02-03T00:00:00.000Z,1625,37952,1136,7,5,7,1942,0,0,0,K,0,11A17,YORK BL,ALUMNI AV,180,E,N,B,-,N,,0,0,,,0,,,,Y,4,0,1,3,A,-,8,22107,,N,D,C,A,B,H,-,A,D,0,,,,,Y,,A,1,0,0,1,0,0,0,0,0,0,- ,- ,0,0,1800,2,LOS ANGELES,LOS ANGELES,CA,-118.2195175,34.12388229,"YORK BLVD & ALUMNI AVE, LOS ANGELES, CA",YORK BLVD,ALUMNI AVE,144321,
-118.1972321,34.11740494,30655,8830379,2019,2019-03-28T00:00:00.000Z,1942,2019-02-01T00:00:00.000Z,1505,43239,1126,5,5,7,1942,0,0,0,K,0,11A58,BALTIMORE ST,AVENUE 56,0,,Y,A,-,N,,0,0,,,0,,,,N,4,0,1,1,A,-,12,22450,,N,H,I,A,D,H,-,A,D,0,,Y,,,Y,,L,4,0,0,1,0,0,0,1,0,0,- ,- ,0,0,1800,2,LOS ANGELES,LOS ANGELES,CA,-118.1972321,34.11740494,"BALTIMORE ST & AVE 56, LOS ANGELES, CA",BALTIMORE ST,AVE 56,135243,
-118.2565122,34.00665665,30656,8830380,2019,2019-03-27T00:00:00.000Z,1942,2019-02-09T00:00:00.000Z,1625,34426,1345,6,5,7,1942,0,0,0,M,0,13A27,CENTRAL AV,42ND PL,0,,Y,A,-,N,,0,0,,,0,,,,N,4,0,2,2,A,-,9,21801,A,N,D,C,A,A,H,-,A,D,0,,,,,Y,,A,1,0,0,2,0,0,0,0,0,0,- ,- ,0,0,1800,2,LOS ANGELES,LOS ANGELES,CA,-118.2565122,34.00665665,"CENTRAL AVE & 42ND PL, LOS ANGELES, CA",CENTRAL AVE,42ND PL,113854,
-118.3532584,34.08388901,30657,8830390,2019,2019-03-28T00:00:00.000Z,1942,2019-02-22T00:00:00.000Z,1625,37235,702,5,5,7,1942,0,0,0,G,0,7A34,GARDNER ST,MELROSE AV,100,N,N,A,-,N,,0,0,,,0,,,,N,4,0,1,2,A,-,9,21804,,F,D,C,A,A,H,-,A,D,0,,,,,Y,,-,99,0,0,1,0,0,0,0,0,0,- ,- ,0,0,1800,2,LOS ANGELES,LOS ANGELES,CA,-118.3532584,34.08388901,"GARDNER ST & MELROSE AVE, LOS ANGELES, CA",GARDNER ST,MELROSE AVE,124980,
-118.2156422,34.08851624,30659,8830396,2019,2019-03-27T00:00:00.000Z,1942,2019-02-07T00:00:00.000Z,1640,37451,1178,4,5,7,1942,0,0,0,K,0,4A59,FIGUEROA ST,AMABEL ST,0,,Y,A,-,N,,0,0,,,0,,,,Y,4,0,2,3,A,-,4,21703,,N,C,C,A,A,H,-,A,A,0,,,,,Y,,A,1,0,0,2,0,0,0,0,0,0,- ,- ,0,0,1800,2,LOS ANGELES,LOS ANGELES,CA,-118.2156422,34.08851624,"FIGUEROA ST & AMABEL ST, LOS ANGELES, CA",FIGUEROA ST,AMABEL ST,100593,
-118.2565221,34.01014328,30660,8830400,2019,2019-04-17T00:00:00.000Z,1942,2019-02-15T00:00:00.000Z,1715,42715,1343,5,5,7,1942,0,0,0,M,0,13X94,CENTRAL AV,40TH PL,0,,Y,A,-,N,,0,0,,,0,,,,N,4,0,1,2,A,-,8,22107,,N,A,C,A,A,H,-,A,D,0,,,,,Y,,-,- ,0,0,1,0,0,0,0,0,0,- ,- ,0,0,1800,2,LOS ANGELES,LOS ANGELES,CA,-118.2565221,34.01014328,"CENTRAL AVE & 40TH PL, LOS ANGELES, CA",CENTRAL AVE,40TH PL,138400,
-118.4379122,34.04021454,30661,8830410,2019,2019-03-29T00:00:00.000Z,1942,2019-02-07T00:00:00.000Z,1710,41671,882,4,5,7,1942,0,0,0,H,0,8A53,SEPULVEDA BL,OLYMPIC BL,0,,Y,A,-,N,,0,0,,,0,,,,N,0,0,0,2,A,-,9,21801,A,M,B,C,A,A,H,-,A,A,0,,,,,Y,,-,99,0,0,0,0,0,0,0,0,0,- ,- ,0,0,1800,2,LOS ANGELES,LOS ANGELES,CA,-118.4379122,34.04021454,"SEPULVEDA BLVD & OLYMPIC BLVD, LOS ANGELES, CA",SEPULVEDA BLVD,OLYMPIC BLVD,149877,
-118.2739421,33.98332596,30662,8830445,2019,2019-03-27T00:00:00.000Z,1942,2019-02-07T00:00:00.000Z,1625,39346,1383,4,5,7,1942,0,0,0,M,0,13X71,MAIN ST,62ND ST,0,,Y,A,-,N,,0,0,,,0,,,,,0,0,0,3,A,-,9,21801,A,M,D,C,A,A,H,-,A,D,0,,,,,Y,,A,1,0,0,0,0,0,0,0,0,0,- ,- ,0,0,1800,2,LOS ANGELES,LOS ANGELES,CA,-118.2739421,33.98332596,"MAIN ST & 62ND ST, LOS ANGELES, CA",MAIN ST,62ND ST,131159,
-118.4529022,33.99404526,30663,8830446,2019,2019-03-29T00:00:00.000Z,1942,2019-02-24T00:00:00.000Z,1620,40610,1432,7,5,7,1942,0,0,0,N,0,14A58,LINCOLN BL,VENICE BL,0,,Y,A,-,N,,0,0,,,0,,,,N,0,0,0,3,A,-,4,21703,,M,C,C,A,A,H,-,A,A,0,,,,,Y,,-,99,0,0,0,0,0,0,0,0,0,- ,- ,0,0,1800,2,LOS ANGELES,LOS ANGELES,CA,-118.4529022,33.99404526,"LINCOLN BLVD & VENICE BLVD, LOS ANGELES, CA",LINCOLN BLVD,VENICE BLVD,103715,
-118.2926822,34.05265427,30664,8830450,2019,2019-03-29T00:00:00.000Z,1942,2019-02-26T00:00:00.000Z,1640,42560,OLYMP,2,5,7,1942,0,0,0,,0,20042,NEW HAMPSHIRE,OLYMPIC BL,10,W,N,A,-,N,,0,0,,,0,,,,N,0,0,0,2,A,-,8,22101,,N,H,C,A,A,H,-,A,A,0,,,,,Y,,-,99,0,0,0,0,0,0,0,0,0,- ,- ,0,0,1800,2,LOS ANGELES,LOS ANGELES,CA,-118.2926822,34.05265427,"NEW HAMPSHIRE AVE & OLYMPIC BLVD, LOS ANGELES, CA",NEW HAMPSHIRE AVE,OLYMPIC BLVD,117462,
-118.2104321,34.01869583,30665,8830453,2019,2019-04-17T00:00:00.000Z,1942,2019-02-22T00:00:00.000Z,1650,41487,,5,5,7,1942,0,0,0,,0,4A15,GRANDE VISTA,MINES AV,0,,Y,A,-,N,,0,0,,,0,,,,N,0,0,0,2,A,-,21,22106,,M,H,C,A,A,-,-,A,D,0,,,,,Y,Y,-,99,0,0,0,0,0,0,0,0,0,- ,- ,0,0,1800,2,LOS ANGELES,LOS ANGELES,CA,-118.2104321,34.01869583,"GRANDE VISTA AVE & MINES AVE, LOS ANGELES, CA",GRANDE VISTA AVE,MINES AVE,106937,
-118.3675821,34.04757309,30666,8830528,2019,2019-03-27T00:00:00.000Z,1942,2019-02-15T00:00:00.000Z,1518,41179,763,5,5,7,1942,0,0,0,G,0,7A53,S FAIRFAX AV,PICKFORD ST,0,,Y,C,-,N,,0,0,,,0,,,,N,0,0,0,2,A,-,5,21460,C,M,B,C,A,B,H,-,A,A,0,,,,,Y,,-,99,0,0,0,0,0,0,0,0,0,- ,- ,0,0,1800,2,LOS ANGELES,LOS ANGELES,CA,-118.3675821,34.04757309,"FAIRFAX AVE & PICKFORD ST, LOS ANGELES, CA",FAIRFAX AVE,PICKFORD ST,124474,
-118.4814822,34.18663406,30667,8830970,2019,2019-03-28T00:00:00.000Z,1942,2019-02-28T00:00:00.000Z,1610,26319,1049,4,5,7,1942,0,0,0,J,0,10A17,VICTORY BL,GAVIOTA AV,0,,Y,A,-,N,,0,0,,,0,,,,Y,3,0,3,3,A,-,9,21801,A,N,B,C,A,A,H,-,A,D,0,,,,,Y,,A,1,0,1,2,0,0,0,0,0,0,- ,- ,0,0,1800,2,LOS ANGELES,LOS ANGELES,CA,-118.4814822,34.18663406,"VICTORY BLVD & GAVIOTA AVE, LOS ANGELES, CA",VICTORY BLVD,GAVIOTA AVE,139910,
-118.5011122,34.1938858,30668,8830974,2019,2019-03-28T00:00:00.000Z,1942,2019-02-28T00:00:00.000Z,1500,36678,1027,4,5,7,1942,0,0,0,J,0,10A17,BALBOA BL,VANOWEN ST,0,,Y,B,-,N,,0,0,,,0,,,,Y,4,0,1,2,A,-,9,21801,A,N,D,C,A,A,H,-,A,A,0,,,,,Y,,A,1,0,0,1,0,0,0,0,0,0,- ,- ,0,0,1800,2,LOS ANGELES,LOS ANGELES,CA,-118.5011122,34.1938858,"BALBOA BLVD & VANOWEN ST, LOS ANGELES, CA",BALBOA BLVD,VANOWEN ST,133372,
-118.2811722,34.03850555,30669,8831420,2019,2019-04-10T00:00:00.000Z,1942,2019-02-20T00:00:00.000Z,1730,42809,299,3,5,7,1942,0,0,0,B,0,2A68,WASHINGTON BL,UNION AV,0,,Y,C,-,N,,0,0,,,0,,,,Y,4,0,2,3,A,-,9,21801,,N,D,C,A,B,H,-,C,A,0,,,,,Y,,-,,0,0,2,0,0,0,0,0,0,- ,- ,0,0,1800,2,LOS ANGELES,LOS ANGELES,CA,-118.2811722,34.03850555,"WASHINGTON BLVD & UNION AVE, LOS ANGELES, CA",WASHINGTON BLVD,UNION AVE,107041,
-118.3343621,34.06492615,30670,8831707,2019,2019-04-15T00:00:00.000Z,1942,2019-02-12T00:00:00.000Z,1715,40452,738,2,5,7,1942,0,0,0,G,0,7A17,W 6TH ST,S JUNE ST,0,,Y,A,-,N,,0,0,,,0,,,,Y,4,0,3,3,A,-,8,22101,D,N,D,C,A,A,H,-,B,A,0,,,,,Y,,A,7,0,0,3,0,0,0,0,0,0,- ,- ,0,0,1800,2,LOS ANGELES,LOS ANGELES,CA,-118.3343621,34.06492615,"6TH ST & JUNE ST, LOS ANGELES, CA",6TH ST,JUNE ST,121841,
-118.3386021,34.08526611,30671,8831899,2019,2019-05-03T00:00:00.000Z,1942,2019-02-08T00:00:00.000Z,1535,38479,706,5,5,7,1942,0,0,0,G,0,7A85-W,HIGHLAND AV,WARING AV,0,,Y,B,-,N,,0,0,,,0,,,,Y,3,0,3,3,A,-,9,21802,A,N,D,C,A,A,H,-,A,A,0,,,,,Y,,A,1,0,3,0,0,0,0,0,0,0,- ,- ,0,0,1800,2,LOS ANGELES,LOS ANGELES,CA,-118.3386021,34.08526611,"HIGHLAND AVE & WARING AVE, LOS ANGELES, CA",HIGHLAND AVE,WARING AVE,132383,
-118.2774821,34.06846619,30673,8832567,2019,2019-04-12T00:00:00.000Z,1942,2019-02-12T00:00:00.000Z,1525,42412,233,2,5,7,1942,0,0,0,B,0,8A39,RAMPART BL,2ND ST,0,,Y,A,-,N,,0,0,,,0,,,,N,4,0,1,2,A,-,8,22103,,N,B,C,A,A,H,-,A,D,0,,,,,Y,,A,1,0,0,1,0,0,0,0,0,0,- ,- ,0,0,1800,2,LOS ANGELES,LOS ANGELES,CA,-118.2774821,34.06846619,"RAMPART BLVD & 2ND ST, LOS ANGELES, CA",RAMPART BLVD,2ND ST,149743,
-118.1842221,34.08612442,30674,8832611,2019,2019-04-12T00:00:00.000Z,1942,2019-02-22T00:00:00.000Z,1715,34426,407,5,5,7,1942,0,0,0,D,0,4A3,HUNTINGTON DR,COLLIS AV,0,,Y,A,-,N,,0,0,,,0,,,,Y,4,0,5,2,A,-,9,21801,A,N,D,C,A,A,H,-,A,A,0,,,,,Y,,A,7,0,0,5,0,0,0,0,0,0,- ,- ,0,0,1800,2,LOS ANGELES,LOS ANGELES,CA,-118.1842221,34.08612442,"HUNTINGTON DR & COLLIS AVE, LOS ANGELES, CA",HUNTINGTON DR,COLLIS AVE,140877,
-118.3425321,34.09797669,30675,8833057,2019,2019-04-11T00:00:00.000Z,1942,2019-02-23T00:00:00.000Z,1530,42137,LOS A,6,5,7,1942,0,0,0,,0,6A31,SUNSET BL,SYCAMORE AV,0,,Y,A,-,N,,0,0,,,0,,,,Y,4,0,1,2,A,-,9,21801,,N,D,C,A,A,H,-,A,D,0,,,,,Y,,A,1,0,0,1,0,0,0,0,0,0,- ,- ,0,0,1800,2,LOS ANGELES,LOS ANGELES,CA,-118.3425321,34.09797668,"SUNSET BLVD & SYCAMORE AVE, LOS ANGELES, CA",SUNSET BLVD,SYCAMORE AVE,149851,
-118.2663372,34.03572083,30676,8833666,2019,2019-04-19T00:00:00.000Z,1942,2019-02-19T00:00:00.000Z,1530,41484,192,2,5,7,1942,0,0,0,A,0,1A84,VENICE BL,GRAND AV,9,E,N,A,-,N,,0,0,,,0,,,,N,4,0,1,2,A,-,10,21950,A,N,G,B,B,A,H,-,A,A,0,Y,,,,Y,,D,22,0,0,1,0,1,0,0,0,0,- ,- ,0,0,1800,2,LOS ANGELES,LOS ANGELES,CA,-118.2663372,34.03572083,"VENICE BLVD & GRAND AVE, LOS ANGELES, CA",VENICE BLVD,GRAND AVE,96469,
-118.2679621,34.06560516,30677,8833846,2019,2019-04-09T00:00:00.000Z,1942,2019-02-13T00:00:00.000Z,1640,34595,236,3,5,7,1942,0,0,0,B,0,2A17,BEVERLY BL,BONNIE BRAE,0,,N,A,-,N,,0,0,,,0,,,,N,0,0,0,2,A,-,8,22107,,M,B,C,A,A,H,-,A,-,0,,,,,Y,,-,- ,0,0,0,0,0,0,0,0,0,- ,- ,0,0,1800,2,LOS ANGELES,LOS ANGELES,CA,-118.2679621,34.06560516,"BEVERLY BLVD & BONNIE BRAE ST, LOS ANGELES, CA",BEVERLY BLVD,BONNIE BRAE ST,128958,
-118.2162969,34.07880402,30678,8833858,2019,2019-04-09T00:00:00.000Z,1942,2019-02-22T00:00:00.000Z,1620,37554,412,5,5,7,1942,0,0,0,D,0,4A15,AVENUE 27,BARRANCA ST,300,S,N,A,-,N,,0,0,,,0,,,,N,0,0,0,2,A,-,3,22350,,M,B,E,A,A,H,-,A,A,0,,,,,Y,,-,99,0,0,0,0,0,0,0,0,0,- ,- ,0,0,1800,2,LOS ANGELES,LOS ANGELES,CA,-118.2162969,34.07880402,"AVE 27 & BARRANCA ST, LOS ANGELES, CA",AVE 27,BARRANCA ST,97205,
-118.3373121,34.05700302,30679,8833990,2019,2019-04-05T00:00:00.000Z,1942,2019-02-23T00:00:00.000Z,1652,39449,747,6,5,7,1942,0,0,0,G,0,7U2,OLYMPIC BL,TREMAINE AV,0,,Y,A,-,N,,0,0,,,0,,,,N,0,0,0,3,A,-,9,21802,A,N,C,C,A,A,H,-,A,D,0,,,,,Y,,A,1,0,0,0,0,0,0,0,0,0,- ,- ,0,0,1800,2,LOS ANGELES,LOS ANGELES,CA,-118.3373121,34.05700302,"OLYMPIC BLVD & TREMAINE AVE, LOS ANGELES, CA",OLYMPIC BLVD,TREMAINE AVE,110453,
-118.3586521,34.04394531,30680,8834261,2019,2019-04-12T00:00:00.000Z,1942,2019-02-19T00:00:00.000Z,1630,42656,773,2,5,7,1942,0,0,0,G,0,7A73,HAUSER BL,VENICE BL,0,,Y,A,-,N,,0,0,,,0,,,,Y,4,0,1,2,A,-,9,21801,A,N,D,C,A,A,H,-,A,A,0,,,,,Y,,A,1,0,0,1,0,0,0,0,0,0,- ,- ,0,0,1800,2,LOS ANGELES,LOS ANGELES,CA,-118.3586521,34.04394531,"HAUSER BLVD & VENICE BLVD, LOS ANGELES, CA",HAUSER BLVD,VENICE BLVD,142047,
-118.3362621,34.08345413,30681,8834273,2019,2019-04-12T00:00:00.000Z,1942,2019-02-21T00:00:00.000Z,1645,41179,706,4,5,7,1942,0,0,0,G,0,7A17,N LAS PALMAS AV,MELROSE AV,0,,Y,A,-,N,,0,0,,,0,,,,N,3,0,2,2,A,-,9,21802,A,N,D,C,A,A,H,-,A,A,0,,,Y,,Y,,A,7,0,1,1,0,0,0,0,0,1,- ,- ,0,0,1800,2,LOS ANGELES,LOS ANGELES,CA,-118.3362621,34.08345413,"LAS PALMAS AVE & MELROSE AVE, LOS ANGELES, CA",LAS PALMAS AVE,MELROSE AVE,100561,
-118.3677821,34.03529358,30682,8835239,2019,2019-04-09T00:00:00.000Z,1942,2019-02-23T00:00:00.000Z,1620,42788,782,6,5,7,1942,0,0,0,G,0,7A22,WASHINGTON BL,ELECTRIC DR,0,,Y,A,-,N,,0,0,,,0,,,,Y,4,0,1,2,A,-,12,21453,A,N,D,C,A,A,H,-,A,A,0,,,,,Y,,A,1,0,0,1,0,0,0,0,0,0,- ,- ,0,0,1800,2,LOS ANGELES,LOS ANGELES,CA,-118.3677821,34.03529358,"WASHINGTON BLVD & ELECTRIC DR, LOS ANGELES, CA",WASHINGTON BLVD,ELECTRIC DR,119853,
-118.3213121,34.04354477,30683,8835243,2019,2019-04-09T00:00:00.000Z,1942,2019-02-23T00:00:00.000Z,1750,42788,779,6,5,7,1942,0,0,0,,0,7A22,VENICE BL,4TH AV,0,,Y,A,-,N,,0,0,,,0,,,,N,3,0,3,2,A,-,9,21801,A,N,D,C,A,A,H,-,C,A,0,,,,,Y,,A,1,0,2,1,0,0,0,0,0,0,- ,- ,0,0,1800,2,LOS ANGELES,LOS ANGELES,CA,-118.3213121,34.04354477,"VENICE BLVD & 4TH AVE, LOS ANGELES, CA",VENICE BLVD,4TH AVE,149170,
-118.4016516,34.12055206,30684,8835274,2019,2019-04-09T00:00:00.000Z,1942,2019-02-09T00:00:00.000Z,1735,37700,809,6,5,7,1942,0,0,0,H,0,8A29,COLDWATER CANYON DR,HIDDEN VALLEY DR,20,S,N,A,-,N,,0,0,,,0,,,,Y,4,0,1,2,A,-,4,21703,,N,C,C,A,A,H,-,C,D,0,,,,,Y,,A,1,0,0,1,0,0,0,0,0,0,- ,- ,0,0,1800,2,LOS ANGELES,LOS ANGELES,CA,-118.4016516,34.12055206,"COLDWATER CANYON DR & HIDDEN VALLEY RD, LOS ANGELES, CA",COLDWATER CANYON DR,HIDDEN VALLEY RD,100549,
-118.2843804,34.04727554,30685,8835303,2019,2019-04-26T00:00:00.000Z,1942,2019-02-24T00:00:00.000Z,1530,34440,2079,7,5,7,1942,0,0,0,,0,20A34,PICO BL,HOOVER ST,45,W,N,A,-,N,,0,0,,,0,,,,N,0,0,0,2,A,-,1,23152,,M,B,C,A,A,H,-,A,D,0,,,,,Y,Y,D,22,0,0,0,0,0,0,0,0,0,- ,- ,0,0,1800,2,LOS ANGELES,LOS ANGELES,CA,-118.2843804,34.04727554,"PICO BLVD & HOOVER ST, LOS ANGELES, CA",PICO BLVD,HOOVER ST,114027,