X,Y,OBJECTID,case_id,accident_year,proc_date,juris,collision_date,collision_time,officer_id,reporting_district,day_of_week,chp_shift,population,cnty_city_loc,special_cond,beat_type,chp_beat_type,city_division_lapd,chp_beat_class,beat_number,primary_rd,secondary_rd,distance,direction,intersection,weather_1,weather_2,state_hwy_ind,caltrans_county,caltrans_district,state_route,route_suffix,postmile_prefix,postmile,location_type,ramp_intersection,side_of_hwy,tow_away,collision_severity,number_killed,number_injured,party_count,primary_coll_factor,pcf_code_of_viol,pcf_viol_category,pcf_violation,pcf_viol_subsection,hit_and_run,type_of_collision,mviw,ped_action,road_surface,road_cond_1,road_cond_2,lighting,control_device,chp_road_type,pedestrian_accident,bicycle_accident,motorcycle_accident,truck_accident,not_private_property,alcohol_involved,stwd_vehtype_at_fault,chp_vehtype_at_fault,count_severe_inj,count_visible_inj,count_complaint_pain,count_ped_killed,count_ped_injured,count_bicyclist_killed,count_bicyclist_injured,count_mc_killed,count_mc_injured,primary_ramp,secondary_ramp,latitude,longitude,timecat,month_,city,county,state,point_x,point_y,match_addr,m_primaryrd,m_secondrd,int_id,Flag
-118.2651921,33.92917633,30822,8804556,2019,2019-03-06T00:00:00.000Z,1942,2019-02-22T00:00:00.000Z,1841,43613,1863,5,5,7,1942,0,0,0,R,0,,AVALON,116TH ST,0,,Y,A,-,N,,0,0,,,0,,,,N,4,0,1,2,A,-,10,21950,A,F,G,B,D,A,H,-,C,D,0,Y,,,,Y,,-,99,0,0,1,0,1,0,0,0,0,- ,- ,0,0,2100,2,LOS ANGELES,LOS ANGELES,CA,-118.2651921,33.92917633,"AVALON BLVD & 116TH ST, LOS ANGELES, CA",AVALON BLVD,116TH ST,148932,
-118.290132,33.90189362,30823,8804560,2019,2019-03-06T00:00:00.000Z,1942,2019-02-22T00:00:00.000Z,1810,43005,1871,5,5,7,1942,0,0,0,R,0,18X96,ROSECRANS,VERMONT,450,E,N,A,-,N,,0,0,,,0,,,,N,4,0,1,2,A,-,3,22350,,F,C,C,A,A,H,-,C,A,0,,,,,Y,Y,-,99,0,0,1,0,0,0,0,0,0,- ,- ,0,0,2100,2,LOS ANGELES,LOS ANGELES,CA,-118.290132,33.90189362,"ROSECRANS AVE & VERMONT AVE, LOS ANGELES, CA",ROSECRANS AVE,VERMONT AVE,116625,
-118.2992421,33.84195328,30824,8804580,2019,2019-03-06T00:00:00.000Z,1942,2019-02-21T00:00:00.000Z,1900,41844,504,4,5,7,1942,0,0,0,,0,5A1,NORMANDIE AV,TORRANCE BL,0,,Y,A,-,N,,0,0,,,0,,,,N,2,0,1,2,A,-,9,21801,A,N,D,G,A,A,H,-,C,A,0,,Y,,,Y,Y,L,4,1,0,0,0,0,0,1,0,0,- ,- ,0,0,2100,2,LOS ANGELES,LOS ANGELES,CA,-118.2992421,33.84195328,"NORMANDIE AVE & TORRANCE BLVD, LOS ANGELES, CA",NORMANDIE AVE,TORRANCE BLVD,103186,
-118.2947033,33.99321365,30825,8804623,2019,2019-04-30T00:00:00.000Z,1942,2019-02-20T00:00:00.000Z,1815,39299,1215,3,5,7,1942,0,0,0,L,0,12A15,54TH ST,BUDLONG AV,355,E,N,B,-,N,,0,0,,,0,,,,N,1,1,0,2,A,-,11,21955,,F,G,B,D,B,H,-,C,D,0,Y,,,,Y,,N,60,0,0,0,1,0,0,0,0,0,- ,- ,0,0,2100,2,LOS ANGELES,LOS ANGELES,CA,-118.2947033,33.99321365,"54TH ST & BUDLONG AVE, LOS ANGELES, CA",54TH ST,BUDLONG AVE,113563,
-118.4718922,34.24280548,30826,8804731,2019,2019-03-12T00:00:00.000Z,1942,2019-02-24T00:00:00.000Z,1930,33504,1961,7,5,7,1942,0,0,0,,0,19A61,PLUMMER ST,ORION AV,0,,Y,A,-,N,,0,0,,,0,,,,Y,3,0,5,2,A,-,9,21802,A,N,D,C,A,A,H,-,C,A,0,,,,,Y,,A,7,0,1,4,0,0,0,0,0,0,- ,- ,0,0,2100,2,LOS ANGELES,LOS ANGELES,CA,-118.4718922,34.24280548,"PLUMMER ST & ORION AVE, LOS ANGELES, CA",PLUMMER ST,ORION AVE,133094,
-118.4542702,34.26042938,30827,8804771,2019,2019-03-18T00:00:00.000Z,1942,2019-02-10T00:00:00.000Z,1810,34264,,7,5,7,1942,0,0,0,,0,16A89,WOODMAN AV,SAN JOSE ST,150,S,N,A,-,N,,0,0,,,0,,,,Y,0,0,0,3,A,-,7,21658,A,M,C,E,A,A,H,-,C,D,0,,,,,Y,,-,99,0,0,0,0,0,0,0,0,0,- ,- ,0,0,2100,2,LOS ANGELES,LOS ANGELES,CA,-118.4542702,34.26042938,"WOODMAN AVE & SAN JOSE ST, LOS ANGELES, CA",WOODMAN AVE,SAN JOSE ST,151045,
-118.4051054,34.27843857,30828,8804784,2019,2019-03-12T00:00:00.000Z,1942,2019-02-23T00:00:00.000Z,1830,42251,1613,6,5,7,1942,0,0,0,P,0,16A23,DRONFIELD AV,VAN NUYS BL,17,E,N,A,-,N,,0,0,,,0,,,,Y,3,0,2,4,A,-,1,23152,A,F,D,C,A,A,H,-,C,A,0,,,,,Y,Y,A,8,0,1,1,0,0,0,0,0,0,- ,- ,0,0,2100,2,LOS ANGELES,LOS ANGELES,CA,-118.4051054,34.27843857,"DRONFIELD AVE & VAN NUYS BLVD, LOS ANGELES, CA",DRONFIELD AVE,VAN NUYS BLVD,147630,
-118.2784021,33.9455452,30829,8804785,2019,2019-03-08T00:00:00.000Z,1942,2019-02-15T00:00:00.000Z,2000,42780,1822,5,5,7,1942,0,0,0,R,0,1.80E+16,BROADWAY,CENTURY,0,,Y,C,-,N,,0,0,,,0,,,,N,0,0,0,2,A,-,3,22350,,M,B,C,A,B,H,-,C,A,0,,,,,Y,,-,99,0,0,0,0,0,0,0,0,0,- ,- ,0,0,2100,2,LOS ANGELES,LOS ANGELES,CA,-118.2784021,33.9455452,"BROADWAY & CENTURY BLVD, LOS ANGELES, CA",BROADWAY,CENTURY BLVD,105733,
-118.5966303,34.16768265,30830,8805201,2019,2019-02-27T00:00:00.000Z,1942,2019-02-12T00:00:00.000Z,2020,42565,2187,2,5,7,1942,0,0,0,,0,21A97,VENTURA BL,CANOGA AV,256,E,N,A,-,N,,0,0,,,0,,,,N,0,0,0,2,A,-,21,22106,,M,H,E,A,A,H,-,C,D,0,,,,,Y,,-,99,0,0,0,0,0,0,0,0,0,- ,- ,0,0,2100,2,LOS ANGELES,LOS ANGELES,CA,-118.5966303,34.16768265,"VENTURA BLVD & CANOGA AVE, LOS ANGELES, CA",VENTURA BLVD,CANOGA AVE,143219,
-118.5965516,34.20828629,30831,8805213,2019,2019-02-27T00:00:00.000Z,1942,2019-02-10T00:00:00.000Z,1910,42296,2136,7,5,7,1942,0,0,0,,0,21A5,SATICOY ST,CANOGA AV,300,E,N,A,-,N,,0,0,,,0,,,,N,0,0,0,2,A,-,7,21658,A,M,B,C,A,A,H,-,C,A,0,,,,,Y,,-,99,0,0,0,0,0,0,0,0,0,- ,- ,0,0,2100,2,LOS ANGELES,LOS ANGELES,CA,-118.5965516,34.20828629,"SATICOY ST & CANOGA AVE, LOS ANGELES, CA",SATICOY ST,CANOGA AVE,143570,
-118.3203821,34.01081085,30832,8806093,2019,2019-02-25T00:00:00.000Z,1942,2019-02-08T00:00:00.000Z,1825,41072,374,5,5,7,1942,0,0,0,C,0,3A73,3RD AV,MARTIN LUTHER KING BL,10,N,N,A,-,N,,0,0,,,0,,,,N,0,0,0,2,A,-,21,22106,,M,C,C,A,A,H,-,C,B,0,,,,,Y,,-,99,0,0,0,0,0,0,0,0,0,- ,- ,0,0,2100,2,LOS ANGELES,LOS ANGELES,CA,-118.3203821,34.01081085,"3RD AVE & MARTIN LUTHER KING JR BLVD, LOS ANGELES, CA",3RD AVE,MARTIN LUTHER KING JR BLVD,99170,
-118.3712733,34.02505493,30833,8806105,2019,2019-02-25T00:00:00.000Z,1942,2019-02-04T00:00:00.000Z,1920,43561,321,1,5,7,1942,0,0,0,C,0,5A63,CORBET ST,LA CIENEGA,300,E,N,C,-,N,,0,0,,,0,,,,N,0,0,0,2,A,-,3,22350,,M,C,C,A,B,H,-,C,D,0,,,,,Y,,A,1,0,0,0,0,0,0,0,0,0,- ,- ,0,0,2100,2,LOS ANGELES,LOS ANGELES,CA,-118.3712733,34.02505493,"CORBETT ST & LA CIENEGA BLVD, LOS ANGELES, CA",CORBETT ST,LA CIENEGA BLVD,117348,
-118.2826121,33.9309845,30834,8806117,2019,2019-02-25T00:00:00.000Z,1942,2019-02-05T00:00:00.000Z,2035,43541,1841,2,5,7,1942,0,0,0,R,0,18A41,FIGUEROA ST,IMPERIAL HWY,0,,Y,A,-,N,,0,0,,,0,,,,N,0,0,0,3,A,-,9,21801,A,N,D,D,A,A,H,-,C,A,0,,,,,Y,,A,1,0,0,0,0,0,0,0,0,0,- ,- ,0,0,2100,2,LOS ANGELES,LOS ANGELES,CA,-118.2826121,33.9309845,"FIGUEROA ST & IMPERIAL HWY, LOS ANGELES, CA",FIGUEROA ST,IMPERIAL HWY,141889,
-118.2652121,33.92569351,30835,8806121,2019,2019-02-25T00:00:00.000Z,1942,2019-02-05T00:00:00.000Z,1940,42728,1863,2,5,7,1942,0,0,0,R,0,18A63,AVALON BL,118TH PL,50,N,N,A,-,N,,0,0,,,0,,,,Y,0,0,0,2,A,-,8,22107,,M,B,E,A,A,H,-,C,D,0,,,,,Y,,A,1,0,0,0,0,0,0,0,0,0,- ,- ,0,0,2100,2,LOS ANGELES,LOS ANGELES,CA,-118.2652121,33.92569351,"AVALON BLVD & 118TH PL, LOS ANGELES, CA",AVALON BLVD,118TH PL,110190,
-118.3417121,34.03244782,30836,8806570,2019,2019-03-04T00:00:00.000Z,1942,2019-02-12T00:00:00.000Z,2015,35393,332,2,5,7,1942,0,0,0,C,0,3A31,WEST BL,ADAMS BL,35,S,N,A,-,N,,0,0,,,0,,,,Y,0,0,0,2,A,-,1,23152,A,N,D,C,A,A,H,-,C,D,0,,,,,Y,Y,A,7,0,0,0,0,0,0,0,0,0,- ,- ,0,0,2100,2,LOS ANGELES,LOS ANGELES,CA,-118.3417121,34.03244781,"WEST BLVD & ADAMS BLVD, LOS ANGELES, CA",WEST BLVD,ADAMS BLVD,138570,
-118.3003121,33.9745903,30837,8806574,2019,2019-03-04T00:00:00.000Z,1942,2019-02-11T00:00:00.000Z,1845,39898,1255,1,5,7,1942,0,0,0,L,0,12A,NORMANDIE AV,FLORENCE AV,6,N,N,A,-,N,,0,0,,,0,,,,Y,0,0,0,2,A,-,8,22107,,M,A,D,A,A,H,-,C,A,0,,,,,Y,,A,1,0,0,0,0,0,0,0,0,0,- ,- ,0,0,2100,2,LOS ANGELES,LOS ANGELES,CA,-118.3003121,33.9745903,"NORMANDIE AVE & FLORENCE AVE, LOS ANGELES, CA",NORMANDIE AVE,FLORENCE AVE,145253,
-118.3043321,34.04358673,30838,8806577,2019,2019-02-28T00:00:00.000Z,1942,2019-02-07T00:00:00.000Z,1845,43405,2074,4,5,7,1942,0,0,0,,0,20A34,VENICE BL,HARVARD BL,0,,Y,A,-,N,,0,0,,,0,,,,N,4,0,1,2,A,-,5,21650,,N,A,G,A,A,H,-,C,A,0,,Y,,,Y,,L,4,0,0,1,0,0,0,1,0,0,- ,- ,0,0,2100,2,LOS ANGELES,LOS ANGELES,CA,-118.3043321,34.04358673,"VENICE BLVD & HARVARD BLVD, LOS ANGELES, CA",VENICE BLVD,HARVARD BLVD,103448,
-118.3034021,33.7327385,30839,8806588,2019,2019-02-28T00:00:00.000Z,1942,2019-02-10T00:00:00.000Z,1930,41747,562,7,5,7,1942,0,0,0,E,0,5A55,S WALKER AV,13TH ST,100,N,N,A,-,N,,0,0,,,0,,,,Y,0,0,0,2,A,-,3,22350,,M,D,E,A,A,H,-,C,D,0,,,,,Y,,-,99,0,0,0,0,0,0,0,0,0,- ,- ,0,0,2100,2,LOS ANGELES,LOS ANGELES,CA,-118.3034021,33.73273849,"WALKER AVE & 13TH ST, LOS ANGELES, CA",WALKER AVE,13TH ST,104063,
-118.4323508,34.03736115,30840,8806597,2019,2019-02-28T00:00:00.000Z,1942,2019-02-12T00:00:00.000Z,1800,43432,PACIF,2,5,7,1942,0,0,0,,0,14A28,MILITARY AV,AYRES AV,30,N,N,A,B,N,,0,0,,,0,,,,N,2,0,1,2,A,-,11,21954,A,F,G,B,D,A,H,-,D,D,0,Y,,,,Y,,-,99,1,0,0,0,1,0,0,0,0,- ,- ,0,0,2100,2,LOS ANGELES,LOS ANGELES,CA,-118.4323508,34.03736115,"MILITARY AVE & AYRES AVE, LOS ANGELES, CA",MILITARY AVE,AYRES AVE,121838,
-118.4323359,34.00203705,30841,8806601,2019,2019-02-28T00:00:00.000Z,1942,2019-02-07T00:00:00.000Z,1903,42451,1446,4,5,7,1942,0,0,0,N,0,14A49,CENTINELA AV,MATTESON AV,38,S,N,A,-,N,,0,0,,,0,,,,N,2,0,1,2,A,-,11,21954,A,F,G,B,D,A,H,-,C,D,0,Y,,,,Y,,N,60,1,0,0,0,1,0,0,0,0,- ,- ,0,0,2100,2,LOS ANGELES,LOS ANGELES,CA,-118.4323359,34.00203705,"CENTINELA AVE & MATTESON AVE, LOS ANGELES, CA",CENTINELA AVE,MATTESON AVE,96964,
-118.2628734,33.97024536,30842,8806612,2019,2019-02-28T00:00:00.000Z,1942,2019-02-08T00:00:00.000Z,1820,42498,1259,5,5,7,1942,0,0,0,L,0,12A53,76TH PL,STANFORD,30,E,N,A,-,N,,0,0,,,0,,,,N,0,0,0,4,A,-,3,22350,,M,B,E,A,A,H,-,A,D,0,,,,,Y,,-,99,0,0,0,0,0,0,0,0,0,- ,- ,0,0,2100,2,LOS ANGELES,LOS ANGELES,CA,-118.2628734,33.97024536,"76TH PL & STANFORD AVE, LOS ANGELES, CA",76TH PL,STANFORD AVE,134549,
-118.2695363,33.9317131,30843,8806614,2019,2019-03-05T00:00:00.000Z,1942,2019-02-15T00:00:00.000Z,1800,42989,1863,5,5,7,1942,0,0,0,R,0,18S44,SAN PEDRO ST,IMPERIAL HWY,175,N,N,C,-,N,,0,0,,,0,,,,N,0,0,0,2,A,-,4,21703,,M,C,C,A,B,H,-,C,A,0,,,,,Y,,-,99,0,0,0,0,0,0,0,0,0,- ,- ,0,0,2100,2,LOS ANGELES,LOS ANGELES,CA,-118.2695363,33.9317131,"SAN PEDRO ST & IMPERIAL HWY, LOS ANGELES, CA",SAN PEDRO ST,IMPERIAL HWY,144163,
-118.2651921,33.93009567,30844,8806622,2019,2019-02-28T00:00:00.000Z,1942,2019-02-11T00:00:00.000Z,1821,42358,1863,1,5,7,1942,0,0,0,R,0,1844,AVALON,115TH ST,0,,N,A,-,N,,0,0,,,0,,,,Y,0,0,0,2,A,-,12,21453,A,N,D,C,A,A,-,-,C,A,0,,,,,Y,,A,1,0,0,0,0,0,0,0,0,0,- ,- ,0,0,2100,2,LOS ANGELES,LOS ANGELES,CA,-118.2651921,33.93009567,"AVALON BLVD & 115TH ST, LOS ANGELES, CA",AVALON BLVD,115TH ST,113775,
-118.2891834,33.93095779,30845,8806630,2019,2019-03-05T00:00:00.000Z,1942,2019-02-08T00:00:00.000Z,2000,43262,1864,5,5,7,1942,0,0,0,R,0,1.80E+07,IMPERIAL HWY,MENLO AV,30,E,N,A,-,N,,0,0,,,0,,,,Y,0,0,0,3,A,-,3,22350,,M,B,E,A,A,H,-,C,D,0,,,,,Y,Y,A,1,0,0,0,0,0,0,0,0,0,- ,- ,0,0,2100,2,LOS ANGELES,LOS ANGELES,CA,-118.2891834,33.93095779,"IMPERIAL HWY & MENLO AVE, LOS ANGELES, CA",IMPERIAL HWY,MENLO AVE,134752,
-118.2915922,34.04000473,30846,8806640,2019,2019-02-28T00:00:00.000Z,1942,2019-02-09T00:00:00.000Z,1935,43174,2088,6,5,7,1942,0,0,0,,0,7A53-W,WEST WASHINGTON BL,S VERMONT AV,0,,Y,A,-,N,,0,0,,,0,,,,Y,0,0,0,2,A,-,12,21453,A,M,D,C,A,A,H,-,C,A,0,,,,,Y,,A,1,0,0,0,0,0,0,0,0,0,- ,- ,0,0,2100,2,LOS ANGELES,LOS ANGELES,CA,-118.2915922,34.04000473,"WASHINGTON BLVD & VERMONT AVE, LOS ANGELES, CA",WASHINGTON BLVD,VERMONT AVE,134976,
-118.2879621,33.7324028,30847,8806892,2019,2019-03-04T00:00:00.000Z,1942,2019-02-07T00:00:00.000Z,1905,39530+,566,4,5,7,1942,0,0,0,E,0,5XL6,PACIFIC AV,13TH ST,4,S,N,A,-,N,,0,0,,,0,,,,N,0,0,0,2,A,-,3,22350,,M,C,D,A,A,H,-,C,A,0,,,,,Y,,-,99,0,0,0,0,0,0,0,0,0,- ,- ,0,0,2100,2,LOS ANGELES,LOS ANGELES,CA,-118.2879621,33.7324028,"PACIFIC AVE & 13TH ST, LOS ANGELES, CA",PACIFIC AVE,13TH ST,135546,
-118.2753521,33.77781677,30848,8806916,2019,2019-03-04T00:00:00.000Z,1942,2019-02-18T00:00:00.000Z,1900,93925,522,1,5,7,1942,0,0,0,E,0,5A25W3,G ST,KING AV,0,,N,A,-,N,,0,0,,,0,,,,N,0,0,0,2,A,-,3,22350,,M,D,E,A,A,H,-,C,D,0,,,,,Y,,-,99,0,0,0,0,0,0,0,0,0,- ,- ,0,0,2100,2,LOS ANGELES,LOS ANGELES,CA,-118.2753521,33.77781677,"G ST & KING AVE, LOS ANGELES, CA",G ST,KING AVE,148901,
-118.3633875,34.21522522,30849,8806935,2019,2019-03-04T00:00:00.000Z,1942,2019-02-15T00:00:00.000Z,1910,37613,1698,5,5,7,1942,0,0,0,P,0,16A81,SAN FERNANDO RD,STRATHERN ST,320,S,N,C,-,N,,0,0,,,0,,,,Y,0,0,0,2,A,-,3,22350,,M,C,E,A,B,H,-,C,D,0,,,,,Y,,-,99,0,0,0,0,0,0,0,0,0,- ,- ,0,0,2100,2,LOS ANGELES,LOS ANGELES,CA,-118.3633875,34.21522522,"SAN FERNANDO RD & STRATHERN ST, LOS ANGELES, CA",SAN FERNANDO RD,STRATHERN ST,101044,
-118.2941622,34.05773544,30850,8806967,2019,2019-03-01T00:00:00.000Z,1942,2019-02-04T00:00:00.000Z,1800,43405,2046,1,5,7,1942,0,0,0,,0,20A88,8TH ST,BERENDO ST,0,,Y,B,C,N,,0,0,,,0,,,,N,0,0,0,2,A,-,21,22106,,M,H,C,A,B,H,-,C,D,0,,,,,Y,,-,99,0,0,0,0,0,0,0,0,0,- ,- ,0,0,2100,2,LOS ANGELES,LOS ANGELES,CA,-118.2941622,34.05773544,"8TH ST & BERENDO ST, LOS ANGELES, CA",8TH ST,BERENDO ST,131497,
-118.4535722,34.22826386,30851,8807093,2019,2019-03-06T00:00:00.000Z,1942,2019-02-13T00:00:00.000Z,1850,42618,LOS A,3,5,7,1942,0,0,0,,0,1985,PARTHENIA ST,CEDROS AV,0,,Y,C,-,N,,0,0,,,0,,,,N,4,0,1,2,A,-,12,22450,A,F,D,C,A,B,H,-,C,A,0,,,,,Y,,-,99,0,0,1,0,0,0,0,0,0,- ,- ,0,0,2100,2,LOS ANGELES,LOS ANGELES,CA,-118.4535722,34.22826385,"PARTHENIA ST & CEDROS AVE, LOS ANGELES, CA",PARTHENIA ST,CEDROS AVE,105670,
-118.2739121,33.92967606,30852,8806977,2019,2019-03-05T00:00:00.000Z,1942,2019-02-07T00:00:00.000Z,1940,42199,1861,4,5,7,1942,0,0,0,R,0,18248,MAIN,LANZIT,0,,Y,A,-,N,,0,0,,,0,,,,Y,0,0,0,3,A,-,9,21804,A,M,B,C,A,A,H,-,C,D,0,,,,,Y,,-,99,0,0,0,0,0,0,0,0,0,- ,- ,0,0,2100,2,LOS ANGELES,LOS ANGELES,CA,-118.2739121,33.92967606,"MAIN ST & LANZIT AVE,, CA",MAIN ST,LANZIT AVE,105735,
-118.2593921,34.03757477,30853,8807099,2019,2019-03-05T00:00:00.000Z,1942,2019-02-01T00:00:00.000Z,1915,42876,124,5,5,7,1942,0,0,0,A,0,1A1,12TH ST,MAIN ST,0,,Y,B,-,N,,0,0,,,0,,,,N,4,0,1,2,A,-,7,21658,A,N,D,C,A,B,H,-,C,A,0,,,,,Y,,A,1,0,0,1,0,0,0,0,0,0,- ,- ,0,0,2100,2,LOS ANGELES,LOS ANGELES,CA,-118.2593921,34.03757477,"12TH ST & MAIN ST, LOS ANGELES, CA",12TH ST,MAIN ST,110584,
-118.2652422,34.00159454,30854,8807100,2019,2019-03-04T00:00:00.000Z,1942,2019-02-05T00:00:00.000Z,2015,35230,1352,2,5,7,1942,0,0,0,M,0,13A61,E 46TH ST,AVALON BL,4,N,N,B,-,N,,0,0,,,0,,,,N,4,0,1,2,A,-,10,21950,A,F,G,B,B,A,H,-,C,A,0,Y,,,,Y,,-,99,0,0,1,0,1,0,0,0,0,- ,- ,0,0,2100,2,LOS ANGELES,LOS ANGELES,CA,-118.2652422,34.00159454,"46TH ST & AVALON BLVD, LOS ANGELES, CA",46TH ST,AVALON BLVD,99816,
-118.4144452,34.21985626,30855,8807113,2019,2019-03-06T00:00:00.000Z,1942,2019-02-11T00:00:00.000Z,1849,38183,1502,1,5,7,1942,0,0,0,O,0,15A21,CANTARA ST,COLDWATER CANYON AV,10,W,N,A,-,N,,0,0,,,0,,,,N,4,0,1,2,A,-,3,22350,,F,C,C,A,A,H,-,C,A,0,,,,,Y,,-,99,0,0,1,0,0,0,0,0,0,- ,- ,0,0,2100,2,LOS ANGELES,LOS ANGELES,CA,-118.4144452,34.21985626,"CANTARA ST & COLDWATER CANYON AVE, LOS ANGELES, CA",CANTARA ST,COLDWATER CANYON AVE,146937,
-118.2455422,34.0536232,30856,8807115,2019,2019-03-18T00:00:00.000Z,1942,2019-02-05T00:00:00.000Z,1915,38233,123,2,5,7,1942,0,0,0,A,0,1A1,N BROADWAY,W 1ST ST,0,,Y,A,-,N,,0,0,,,0,,,,Y,4,0,1,2,A,-,12,21453,A,N,D,C,A,A,H,-,C,A,0,,,,,Y,,A,7,0,0,1,0,0,0,0,0,0,- ,- ,0,0,2100,2,LOS ANGELES,LOS ANGELES,CA,-118.2455422,34.0536232,"N BROADWAY & 1ST ST, LOS ANGELES, CA",N BROADWAY,1ST ST,131585,
-118.3179821,34.09804535,30857,8807222,2019,2019-03-12T00:00:00.000Z,1942,2019-02-22T00:00:00.000Z,1820,38090,667,5,5,7,1942,0,0,0,F,0,6T7,N BRONSON AV,W SUNSET BL,0,,Y,A,-,N,,0,0,,,0,,,,N,0,0,0,2,A,-,9,21801,A,N,D,C,A,A,H,-,C,A,0,,,,,Y,,A,1,0,0,0,0,0,0,0,0,0,- ,- ,0,0,2100,2,LOS ANGELES,LOS ANGELES,CA,-118.3179821,34.09804535,"BRONSON AVE & SUNSET BLVD, LOS ANGELES, CA",BRONSON AVE,SUNSET BLVD,125452,
-118.2826821,33.98227692,30858,8807568,2019,2019-03-06T00:00:00.000Z,1942,2019-02-18T00:00:00.000Z,2020,35393,1249,1,5,7,1942,0,0,0,L,0,12A49,S FIGUEROA ST,GAGE AV,40,S,N,A,-,N,,0,0,,,0,,,,N,0,0,0,2,A,-,4,21703,,N,C,C,A,A,H,-,C,A,0,,,,,Y,,J,48,0,0,0,0,0,0,0,0,0,- ,- ,0,0,2100,2,LOS ANGELES,LOS ANGELES,CA,-118.2826821,33.98227692,"FIGUEROA ST & GAGE AVE, LOS ANGELES, CA",FIGUEROA ST,GAGE AVE,120663,
-118.2431024,34.00163269,30859,8807589,2019,2019-03-06T00:00:00.000Z,1942,2019-02-03T00:00:00.000Z,1910,42926,1367,7,5,7,1942,0,0,0,M,0,13A75,LONG BEACH AV E,47TH ST,200,N,N,B,-,N,,0,0,,,0,,,,N,0,0,0,2,A,-,21,22106,,N,H,E,A,B,H,-,C,D,0,,,,,Y,,J,48,0,0,0,0,0,0,0,0,0,- ,- ,0,0,2100,2,LOS ANGELES,LOS ANGELES,CA,-118.2431024,34.00163269,"LONG BEACH AVE E & 47TH ST, LOS ANGELES, CA",LONG BEACH AVE E,47TH ST,134817,
-118.2958621,33.98911667,30860,8807591,2019,2019-03-05T00:00:00.000Z,1942,2019-02-05T00:00:00.000Z,1815,39898,1239,2,5,7,1942,0,0,0,L,0,,SLAUSON AV,BUDLONG AV,0,,Y,A,-,N,,0,0,,,0,,,,Y,0,0,0,2,A,-,12,21453,A,M,A,C,A,A,H,-,C,A,0,,,,,Y,,D,22,0,0,0,0,0,0,0,0,0,- ,- ,0,0,2100,2,LOS ANGELES,LOS ANGELES,CA,-118.2958621,33.98911667,"SLAUSON AVE & BUDLONG AVE, LOS ANGELES, CA",SLAUSON AVE,BUDLONG AVE,96020,
-118.4487322,34.1793747,30861,8807723,2019,2019-03-11T00:00:00.000Z,1942,2019-02-19T00:00:00.000Z,1925,38185,941,2,5,7,1942,0,0,0,I,0,9A41,VAN NUYS BL,OXNARD ST,0,,Y,A,-,N,,0,0,,,0,,,,Y,4,0,1,3,A,-,12,21453,A,N,D,C,A,A,H,-,C,A,0,,,,,Y,,A,7,0,0,1,0,0,0,0,0,0,- ,- ,0,0,2100,2,LOS ANGELES,LOS ANGELES,CA,-118.4487322,34.17937469,"VAN NUYS BLVD & OXNARD ST, LOS ANGELES, CA",VAN NUYS BLVD,OXNARD ST,139927,
-118.5079432,34.18661499,30862,8807872,2019,2019-03-12T00:00:00.000Z,1942,2019-02-11T00:00:00.000Z,1815,42565,1037,1,5,7,1942,0,0,0,J,0,10A17,VICTORY BL,ALDEA AV,0,,Y,A,-,N,,0,0,,,0,,,,N,4,0,3,2,A,-,9,21801,A,N,D,C,A,A,H,-,C,A,0,,,,,Y,,A,1,0,0,3,0,0,0,0,0,0,- ,- ,0,0,2100,2,LOS ANGELES,LOS ANGELES,CA,-118.5079432,34.18661499,"VICTORY BLVD & ALDEA AVE, LOS ANGELES, CA",VICTORY BLVD,ALDEA AVE,98625,
-118.5448318,34.20119858,30863,8807876,2019,2019-03-12T00:00:00.000Z,1942,2019-02-13T00:00:00.000Z,2010,36336,1023,3,5,7,1942,0,0,0,J,0,10A21,WILBUR AV,SHERMAN WY,12,N,N,C,-,N,,0,0,,,0,,,,N,4,0,1,2,A,-,9,21804,A,N,D,G,A,B,H,-,C,A,0,,Y,,,Y,,L,4,0,0,1,0,0,0,1,0,0,- ,- ,0,0,2100,2,LOS ANGELES,LOS ANGELES,CA,-118.5448318,34.20119858,"WILBUR AVE & SHERMAN WAY, LOS ANGELES, CA",WILBUR AVE,SHERMAN WAY,109135,
-118.4696922,34.25004578,30864,8808062,2019,2019-04-12T00:00:00.000Z,1942,2019-02-04T00:00:00.000Z,1915,37353,1962,1,5,7,1942,0,0,0,,0,19A61,LASSEN ST,LANGDON AV,0,,Y,C,-,N,,0,0,,,0,,,,N,1,1,0,2,A,-,10,21950,A,N,G,B,B,B,H,-,E,A,0,Y,,,,Y,,A,8,0,0,0,1,0,0,0,0,0,- ,- ,0,0,2100,2,LOS ANGELES,LOS ANGELES,CA,-118.4696922,34.25004578,"LASSEN ST & LANGDON AVE, LOS ANGELES, CA",LASSEN ST,LANGDON AVE,108494,