X,Y,OBJECTID,case_id,accident_year,proc_date,juris,collision_date,collision_time,officer_id,reporting_district,day_of_week,chp_shift,population,cnty_city_loc,special_cond,beat_type,chp_beat_type,city_division_lapd,chp_beat_class,beat_number,primary_rd,secondary_rd,distance,direction,intersection,weather_1,weather_2,state_hwy_ind,caltrans_county,caltrans_district,state_route,route_suffix,postmile_prefix,postmile,location_type,ramp_intersection,side_of_hwy,tow_away,collision_severity,number_killed,number_injured,party_count,primary_coll_factor,pcf_code_of_viol,pcf_viol_category,pcf_violation,pcf_viol_subsection,hit_and_run,type_of_collision,mviw,ped_action,road_surface,road_cond_1,road_cond_2,lighting,control_device,chp_road_type,pedestrian_accident,bicycle_accident,motorcycle_accident,truck_accident,not_private_property,alcohol_involved,stwd_vehtype_at_fault,chp_vehtype_at_fault,count_severe_inj,count_visible_inj,count_complaint_pain,count_ped_killed,count_ped_injured,count_bicyclist_killed,count_bicyclist_injured,count_mc_killed,count_mc_injured,primary_ramp,secondary_ramp,latitude,longitude,timecat,month_,city,county,state,point_x,point_y,match_addr,m_primaryrd,m_secondrd,int_id,Flag
-118.2975021,33.79265213,30865,8808084,2019,2019-04-17T00:00:00.000Z,1942,2019-02-09T00:00:00.000Z,1825,39299,513,6,5,7,1942,0,0,0,E,0,5A11,NORMANDIE AV,255TH ST,56,S,N,B,-,N,,0,0,,,0,,,,N,1,1,0,2,A,-,11,21955,,N,G,B,D,-,H,-,C,A,0,Y,,,,Y,,N,60,0,0,0,1,0,0,0,0,0,- ,- ,0,0,2100,2,LOS ANGELES,LOS ANGELES,CA,-118.2975021,33.79265213,"NORMANDIE AVE & 255TH ST, LOS ANGELES, CA",NORMANDIE AVE,255TH ST,124297,
-118.2871221,33.9667244,30866,8808088,2019,2019-04-17T00:00:00.000Z,1942,2019-02-25T00:00:00.000Z,1855,42282,1266,1,5,7,1942,0,0,0,L,0,12A67,W 80TH ST,S HOOVER ST,0,,Y,A,-,N,,0,0,,,0,,,,Y,1,1,1,3,A,-,10,21950,A,N,G,B,B,A,H,-,C,A,0,Y,,,,Y,Y,A,1,1,0,0,1,1,0,0,0,0,- ,- ,0,0,2100,2,LOS ANGELES,LOS ANGELES,CA,-118.2871221,33.9667244,"80TH ST & HOOVER ST, LOS ANGELES, CA",80TH ST,HOOVER ST,145188,
-118.2837938,33.94552612,30867,8809426,2019,2019-03-29T00:00:00.000Z,1942,2019-02-25T00:00:00.000Z,1830,43342,1821,1,5,7,1942,0,0,0,R,0,,W CENTURY,FIGUEROA,350,W,N,A,-,N,,0,0,,,0,,,,N,4,0,1,5,A,-,8,22107,,N,B,C,A,A,-,-,C,D,0,,,,,Y,,A,1,0,0,1,0,0,0,0,0,0,- ,- ,0,0,2100,2,LOS ANGELES,LOS ANGELES,CA,-118.2837938,33.94552612,"CENTURY BLVD & FIGUEROA ST,, CA",CENTURY BLVD,FIGUEROA ST,138221,
-118.2412188,34.03673935,30868,8809441,2019,2019-03-27T00:00:00.000Z,1942,2019-02-07T00:00:00.000Z,1800,43516,158,4,5,7,1942,0,0,0,A,0,1A29,CENTRAL AV,7TH ST,15,S,N,A,-,N,,0,0,,,0,,,,N,0,0,0,2,A,-,3,22350,,N,C,C,A,A,H,-,C,A,0,,,,Y,Y,,F,21,0,0,0,0,0,0,0,0,0,- ,- ,0,0,2100,2,LOS ANGELES,LOS ANGELES,CA,-118.2412188,34.03673935,"CENTRAL AVE & 7TH ST, LOS ANGELES, CA",CENTRAL AVE,7TH ST,140789,
-118.3077421,33.78820419,30870,8809575,2019,2019-05-13T00:00:00.000Z,1942,2019-02-23T00:00:00.000Z,2030,40225,531,6,5,7,1942,0,0,0,E,0,5A12,WESTERN AV,259TH ST,0,,Y,A,-,N,,0,0,,,0,,,,N,4,0,1,2,D,-,0,0,,N,D,C,A,A,H,-,C,D,0,,,,,Y,,-,- ,0,0,1,0,0,0,0,0,0,- ,- ,0,0,2100,2,LOS ANGELES,LOS ANGELES,CA,-118.3077421,33.78820419,"WESTERN AVE & 259TH ST, LOS ANGELES, CA",WESTERN AVE,259TH ST,123163,
-118.5098822,34.20122528,30871,8809583,2019,2019-05-13T00:00:00.000Z,1942,2019-02-06T00:00:00.000Z,1925,42597,1027,3,5,7,1942,0,0,0,J,0,10A17,SHERMAN WY,LOUISE AV,0,,-,A,-,N,,0,0,,,0,,,,Y,4,0,1,4,A,-,4,21703,,N,C,C,A,A,H,-,C,D,0,,,,,Y,,A,1,0,0,1,0,0,0,0,0,0,- ,- ,0,0,2100,2,LOS ANGELES,LOS ANGELES,CA,-118.5098822,34.20122528,"SHERMAN WAY & LOUISE AVE, LOS ANGELES, CA",SHERMAN WAY,LOUISE AVE,101800,
-118.2651863,34.00251389,30872,8810060,2019,2019-03-12T00:00:00.000Z,1942,2019-02-12T00:00:00.000Z,2010,39938,1353,2,5,7,1942,0,0,0,M,0,13A43,45TH ST,AVALON BL,20,E,N,A,-,N,,0,0,,,0,,,,N,0,0,0,2,A,-,21,22106,,M,C,C,A,A,H,-,C,A,0,,,,,Y,,A,1,0,0,0,0,0,0,0,0,0,- ,- ,0,0,2100,2,LOS ANGELES,LOS ANGELES,CA,-118.2651863,34.00251389,"45TH ST & AVALON BLVD, LOS ANGELES, CA",45TH ST,AVALON BLVD,138395,
-118.2608922,34.05352402,30874,8810061,2019,2019-03-12T00:00:00.000Z,1942,2019-02-20T00:00:00.000Z,1925,39062,249,3,5,7,1942,0,0,0,B,0,2A69,W 6TH ST,SAINT PAUL AV,0,,Y,B,-,N,,0,0,,,0,,,,Y,3,0,1,2,A,-,9,21801,A,N,D,C,A,B,H,-,C,A,0,,,Y,,Y,,A,1,0,1,0,0,0,0,0,0,1,- ,- ,0,0,2100,2,LOS ANGELES,LOS ANGELES,CA,-118.2608922,34.05352402,"6TH ST & ST PAUL AVE, LOS ANGELES, CA",6TH ST,ST PAUL AVE,116216,
-118.4403021,33.98720551,30875,8810241,2019,2019-03-19T00:00:00.000Z,1942,2019-02-04T00:00:00.000Z,1845,43058,1454,1,5,7,1942,0,0,0,N,0,14A28,MAXELLA AV,GLENCOE AV,0,,Y,B,C,N,,0,0,,,0,,,,N,4,0,1,2,A,-,8,22107,,F,H,G,A,B,H,-,C,A,0,,Y,,,Y,,-,99,0,0,1,0,0,0,1,0,0,- ,- ,0,0,2100,2,LOS ANGELES,LOS ANGELES,CA,-118.4403021,33.98720551,"MAXELLA AVE & GLENCOE AVE, LOS ANGELES, CA",MAXELLA AVE,GLENCOE AVE,110792,
-118.4618121,34.15307617,30876,8810242,2019,2019-03-21T00:00:00.000Z,1942,2019-02-16T00:00:00.000Z,2055,42309,981,6,5,7,1942,0,0,0,I,0,9A89,VENTURA BL,NOBLE AV,0,,Y,B,-,N,,0,0,,,0,,,,N,3,0,1,2,A,-,- ,0,,N,G,B,B,A,H,-,C,A,0,Y,,,,Y,,-,- ,0,1,0,0,1,0,0,0,0,- ,- ,0,0,2100,2,LOS ANGELES,LOS ANGELES,CA,-118.4618121,34.15307617,"VENTURA BLVD & NOBLE AVE, LOS ANGELES, CA",VENTURA BLVD,NOBLE AVE,125797,
-118.4531022,34.19391632,30877,8810246,2019,2019-03-07T00:00:00.000Z,1942,2019-02-18T00:00:00.000Z,1810,42489,923,1,5,7,1942,0,0,0,I,0,0W4,VANOWEN ST,CEDROS AV,0,,Y,A,-,N,,0,0,,,0,,,,Y,3,0,4,2,A,-,12,21453,A,N,A,C,A,A,-,-,C,A,0,,,,,Y,,A,8,0,2,2,0,0,0,0,0,0,- ,- ,0,0,2100,2,LOS ANGELES,LOS ANGELES,CA,-118.4531022,34.19391632,"VANOWEN ST & CEDROS AVE, LOS ANGELES, CA",VANOWEN ST,CEDROS AVE,122483,
-118.4225221,34.16856384,30878,8810247,2019,2019-03-06T00:00:00.000Z,1942,2019-02-03T00:00:00.000Z,1915,37613,948,7,5,7,1942,0,0,0,I,0,9A37,CHANDLER BL,FULTON AV,0,,Y,C,-,N,,0,0,,,0,,,,Y,4,0,5,2,A,-,12,21453,A,N,D,C,A,B,H,-,C,A,0,,,,,Y,,A,7,0,0,5,0,0,0,0,0,0,- ,- ,0,0,2100,2,LOS ANGELES,LOS ANGELES,CA,-118.4225221,34.16856384,"CHANDLER BLVD & FULTON AVE, LOS ANGELES, CA",CHANDLER BLVD,FULTON AVE,122239,
-118.4376922,34.17938614,30879,8810262,2019,2019-03-06T00:00:00.000Z,1942,2019-02-03T00:00:00.000Z,1925,37304,946,7,5,7,1942,0,0,0,I,0,9A37,OXNARD ST,COSTELLO AV,0,,Y,C,-,N,,0,0,,,0,,,,Y,3,0,1,2,A,-,1,23153,A,N,A,C,A,B,H,-,C,D,0,,,,,Y,Y,A,8,0,1,0,0,0,0,0,0,0,- ,- ,0,0,2100,2,LOS ANGELES,LOS ANGELES,CA,-118.4376922,34.17938614,"OXNARD ST & COSTELLO AVE, LOS ANGELES, CA",OXNARD ST,COSTELLO AVE,132632,
-118.4979122,34.26473618,30880,8810264,2019,2019-03-06T00:00:00.000Z,1942,2019-02-13T00:00:00.000Z,2000,43439,1747,3,5,7,1942,0,0,0,Q,0,17A49,PETIT AV,CHATSWORTH ST,0,,Y,B,C,N,,0,0,,,0,,,,N,4,0,1,2,A,-,10,21950,A,N,G,B,B,B,H,-,C,A,0,Y,,,,Y,,A,1,0,0,1,0,1,0,0,0,0,- ,- ,0,0,2100,2,LOS ANGELES,LOS ANGELES,CA,-118.4979122,34.26473618,"PETIT AVE & CHATSWORTH ST, LOS ANGELES, CA",PETIT AVE,CHATSWORTH ST,143440,
-118.4488222,34.20845413,30881,8810271,2019,2019-03-06T00:00:00.000Z,1942,2019-02-10T00:00:00.000Z,2045,43380,906,7,5,7,1942,0,0,0,I,0,9A63,VAN NUYS BL,SATICOY ST,0,,Y,A,-,N,,0,0,,,0,,,,N,4,0,1,2,A,-,9,21801,A,N,D,C,A,A,H,-,C,A,0,,,,,Y,,A,1,0,0,1,0,0,0,0,0,0,- ,- ,0,0,2100,2,LOS ANGELES,LOS ANGELES,CA,-118.4488222,34.20845413,"VAN NUYS BLVD & SATICOY ST, LOS ANGELES, CA",VAN NUYS BLVD,SATICOY ST,126111,
-118.4661822,34.16479492,30882,8810279,2019,2019-03-06T00:00:00.000Z,1942,2019-02-09T00:00:00.000Z,2035,4353,963,6,5,7,1942,0,0,0,I,0,9463,N SEPULVEDA BL,MAGNOLIA BL,18,S,N,B,-,N,,0,0,,,0,,,,N,4,0,1,2,A,-,10,21950,A,N,G,B,B,B,H,-,C,A,0,Y,,,,Y,,A,1,0,0,1,0,1,0,0,0,0,- ,- ,0,0,2100,2,LOS ANGELES,LOS ANGELES,CA,-118.4661822,34.16479492,"SEPULVEDA BLVD & MAGNOLIA BLVD, LOS ANGELES, CA",SEPULVEDA BLVD,MAGNOLIA BLVD,139954,
-118.5850115,34.242733,30883,8810282,2019,2019-03-06T00:00:00.000Z,1942,2019-02-14T00:00:00.000Z,1955,42251,1762,4,5,7,1942,0,0,0,Q,0,17A81,PLUMMER ST,LURLINE AV,245,W,N,B,-,N,,0,0,,,0,,,,N,4,0,1,2,A,-,4,21703,,N,C,C,A,A,-,-,E,D,0,,,,,Y,,A,1,0,0,1,0,0,0,0,0,0,- ,- ,0,0,2100,2,LOS ANGELES,LOS ANGELES,CA,-118.5850115,34.242733,"PLUMMER ST & LURLINE AVE, LOS ANGELES, CA",PLUMMER ST,LURLINE AVE,151396,
-118.466165,34.18554688,30884,8810285,2019,2019-03-19T00:00:00.000Z,1942,2019-02-16T00:00:00.000Z,1950,43556,932,6,5,7,1942,0,0,0,I,0,9A23W3,SEPULVEDA BL,VICTORY BL,400,S,N,A,-,N,,0,0,,,0,,,,Y,3,0,3,2,A,-,21,22106,,N,C,C,A,A,H,-,C,A,0,,,,,Y,,A,1,0,1,2,0,0,0,0,0,0,- ,- ,0,0,2100,2,LOS ANGELES,LOS ANGELES,CA,-118.466165,34.18554688,"SEPULVEDA BLVD & VICTORY BLVD, LOS ANGELES, CA",SEPULVEDA BLVD,VICTORY BLVD,122417,
-118.4487668,34.2015152,30885,8810305,2019,2019-03-18T00:00:00.000Z,1942,2019-02-23T00:00:00.000Z,2015,38185,914,6,5,7,1942,0,0,0,I,0, 9A23,VAN NUYS BL,SHERMAN WY,120,N,N,A,-,N,,0,0,,,0,,,,N,4,0,1,2,A,-,5,21650,1,N,D,G,A,A,H,-,C,A,0,,Y,,,Y,,L,4,0,0,1,0,0,0,1,0,0,- ,- ,0,0,2100,2,LOS ANGELES,LOS ANGELES,CA,-118.4487668,34.2015152,"VAN NUYS BLVD & SHERMAN WAY, LOS ANGELES, CA",VAN NUYS BLVD,SHERMAN WAY,105050,
-118.5317284,34.19386292,30887,8810325,2019,2019-03-07T00:00:00.000Z,1942,2019-02-03T00:00:00.000Z,1910,38183,1035,7,5,7,1942,0,0,0,J,0,10A21,VANOWEN ST,ETIWANDA AV,14,W,N,C,-,N,,0,0,,,0,,,,N,4,0,1,2,A,-,10,21950,A,N,G,B,B,B,H,-,C,A,0,Y,,,,Y,,A,7,0,0,1,0,1,0,0,0,0,- ,- ,0,0,2100,2,LOS ANGELES,LOS ANGELES,CA,-118.5317284,34.19386292,"VANOWEN ST & ETIWANDA AVE, LOS ANGELES, CA",VANOWEN ST,ETIWANDA AVE,105384,
-118.5447522,34.17704773,30888,8810327,2019,2019-03-15T00:00:00.000Z,1942,2019-02-09T00:00:00.000Z,2020,41758,10A5,6,5,7,1942,0,0,0,J,0,10X28,WILBUR,HATTERAS,25,S,N,A,-,N,,0,0,,,0,,,,N,0,0,0,2,A,-,3,22350,,N,C,C,A,A,H,-,C,A,0,,,,,Y,,-,,0,0,0,0,0,0,0,0,0,- ,- ,0,0,2100,2,LOS ANGELES,LOS ANGELES,CA,-118.5447522,34.17704773,"WILBUR AVE & HATTERAS ST, LOS ANGELES, CA",WILBUR AVE,HATTERAS ST,143718,
-118.5153722,34.20841599,30889,8810337,2019,2019-03-07T00:00:00.000Z,1942,2019-02-14T00:00:00.000Z,1850,42565,1017,4,5,7,1942,0,0,0,J,0,10A17,SATICOY ST,TEXHOMA AV,0,,Y,C,-,N,,0,0,,,0,,,,N,4,0,1,3,A,-,21,22106,,N,D,C,A,B,H,-,C,D,0,,,,,Y,,A,1,0,0,1,0,0,0,0,0,0,- ,- ,0,0,2100,2,LOS ANGELES,LOS ANGELES,CA,-118.5153722,34.20841599,"SATICOY ST & TEXHOMA AVE, LOS ANGELES, CA",SATICOY ST,TEXHOMA AVE,140497,
-118.5361122,34.23547363,30890,8810342,2019,2019-03-06T00:00:00.000Z,1942,2019-02-01T00:00:00.000Z,1905,42821,1785,5,5,7,1942,0,0,0,Q,0,17A81,RESEDA BL,NORDHOFF ST,0,,Y,C,-,N,,0,0,,,0,,,,Y,4,0,4,3,A,-,7,21658,A,N,D,C,A,B,H,-,C,D,0,,,,,Y,,A,1,0,0,4,0,0,0,0,0,0,- ,- ,0,0,2100,2,LOS ANGELES,LOS ANGELES,CA,-118.5361122,34.23547363,"RESEDA BLVD & NORDHOFF ST, LOS ANGELES, CA",RESEDA BLVD,NORDHOFF ST,101235,
-118.5011322,34.18660355,30891,8810349,2019,2019-03-07T00:00:00.000Z,1942,2019-02-02T00:00:00.000Z,1945,40841,1037,6,5,7,1942,0,0,0,J,0,10EL1,BALBOA BL,VICTORY BL,0,,Y,B,-,N,,0,0,,,0,,,,Y,3,0,1,2,A,-,12,21453,A,N,D,C,A,B,H,-,C,A,0,,,,,Y,,A,1,0,1,0,0,0,0,0,0,0,- ,- ,0,0,2100,2,LOS ANGELES,LOS ANGELES,CA,-118.5011322,34.18660355,"BALBOA BLVD & VICTORY BLVD, LOS ANGELES, CA",BALBOA BLVD,VICTORY BLVD,140210,
-118.4836922,34.21881867,30892,8810357,2019,2019-03-07T00:00:00.000Z,1942,2019-02-07T00:00:00.000Z,1820,41758,1009,4,5,7,1942,0,0,0,J,0,10X18,WOODLEY AV,RAYMER ST,395,N,N,A,-,N,,0,0,,,0,,,,N,4,0,2,2,A,-,4,21703,,N,C,C,A,A,H,-,C,A,0,,,Y,,Y,,-,- ,0,0,2,0,0,0,0,0,1,- ,- ,0,0,2100,2,LOS ANGELES,LOS ANGELES,CA,-118.4836922,34.21881866,"WOODLEY AVE & RAYMER ST, LOS ANGELES, CA",WOODLEY AVE,RAYMER ST,147170,
-118.4837417,34.20126343,30893,8810369,2019,2019-03-07T00:00:00.000Z,1942,2019-02-09T00:00:00.000Z,2000,40388,1029,6,5,7,1942,0,0,0,J,0,10A39,SHERMAN WY,WOODLEY AV,15,W,N,B,-,N,,0,0,,,0,,,,Y,4,0,2,2,A,-,7,21658,A,N,B,C,A,A,H,-,C,A,0,,,,,Y,,A,1,0,0,2,0,0,0,0,0,0,- ,- ,0,0,2100,2,LOS ANGELES,LOS ANGELES,CA,-118.4837417,34.20126343,"SHERMAN WAY & WOODLEY AVE, LOS ANGELES, CA",SHERMAN WAY,WOODLEY AVE,101496,
-118.3835047,34.19395447,30894,8810371,2019,2019-03-15T00:00:00.000Z,1942,2019-02-25T00:00:00.000Z,1930,36599,1516,1,5,7,1942,0,0,0,O,0,15A27,VANOWEN ST,BECK AV,25,W,N,A,-,N,,0,0,,,0,,,,N,0,0,0,2,A,-,3,22350,,M,C,C,A,A,H,-,C,A,0,,,,,Y,,A,1,0,0,0,0,0,0,0,0,0,- ,- ,0,0,2100,2,LOS ANGELES,LOS ANGELES,CA,-118.3835047,34.19395447,"VANOWEN ST & BECK AVE, LOS ANGELES, CA",VANOWEN ST,BECK AVE,122361,
-118.4872622,34.23564529,30895,8810374,2019,2019-03-06T00:00:00.000Z,1942,2019-02-11T00:00:00.000Z,1845,40317,1777,1,5,7,1942,0,0,0,Q,0,19X74,NORDHOFF ST,VALJEAN AV,0,,Y,A,-,N,,0,0,,,0,,,,N,4,0,2,3,A,-,4,21703,,N,C,D,A,A,H,-,C,D,0,,,,,Y,,A,1,0,0,2,0,0,0,0,0,0,- ,- ,0,0,2100,2,LOS ANGELES,LOS ANGELES,CA,-118.4872622,34.23564529,"NORDHOFF ST & VALJEAN AVE, LOS ANGELES, CA",NORDHOFF ST,VALJEAN AVE,126137,
-118.4250998,34.28237915,30896,8810382,2019,2019-03-06T00:00:00.000Z,1942,2019-02-21T00:00:00.000Z,1825,40317,1611,4,5,7,1942,0,0,0,P,0,16X36,CORCORAN ST,HERRICK,370,E,N,A,-,N,,0,0,,,0,,,,N,4,0,1,2,A,-,8,22107,,F,B,C,A,A,H,-,C,D,0,,,,,Y,,-,99,0,0,1,0,0,0,0,0,0,- ,- ,0,0,2100,2,LOS ANGELES,LOS ANGELES,CA,-118.4250998,34.28237915,"CORCORAN ST & HERRICK AVE, LOS ANGELES, CA",CORCORAN ST,HERRICK AVE,98377,
-118.5011822,34.20123673,30897,8810386,2019,2019-03-06T00:00:00.000Z,1942,2019-02-24T00:00:00.000Z,1930,42309,1028,7,5,7,1942,0,0,0,J,0,10A17,SHERMAN WY,BALBOA BL,0,,Y,B,-,N,,0,0,,,0,,,,Y,2,0,5,2,A,-,9,21801,A,N,A,C,A,A,H,-,C,A,0,,,,,Y,,A,1,1,1,3,0,0,0,0,0,0,- ,- ,0,0,2100,2,LOS ANGELES,LOS ANGELES,CA,-118.5011822,34.20123672,"SHERMAN WAY & BALBOA BLVD, LOS ANGELES, CA",SHERMAN WAY,BALBOA BLVD,129940,
-118.4873136,34.1568718,30898,8810390,2019,2019-03-06T00:00:00.000Z,1942,2019-02-13T00:00:00.000Z,1935,30830,1088,3,5,7,1942,0,0,0,J,0,10A99,VENTURA BL,LIBBIT AV,215,E,N,B,C,N,,0,0,,,0,,,,Y,2,0,1,2,A,-,11,21954,A,N,G,B,D,B,H,-,C,D,0,Y,,,,Y,,N,60,1,0,0,0,1,0,0,0,0,- ,- ,0,0,2100,2,LOS ANGELES,LOS ANGELES,CA,-118.4873136,34.1568718,"VENTURA BLVD & LIBBIT AVE, LOS ANGELES, CA",VENTURA BLVD,LIBBIT AVE,108213,
-118.5360222,34.17746353,30899,8810481,2019,2019-03-08T00:00:00.000Z,1942,2019-02-02T00:00:00.000Z,1830,417568,1044,6,5,7,1942,0,0,0,J,0,10X18,RESEDA BL,HATTERAS ST,0,,Y,B,-,N,,0,0,,,0,,,,N,4,0,2,2,A,-,9,21801,A,N,A,C,A,B,H,-,C,A,0,,,,,Y,,A,1,0,0,2,0,0,0,0,0,0,- ,- ,0,0,2100,2,LOS ANGELES,LOS ANGELES,CA,-118.5360222,34.17746353,"RESEDA BLVD & HATTERAS ST, LOS ANGELES, CA",RESEDA BLVD,HATTERAS ST,119064,
-118.5541724,34.18658066,30900,8810485,2019,2019-04-05T00:00:00.000Z,1942,2019-02-11T00:00:00.000Z,1900,36599,1031,1,5,7,1942,0,0,0,J,0,10A21,VICTORY BL,TAMPA AV,200,W,N,A,-,N,,0,0,,,0,,,,N,3,0,1,2,A,-,3,22350,,N,C,D,A,A,H,-,C,A,0,,,,,Y,Y,A,1,0,1,0,0,0,0,0,0,0,- ,- ,0,0,2100,2,LOS ANGELES,LOS ANGELES,CA,-118.5541724,34.18658066,"VICTORY BLVD & TAMPA AVE, LOS ANGELES, CA",VICTORY BLVD,TAMPA AVE,139665,
-118.3266721,34.09437561,30901,8810518,2019,2019-03-08T00:00:00.000Z,1942,2019-02-03T00:00:00.000Z,1920,36504,666,7,5,7,1942,0,0,0,F,0,6A67,FOUNTAIN AV,VINE ST,0,,Y,B,C,N,,0,0,,,0,,,,Y,4,0,1,2,A,-,9,21801,A,N,A,C,A,B,H,-,C,B,0,,,Y,,Y,,A,8,0,0,1,0,0,0,0,0,1,- ,- ,0,0,2100,2,LOS ANGELES,LOS ANGELES,CA,-118.3266721,34.09437561,"FOUNTAIN AVE & VINE ST, LOS ANGELES, CA",FOUNTAIN AVE,VINE ST,142846,
-118.3762194,34.05561066,30902,8810555,2019,2019-03-11T00:00:00.000Z,1942,2019-02-02T00:00:00.000Z,1830,41210,752,6,5,7,1942,0,0,0,G,0,7T23,LA CIENEGA BL,PACKARD ST,196,N,N,C,-,N,,0,0,,,0,,,,N,0,0,0,1,C,-,18,0,,N,H,J,A,B,A,-,C,A,0,,,,,Y,,-,- ,0,0,0,0,0,0,0,0,0,- ,- ,0,0,2100,2,LOS ANGELES,LOS ANGELES,CA,-118.3762194,34.05561066,"LA CIENEGA BLVD & PACKARD ST, LOS ANGELES, CA",LA CIENEGA BLVD,PACKARD ST,99862,
-118.300338,33.98230362,30903,8810880,2019,2019-03-21T00:00:00.000Z,1942,2019-02-24T00:00:00.000Z,1825,41129,1245,7,5,7,1942,0,0,0,L,0,12A45,GAGE AV,NORMANDIE AV,20,W,N,A,-,N,,0,0,,,0,,,,Y,0,0,0,3,A,-,5,21651,A,M,B,C,A,A,H,-,C,A,0,,,,,Y,,A,1,0,0,0,0,0,0,0,0,0,- ,- ,0,0,2100,2,LOS ANGELES,LOS ANGELES,CA,-118.300338,33.98230362,"GAGE AVE & NORMANDIE AVE, LOS ANGELES, CA",GAGE AVE,NORMANDIE AVE,124096,
-118.4482222,34.06361389,30904,8810965,2019,2019-03-13T00:00:00.000Z,1942,2019-02-17T00:00:00.000Z,1930,40010,838,7,5,7,1942,0,0,0,H,0,8A29,LE CONTE AV,GAYLEY AV,0,,Y,A,-,N,,0,0,,,0,,,,Y,2,0,1,2,A,-,9,21801,A,N,D,C,A,A,H,-,C,A,0,,,Y,,Y,,A,1,1,0,0,0,0,0,0,0,1,- ,- ,0,0,2100,2,LOS ANGELES,LOS ANGELES,CA,-118.4482222,34.06361389,"LE CONTE AVE & GAYLEY AVE, LOS ANGELES, CA",LE CONTE AVE,GAYLEY AVE,121432,
-118.3352152,33.9869194,30905,8811044,2019,2019-03-20T00:00:00.000Z,1942,2019-02-26T00:00:00.000Z,1840,39299,1232,2,5,7,1942,0,0,0,L,0,12A31,WEST BL,S 59TH ST,100,S,N,A,-,N,,0,0,,,0,,,,N,2,0,1,2,A,-,11,21954,A,N,G,B,D,A,H,-,C,D,0,Y,,,,Y,Y,N,60,1,0,0,0,1,0,0,0,0,- ,- ,0,0,2100,2,LOS ANGELES,LOS ANGELES,CA,-118.3352152,33.9869194,"WEST BLVD & 59TH ST, LOS ANGELES, CA",WEST BLVD,59TH ST,113572,
-118.2744321,33.78224564,30906,8811052,2019,2019-03-20T00:00:00.000Z,1942,2019-02-24T00:00:00.000Z,1800,37822,514,7,5,7,1942,0,0,0,E,0,5A2W5,OPP ST,WILMINGTON BL,0,,Y,A,-,N,,0,0,,,0,,,,Y,4,0,1,2,A,-,9,21801,A,N,D,C,A,A,H,-,B,A,0,,,,,Y,,A,1,0,0,1,0,0,0,0,0,0,- ,- ,0,0,2100,2,LOS ANGELES,LOS ANGELES,CA,-118.2744321,33.78224564,"OPP ST & WILMINGTON BLVD, LOS ANGELES, CA",OPP ST,WILMINGTON BLVD,145406,
-118.370344,34.20851898,30907,8811076,2019,2019-03-20T00:00:00.000Z,1942,2019-02-01T00:00:00.000Z,1800,36885,1506,5,5,7,1942,0,0,0,O,0,15A3,VINELAND AV,SATICOY ST,30,N,N,C,-,N,,0,0,,,0,,,,N,3,0,1,2,A,-,9,21801,A,N,D,C,A,B,H,-,C,A,0,,,,,Y,,A,1,0,1,0,0,0,0,0,0,0,- ,- ,0,0,2100,2,LOS ANGELES,LOS ANGELES,CA,-118.370344,34.20851898,"VINELAND AVE & SATICOY ST, LOS ANGELES, CA",VINELAND AVE,SATICOY ST,132677,
-118.3002722,34.02368546,30908,8811103,2019,2019-03-20T00:00:00.000Z,1942,2019-02-25T00:00:00.000Z,1825,39617,357,1,5,7,1942,0,0,0,C,0,3A58,NORMANDIE AV,35TH PL,0,,Y,A,-,N,,0,0,,,0,,,,N,4,0,3,3,A,-,12,22450,A,F,D,D,A,A,H,-,C,D,0,,,,,Y,,A,1,0,0,3,0,0,0,0,0,0,- ,- ,0,0,2100,2,LOS ANGELES,LOS ANGELES,CA,-118.3002722,34.02368546,"NORMANDIE AVE & 35TH PL, LOS ANGELES, CA",NORMANDIE AVE,35TH PL,134678,
-118.2746965,33.78641892,30909,8811129,2019,2019-03-21T00:00:00.000Z,1942,2019-02-24T00:00:00.000Z,1950,42996,514,7,5,7,1942,0,0,0,E,0,5A15,L ST,WILMINGTON AV,20,E,N,A,-,N,,0,0,,,0,,,,Y,0,0,0,2,A,-,1,23152,B,N,A,C,A,A,H,-,C,A,0,,,,,Y,Y,D,22,0,0,0,0,0,0,0,0,0,- ,- ,0,0,2100,2,LOS ANGELES,LOS ANGELES,CA,-118.2746965,33.78641891,"L ST & WILMINGTON BLVD, LOS ANGELES, CA",L ST,WILMINGTON BLVD,103228,
-118.2970404,33.7468071,30910,8811133,2019,2019-03-18T00:00:00.000Z,1942,2019-02-24T00:00:00.000Z,1900,43612,555,7,5,7,1942,0,0,0,,0,5A24,OLIVER ST,MEYLER ST,100,W,N,A,-,N,,0,0,,,0,,,,N,0,0,0,3,A,-,21,22106,,M,C,E,A,A,H,-,D,D,0,,,,,Y,,A,7,0,0,0,0,0,0,0,0,0,- ,- ,0,0,2100,2,LOS ANGELES,LOS ANGELES,CA,-118.2970404,33.7468071,"OLIVER ST & MEYLER ST, LOS ANGELES, CA",OLIVER ST,MEYLER ST,97327,
-118.2676621,33.77968597,30911,8811269,2019,2019-03-12T00:00:00.000Z,1942,2019-02-21T00:00:00.000Z,1828,41858,526,4,5,7,1942,0,0,0,E,0,5A1,ANAHEIM ST,LAGOON AV,0,,Y,A,-,N,,0,0,,,0,,,,Y,2,0,1,2,A,-,9,21802,A,N,D,G,A,A,H,-,C,D,0,,Y,,,Y,,L,4,1,0,0,0,0,0,1,0,0,- ,- ,0,0,2100,2,LOS ANGELES,LOS ANGELES,CA,-118.2676621,33.77968597,"ANAHEIM ST & LAGOON AVE, LOS ANGELES, CA",ANAHEIM ST,LAGOON AVE,113740,