X,Y,OBJECTID,case_id,accident_year,proc_date,juris,collision_date,collision_time,officer_id,reporting_district,day_of_week,chp_shift,population,cnty_city_loc,special_cond,beat_type,chp_beat_type,city_division_lapd,chp_beat_class,beat_number,primary_rd,secondary_rd,distance,direction,intersection,weather_1,weather_2,state_hwy_ind,caltrans_county,caltrans_district,state_route,route_suffix,postmile_prefix,postmile,location_type,ramp_intersection,side_of_hwy,tow_away,collision_severity,number_killed,number_injured,party_count,primary_coll_factor,pcf_code_of_viol,pcf_viol_category,pcf_violation,pcf_viol_subsection,hit_and_run,type_of_collision,mviw,ped_action,road_surface,road_cond_1,road_cond_2,lighting,control_device,chp_road_type,pedestrian_accident,bicycle_accident,motorcycle_accident,truck_accident,not_private_property,alcohol_involved,stwd_vehtype_at_fault,chp_vehtype_at_fault,count_severe_inj,count_visible_inj,count_complaint_pain,count_ped_killed,count_ped_injured,count_bicyclist_killed,count_bicyclist_injured,count_mc_killed,count_mc_injured,primary_ramp,secondary_ramp,latitude,longitude,timecat,month_,city,county,state,point_x,point_y,match_addr,m_primaryrd,m_secondrd,int_id,Flag
-118.3090121,34.04033661,29185,8837050,2019,2019-04-19T00:00:00.000Z,1942,2019-02-28T00:00:00.000Z,310,43071,2083,4,5,7,1942,0,0,0,,0,20A1,WESTERN AV,WASHINGTON BL,150,N,N,C,-,N,,0,0,,,0,,,,Y,4,0,1,1,A,-,8,22107,,N,E,I,A,B,H,-,C,A,0,,,,,Y,,A,1,0,0,1,0,0,0,0,0,0,- ,- ,0,0,600,2,LOS ANGELES,LOS ANGELES,CA,-118.3090121,34.04033661,"WESTERN AVE & WASHINGTON BLVD, LOS ANGELES, CA",WESTERN AVE,WASHINGTON BLVD,121037,
-118.330681,34.1059227,29186,8837387,2019,2019-05-20T00:00:00.000Z,1942,2019-02-09T00:00:00.000Z,500,42385,RD#06,6,5,7,1942,0,0,0,,0,6A15,N CAHUENGA BL,DIX ST,50,N,N,A,-,N,,0,0,,,0,,,,Y,4,0,1,3,A,-,3,22350,,N,A,C,A,A,H,-,C,A,0,,,,,Y,,A,1,0,0,1,0,0,0,0,0,0,- ,- ,0,0,600,2,LOS ANGELES,LOS ANGELES,CA,-118.330681,34.1059227,"CAHUENGA BLVD & DIX ST, LOS ANGELES, CA",CAHUENGA BLVD,DIX ST,139488,
-118.3201321,34.09803391,29187,8838766,2019,2019-04-11T00:00:00.000Z,1942,2019-02-17T00:00:00.000Z,400,43056,647,7,5,7,1942,0,0,0,,0,6A15,SUNSET BL,GORDON AV,0,,Y,A,-,N,,0,0,,,0,,,,N,4,0,3,2,A,-,4,21703,,N,C,C,A,A,H,-,C,A,0,,,,,Y,Y,A,1,0,0,3,0,0,0,0,0,0,- ,- ,0,0,600,2,LOS ANGELES,LOS ANGELES,CA,-118.3201321,34.09803391,"SUNSET BLVD & GORDON ST, LOS ANGELES, CA",SUNSET BLVD,GORDON ST,121714,
-118.2633385,34.06040192,29188,8839337,2019,2019-04-16T00:00:00.000Z,1942,2019-02-17T00:00:00.000Z,335,40069,237,7,5,7,1942,0,0,0,B,0,2A45,MIRAMAR ST,COLUMBIA ST,30,E,N,A,-,N,,0,0,,,0,,,,Y,0,0,0,2,A,-,5,21650,,M,B,E,A,A,H,-,D,D,0,,,,,Y,,-,- ,0,0,0,0,0,0,0,0,0,- ,- ,0,0,600,2,LOS ANGELES,LOS ANGELES,CA,-118.2633385,34.06040192,"MIRAMAR ST & COLUMBIA AVE, LOS ANGELES, CA",MIRAMAR ST,COLUMBIA AVE,128105,
-118.3988922,34.02340317,29189,8841840,2019,2019-05-03T00:00:00.000Z,1942,2019-02-15T00:00:00.000Z,530,43471,1414,5,5,7,1942,0,0,0,N,0,14A27,VENICE BL,HUGHES AV,0,,Y,A,-,N,,0,0,,,0,,,,Y,4,0,1,2,A,-,9,21801,A,N,A,C,A,A,H,-,C,A,0,,,,,Y,,D,22,0,0,1,0,0,0,0,0,0,- ,- ,0,0,600,2,LOS ANGELES,LOS ANGELES,CA,-118.3988922,34.02340317,"VENICE BLVD & HUGHES AVE, LOS ANGELES, CA",VENICE BLVD,HUGHES AVE,111056,
-118.3800751,33.94559479,29190,8842497,2019,2019-04-19T00:00:00.000Z,1942,2019-02-18T00:00:00.000Z,350,42463,1488,1,5,7,1942,0,0,0,N,0,14A13,CENTURY BL,BELLANCA AV,10,W,N,G,-,N,,0,0,,,0,,,,Y,3,0,1,2,A,-,3,22350,,N,C,D,A,A,H,-,C,A,0,,,,,Y,,A,1,0,1,0,0,0,0,0,0,0,- ,- ,0,0,600,2,LOS ANGELES,LOS ANGELES,CA,-118.3800751,33.94559479,"CENTURY BLVD & BELLANCA AVE, LOS ANGELES, CA",CENTURY BLVD,BELLANCA AVE,109132,
-118.2156646,34.07433319,29191,8843600,2019,2019-06-03T00:00:00.000Z,1942,2019-02-23T00:00:00.000Z,455,39276,415,6,5,7,1942,0,0,0,D,0,4A15,DALY,BROADWAY,255,N,N,A,-,N,,0,0,,,0,,,,N,0,0,0,2,A,-,1,23152,A,N,A,E,A,A,-,-,C,D,0,,,,,Y,Y,A,1,0,0,0,0,0,0,0,0,0,- ,- ,0,0,600,2,LOS ANGELES,LOS ANGELES,CA,-118.2156646,34.07433319,"DALY ST & N BROADWAY, LOS ANGELES, CA",DALY ST,N BROADWAY,111238,
-118.2652821,34.01533508,29192,8844497,2019,2019-04-19T00:00:00.000Z,1942,2019-02-16T00:00:00.000Z,400,42731,1343,6,5,7,1942,0,0,0,M,0,13A27,JEFFERSON BL,S SAN PEDRO ST,0,,Y,B,-,N,,0,0,,,0,,,,Y,0,0,0,1,D,-,0,0,,M,H,-,A,B,H,-,C,-,0,,,,,Y,,-,- ,0,0,0,0,0,0,0,0,0,- ,- ,0,0,600,2,LOS ANGELES,LOS ANGELES,CA,-118.2652821,34.01533508,"JEFFERSON BLVD & SAN PEDRO ST, LOS ANGELES, CA",JEFFERSON BLVD,SAN PEDRO ST,103343,
-118.3257092,34.08892059,29193,8846156,2019,2019-05-02T00:00:00.000Z,1942,2019-02-24T00:00:00.000Z,514,32894,656,7,5,7,1942,0,0,0,F,0,6A63,ROMAINE ST,VINE ST,280,E,N,A,-,N,,0,0,,,0,,,,Y,0,0,0,3,A,-,3,22350,,N,B,E,A,A,H,-,C,D,0,,,,,Y,Y,A,7,0,0,0,0,0,0,0,0,0,- ,- ,0,0,600,2,LOS ANGELES,LOS ANGELES,CA,-118.3257092,34.08892059,"ROMAINE ST & VINE ST, LOS ANGELES, CA",ROMAINE ST,VINE ST,118181,
-118.3482074,34.09799194,29194,8847763,2019,2019-04-23T00:00:00.000Z,1942,2019-02-11T00:00:00.000Z,300,41957,644,1,5,7,1942,0,0,0,F,0,6A45,SUNSET BL,POINSETTIA PL,50,E,N,A,-,N,,0,0,,,0,,,,Y,4,0,3,2,A,-,7,21658,A,N,B,C,A,A,H,-,C,A,0,,,,,Y,,A,1,0,0,3,0,0,0,0,0,0,- ,- ,0,0,600,2,LOS ANGELES,LOS ANGELES,CA,-118.3482074,34.09799194,"SUNSET BLVD & POINSETTIA PL, LOS ANGELES, CA",SUNSET BLVD,POINSETTIA PL,114553,
-118.2740557,34.02095795,29195,8847831,2019,2019-04-22T00:00:00.000Z,1942,2019-02-16T00:00:00.000Z,450,37600,1331,6,5,7,1942,0,0,0,M,0,13A75,HILL ST,32ND ST,40,S,N,A,-,N,,0,0,,,0,,,,N,4,0,1,2,A,-,3,22350,A,F,H,E,A,A,H,-,D,-,0,,,,,Y,Y,-,99,0,0,1,0,0,0,0,0,0,- ,- ,0,0,600,2,LOS ANGELES,LOS ANGELES,CA,-118.2740557,34.02095795,"HILL ST & 32ND ST, LOS ANGELES, CA",HILL ST,32ND ST,99839,
-118.3092321,34.09488297,29196,8847927,2019,2019-04-23T00:00:00.000Z,1942,2019-02-12T00:00:00.000Z,550,42330,668,2,5,7,1942,0,0,0,F,0,6A79,FOUNTAIN,WESTERN,0,,Y,A,-,N,,0,0,,,0,,,,Y,4,0,2,2,A,-,12,21453,A,N,D,C,A,A,H,-,A,A,0,,,,,Y,,A,1,0,0,2,0,0,0,0,0,0,- ,- ,0,0,600,2,LOS ANGELES,LOS ANGELES,CA,-118.3092321,34.09488297,"FOUNTAIN AVE & WESTERN AVE, LOS ANGELES, CA",FOUNTAIN AVE,WESTERN AVE,128649,
-118.3324621,34.09072495,29197,8849598,2019,2019-05-03T00:00:00.000Z,1942,2019-02-09T00:00:00.000Z,300,43480,666,6,5,7,1942,0,0,0,F,0,6A67,SANTA MONICA BL,HUDSON AV,0,,Y,A,-,N,,0,0,,,0,,,,N,4,0,1,2,A,-,21,22106,,F,H,C,A,A,H,-,C,D,0,,,,,Y,Y,-,99,0,0,1,0,0,0,0,0,0,- ,- ,0,0,600,2,LOS ANGELES,LOS ANGELES,CA,-118.3324621,34.09072495,"SANTA MONICA BLVD & HUDSON AVE, LOS ANGELES, CA",SANTA MONICA BLVD,HUDSON AVE,100522,
-118.2285393,34.01971817,29198,8434385,2019,2019-05-14T00:00:00.000Z,1942,2019-02-21T00:00:00.000Z,830,43601,1309,4,5,7,1942,0,0,0,M,0,13A9,15TH ST,16TH ST,10,N,N,B,-,N,,0,0,,,0,,,,N,4,0,1,2,A,-,8,22107,,N,B,D,A,A,H,-,A,A,0,,,,,Y,,A,1,0,0,1,0,0,0,0,0,0,- ,- ,0,0,900,2,LOS ANGELES,LOS ANGELES,CA,-118.2285393,34.01971817,"15TH ST & 16TH ST, LOS ANGELES, CA",15TH ST,16TH ST,165701,
-118.2776322,34.10670471,29199,8648686,2019,2019-03-05T00:00:00.000Z,1942,2019-02-07T00:00:00.000Z,805,38729,1143,4,5,7,1942,0,0,0,K,0,11A71,LYRIC AV,SAINT GEORGE ST,0,,Y,A,-,N,,0,0,,,0,,,,Y,1,1,0,2,A,-,10,21950,A,N,G,B,B,A,H,-,A,D,0,Y,,,,Y,,A,1,0,0,0,1,0,0,0,0,0,- ,- ,0,0,900,2,LOS ANGELES,LOS ANGELES,CA,-118.2776322,34.10670471,"LYRIC AVE & ST GEORGE ST, LOS ANGELES, CA",LYRIC AVE,ST GEORGE ST,100399,
-118.2584523,33.93089676,29200,8784830,2019,2019-02-20T00:00:00.000Z,1942,2019-02-05T00:00:00.000Z,800,38732,1864,2,5,7,1942,0,0,0,R,0,18H33,IMPERIAL HWY,WADSWORTH,60,E,N,C,-,N,,0,0,,,0,,,,Y,0,0,0,1,A,-,3,22350,,N,C,E,A,B,H,-,A,D,0,,,,,Y,,A,7,0,0,0,0,0,0,0,0,0,- ,- ,0,0,900,2,LOS ANGELES,LOS ANGELES,CA,-118.2584523,33.93089676,"IMPERIAL HWY & WADSWORTH AVE, LOS ANGELES, CA",IMPERIAL HWY,WADSWORTH AVE,127877,
-118.2827521,34.0083046,29201,8791978,2019,2019-02-28T00:00:00.000Z,1942,2019-02-01T00:00:00.000Z,745,39094,399,5,5,7,1942,0,0,0,C,0,3A99,FIGUEROA ST,41ST PL,0,,Y,A,-,N,,0,0,,,0,,,,Y,3,0,2,2,A,-,4,21703,,N,C,C,A,A,H,-,A,D,0,,,,,Y,,A,8,0,1,1,0,0,0,0,0,0,- ,- ,0,0,900,2,LOS ANGELES,LOS ANGELES,CA,-118.2827521,34.0083046,"FIGUEROA ST & 41ST PL, LOS ANGELES, CA",FIGUEROA ST,41ST PL,103389,
-118.3349356,33.98057938,29202,8792159,2019,2019-03-19T00:00:00.000Z,1942,2019-02-06T00:00:00.000Z,805,27259,1241,3,5,7,1942,0,0,0,L,0,12A51,E HYDE PARK BL,WEST BL,84,E,N,A,-,N,,0,0,,,0,,,,N,4,0,2,2,A,-,3,22350,,N,B,C,A,A,H,-,A,A,0,,,,,Y,,A,1,0,0,2,0,0,0,0,0,0,- ,- ,0,0,900,2,LOS ANGELES,LOS ANGELES,CA,-118.3349356,33.98057938,"HYDE PARK BLVD & WEST BLVD, LOS ANGELES, CA",HYDE PARK BLVD,WEST BLVD,131146,
-118.4533203,34.20571518,29203,8793016,2019,2019-02-26T00:00:00.000Z,1942,2019-02-09T00:00:00.000Z,600,43510,,6,5,7,1942,0,0,0,,0,9A41,RUNNYMEDE ST,CEDROS AV,60,W,N,A,-,N,,0,0,,,0,,,,Y,0,0,0,2,A,-,8,22107,,M,B,E,A,A,H,-,C,D,0,,,,,Y,,A,1,0,0,0,0,0,0,0,0,0,- ,- ,0,0,900,2,LOS ANGELES,LOS ANGELES,CA,-118.4533203,34.20571518,"RUNNYMEDE ST & CEDROS AVE, LOS ANGELES, CA",RUNNYMEDE ST,CEDROS AVE,115501,
-118.2383741,33.9333992,29204,8793048,2019,2019-02-28T00:00:00.000Z,1942,2019-02-01T00:00:00.000Z,800,43551,1849,5,5,7,1942,0,0,0,R,0,18A97,112TH ST,WILMINGTON,200,E,N,A,-,N,,0,0,,,0,,,,N,4,0,1,2,A,-,7,21658,A,F,B,C,A,A,H,-,A,D,0,,,,,Y,,-,99,0,0,1,0,0,0,0,0,0,- ,- ,0,0,900,2,LOS ANGELES,LOS ANGELES,CA,-118.2383741,33.9333992,"112TH ST & WILMINGTON AVE, LOS ANGELES, CA",112TH ST,WILMINGTON AVE,99741,
-118.3374321,34.00715637,29205,8793060,2019,2019-02-27T00:00:00.000Z,1942,2019-02-11T00:00:00.000Z,750,40404,363,1,5,7,1942,0,0,0,C,0,3A63,STOCKER ST,SANTA ROSALIA DR,0,,Y,A,-,N,,0,0,,,0,,,,Y,2,0,2,3,A,-,9,21801,A,N,A,C,A,A,H,-,A,A,0,,,,,Y,,A,1,1,0,1,0,0,0,0,0,0,- ,- ,0,0,900,2,LOS ANGELES,LOS ANGELES,CA,-118.3374321,34.00715637,"STOCKER ST & SANTA ROSALIA DR, LOS ANGELES, CA",STOCKER ST,SANTA ROSALIA DR,99772,
-118.2918121,33.96261978,29206,8793102,2019,2019-02-27T00:00:00.000Z,1942,2019-02-04T00:00:00.000Z,800,38296,1267,1,5,7,1942,0,0,0,L,0,12A53,VERMONT AV,84TH ST,46,S,N,C,-,N,,0,0,,,0,,,,Y,4,0,2,3,A,-,3,22350,,N,C,C,A,B,H,-,A,D,0,,,,,Y,,A,7,0,0,2,0,0,0,0,0,0,- ,- ,0,0,900,2,LOS ANGELES,LOS ANGELES,CA,-118.2918121,33.96261978,"VERMONT AVE & 84TH ST, LOS ANGELES, CA",VERMONT AVE,84TH ST,98770,
-118.2741921,33.77933502,29207,8793107,2019,2019-02-27T00:00:00.000Z,1942,2019-02-03T00:00:00.000Z,745,31669,524,7,5,7,1942,0,0,0,E,0,25TL41,ANAHEIM ST,WILMINGTON BL,0,,Y,B,C,N,,0,0,,,0,,,,Y,4,0,1,3,A,-,12,21453,A,F,D,C,A,B,H,-,A,A,0,,,,,Y,,-,99,0,0,1,0,0,0,0,0,0,- ,- ,0,0,900,2,LOS ANGELES,LOS ANGELES,CA,-118.2741921,33.77933502,"ANAHEIM ST & WILMINGTON BLVD, LOS ANGELES, CA",ANAHEIM ST,WILMINGTON BLVD,131331,
-118.3062621,33.83146668,29208,8793115,2019,2019-02-26T00:00:00.000Z,1942,2019-02-05T00:00:00.000Z,840,31188,506,2,5,7,1942,0,0,0,E,0,25TL23,CARSON ST,HARVARD BL,70,E,N,A,-,N,,0,0,,,0,,,,Y,3,0,1,2,A,-,9,21801,A,N,D,C,A,B,H,-,A,A,0,,,Y,,Y,,C,2,0,1,0,0,0,0,0,0,0,- ,- ,0,0,900,2,LOS ANGELES,LOS ANGELES,CA,-118.3062621,33.83146667,"CARSON ST & HARVARD BLVD, LOS ANGELES, CA",CARSON ST,HARVARD BLVD,106775,
-118.4384956,34.30451584,29209,8793231,2019,2019-02-25T00:00:00.000Z,1942,2019-02-03T00:00:00.000Z,620,36744,1916,7,5,7,1942,0,0,0,,0,19A7,HERRON ST,BORDEN AV,180,E,N,C,-,N,,0,0,,,0,,,,N,0,0,0,3,A,-,8,22107,,M,B,C,A,B,H,-,C,D,0,,,,,Y,,A,7,0,0,0,0,0,0,0,0,0,- ,- ,0,0,900,2,LOS ANGELES,LOS ANGELES,CA,-118.4384956,34.30451584,"HERRON ST & BORDEN AVE, LOS ANGELES, CA",HERRON ST,BORDEN AVE,119223,
-118.3352126,34.01095963,29210,8793233,2019,2019-02-25T00:00:00.000Z,1942,2019-02-11T00:00:00.000Z,730,38503,363,1,5,7,1942,0,0,0,C,0,25T41,MARTIN LUTHER KING JR BL,CRENSHAW BL,25,W,N,A,-,N,,0,0,,,0,,,,N,0,0,0,2,A,-,3,22350,,M,C,C,A,A,H,-,A,D,0,,,,,Y,,-,99,0,0,0,0,0,0,0,0,0,- ,- ,0,0,900,2,LOS ANGELES,LOS ANGELES,CA,-118.3352126,34.01095963,"MARTIN LUTHER KING JR BLVD & CRENSHAW BLVD, LOS ANGELES, CA",MARTIN LUTHER KING JR BLVD,CRENSHAW BLVD,148016,
-118.5623158,34.2210083,29211,8793524,2019,2019-02-25T00:00:00.000Z,1942,2019-02-07T00:00:00.000Z,715,39085,1792,4,5,7,1942,0,0,0,Q,0,17A81,CORBIN AV,S SCHOENBORN ST,35,S,N,A,-,N,,0,0,,,0,,,,N,0,0,0,2,A,-,8,22107,,M,B,-,A,A,H,-,A,D,0,,,,,Y,,-,99,0,0,0,0,0,0,0,0,0,- ,- ,0,0,900,2,LOS ANGELES,LOS ANGELES,CA,-118.5623158,34.2210083,"CORBIN AVE & SCHOENBORN ST, LOS ANGELES, CA",CORBIN AVE,SCHOENBORN ST,143516,
-118.316216,33.9454689,29212,8794002,2019,2019-03-04T00:00:00.000Z,1942,2019-02-09T00:00:00.000Z,600,43620,999,6,5,7,1942,0,0,0,,0,1262,CENTURY BL,HAAS AV,65,W,N,C,-,N,,0,0,,,0,,,,Y,3,0,1,1,A,-,3,22350,,N,E,I,A,B,G,-,C,D,0,,,,,Y,,-,,0,1,0,0,0,0,0,0,0,- ,- ,0,0,900,2,LOS ANGELES,LOS ANGELES,CA,-118.316216,33.9454689,"CENTURY BLVD & HAAS AVE, LOS ANGELES, CA",CENTURY BLVD,HAAS AVE,134581,
-118.2911929,33.99321747,29213,8794017,2019,2019-02-28T00:00:00.000Z,1942,2019-02-11T00:00:00.000Z,745,42030,1215,1,5,7,1942,0,0,0,L,0,12A15,W 54TH ST,VERMONT AV,100,E,N,A,-,N,,0,0,,,0,,,,N,4,0,2,2,A,-,4,21703,,F,C,C,A,A,H,-,A,A,0,,,,,Y,,-,99,0,0,2,0,0,0,0,0,0,- ,- ,0,0,900,2,LOS ANGELES,LOS ANGELES,CA,-118.2911929,33.99321747,"54TH ST & VERMONT AVE, LOS ANGELES, CA",54TH ST,VERMONT AVE,138170,
-118.2916802,33.97462463,29214,8794047,2019,2019-03-04T00:00:00.000Z,1942,2019-02-14T00:00:00.000Z,820,43540,1245,4,5,7,1942,0,0,0,L,0,12A15,FLORENCE,VERMONT,34,E,N,C,-,N,,0,0,,,0,,,,Y,4,0,3,4,A,-,4,21703,,N,C,C,A,B,H,-,B,D,0,,,,,Y,,A,7,0,0,3,0,0,0,0,0,0,- ,- ,0,0,900,2,LOS ANGELES,LOS ANGELES,CA,-118.2916802,33.97462463,"FLORENCE AVE & VERMONT AVE, LOS ANGELES, CA",FLORENCE AVE,VERMONT AVE,116314,
-118.3995642,34.02797699,29215,8794060,2019,2019-03-01T00:00:00.000Z,1942,2019-02-14T00:00:00.000Z,855,42901,1409,4,5,7,1942,0,0,0,N,0,14A27,WATSEKA AV,EXPOSITION BL,280,S,N,C,-,N,,0,0,,,0,,,,N,4,0,1,2,A,-,11,21956,A,N,G,B,D,B,H,-,A,D,0,Y,,,,Y,,N,60,0,0,1,0,1,0,0,0,0,- ,- ,0,0,900,2,LOS ANGELES,LOS ANGELES,CA,-118.3995642,34.02797699,"WATSEKA AVE & EXPOSITION BLVD, LOS ANGELES, CA",WATSEKA AVE,EXPOSITION BLVD,131957,
-118.2827622,34.01055527,29216,8794071,2019,2019-03-01T00:00:00.000Z,1942,2019-02-15T00:00:00.000Z,710,31188,399,5,5,7,1942,0,0,0,C,0,25TL41,FIGUEROA ST,40TH ST,0,,Y,A,-,N,,0,0,,,0,,,,N,4,0,2,2,A,-,9,21801,A,N,C,C,A,B,H,-,A,A,0,,,,,Y,,A,1,0,0,2,0,0,0,0,0,0,- ,- ,0,0,900,2,LOS ANGELES,LOS ANGELES,CA,-118.2827622,34.01055527,"FIGUEROA ST & 40TH PL, LOS ANGELES, CA",FIGUEROA ST,40TH PL,99807,
-118.3224121,34.02963638,29217,8794075,2019,2019-03-01T00:00:00.000Z,1942,2019-02-13T00:00:00.000Z,730,39745,335,3,5,7,1942,0,0,0,C,0,3A31,MONTCLAIR ST,5TH AV,0,,Y,B,-,N,,0,0,,,0,,,,N,4,0,1,2,A,-,9,21802,A,N,D,C,A,B,H,-,B,A,0,,,,,Y,,A,8,0,0,1,0,0,0,0,0,0,- ,- ,0,0,900,2,LOS ANGELES,LOS ANGELES,CA,-118.3224121,34.02963638,"MONTCLAIR ST & 5TH AVE, LOS ANGELES, CA",MONTCLAIR ST,5TH AVE,124532,
-118.3462425,34.08296967,29218,8796283,2019,2019-02-27T00:00:00.000Z,1942,2019-02-01T00:00:00.000Z,800,38282,705,5,5,7,1942,0,0,0,G,0,7A1,FORMOSA AV,MELROSE AV,181,S,N,A,-,N,,0,0,,,0,,,,N,0,0,0,2,A,-,8,22107,,N,B,E,A,A,H,-,A,D,0,,,,,Y,,A,7,0,0,0,0,0,0,0,0,0,- ,- ,0,0,900,2,LOS ANGELES,LOS ANGELES,CA,-118.3462425,34.08296967,"FORMOSA AVE & MELROSE AVE, LOS ANGELES, CA",FORMOSA AVE,MELROSE AVE,100349,
-118.3922076,34.09322739,29219,8796315,2019,2019-02-27T00:00:00.000Z,1942,2019-02-01T00:00:00.000Z,735,38721,631,5,5,7,1942,0,0,0,F,0,6A31,DOHENY DR,SAINT IVES DR,193,S,N,A,B,N,,0,0,,,0,,,,Y,0,0,0,2,A,-,5,21650,,M,G,B,E,A,H,-,A,A,0,Y,,,,Y,,A,1,0,0,0,0,0,0,0,0,0,- ,- ,0,0,900,2,LOS ANGELES,LOS ANGELES,CA,-118.3922076,34.09322739,"DOHENY DR & ST IVES DR, LOS ANGELES, CA",DOHENY DR,ST IVES DR,121534,
-118.3037107,33.83149719,29220,8797180,2019,2019-02-19T00:00:00.000Z,1942,2019-02-03T00:00:00.000Z,850,37724,506,7,5,7,1942,0,0,0,E,0,5A1,W CARSON ST,DENKER ST,40,E,N,A,-,N,,0,0,,,0,,,,N,0,0,0,3,A,-,3,22350,,M,C,C,A,A,H,-,A,D,0,,,,,Y,,-,99,0,0,0,0,0,0,0,0,0,- ,- ,0,0,900,2,LOS ANGELES,LOS ANGELES,CA,-118.3037107,33.83149719,"CARSON ST & DENKER AVE, LOS ANGELES, CA",CARSON ST,DENKER AVE,124328,
-118.2936821,33.98500443,29221,8797184,2019,2019-02-15T00:00:00.000Z,1942,2019-02-02T00:00:00.000Z,700,40494,1239,6,5,7,1942,0,0,0,L,0,25T27W,60TH PL,KANSAS AV,0,,Y,C,-,N,,0,0,,,0,,,,N,0,0,0,2,A,-,0,21650,A,M,A,E,A,B,H,-,A,D,0,,,,,Y,,-,99,0,0,0,0,0,0,0,0,0,- ,- ,0,0,900,2,LOS ANGELES,LOS ANGELES,CA,-118.2936821,33.98500443,"60TH PL & KANSAS AVE, LOS ANGELES, CA",60TH PL,KANSAS AVE,106525,
-118.457498,33.9962616,29222,8796178,2019,2019-03-14T00:00:00.000Z,1942,2019-01-21T00:00:00.000Z,1220,40452,1432,1,5,7,1942,0,0,0,N,0,14A13,LINCOLN BL,SUPERBA AV,61,S,N,A,-,N,,0,0,,,0,,,,N,0,0,0,2,A,-,8,22107,,M,B,E,A,A,H,-,A,D,0,,,,,Y,,-,99,0,0,0,0,0,0,0,0,0,- ,- ,0,0,1500,1,LOS ANGELES,LOS ANGELES,CA,-118.457498,33.9962616,"LINCOLN BLVD & SUPERBA AVE, LOS ANGELES, CA",LINCOLN BLVD,SUPERBA AVE,107202,
-118.4555606,33.99406433,29223,8796819,2019,2019-02-13T00:00:00.000Z,1942,2019-01-21T00:00:00.000Z,1315,41376,1432,1,5,7,1942,0,0,0,N,0,14A13,VICTORIA AV,MARIAN PL,125,N,N,A,-,N,,0,0,,,0,,,,Y,0,0,0,2,A,-,1,23152,A,N,B,E,A,A,H,-,A,D,0,,,,,Y,Y,A,8,0,0,0,0,0,0,0,0,0,- ,- ,0,0,1500,1,LOS ANGELES,LOS ANGELES,CA,-118.4555606,33.99406433,"VICTORIA AVE & MARIAN PL, LOS ANGELES, CA",VICTORIA AVE,MARIAN PL,126657,
-118.3537221,34.02719498,29224,8797205,2019,2019-03-20T00:00:00.000Z,1942,2019-02-05T00:00:00.000Z,805,41548,331,2,5,7,1942,0,0,0,C,0,3A31,LA BREA AV,ROSELAND ST,0,,Y,C,-,N,,0,0,,,0,,,,Y,4,0,2,2,A,-,8,22101,D,N,B,C,A,B,H,-,A,D,0,,,,,Y,,A,1,0,0,2,0,0,0,0,0,0,- ,- ,0,0,900,2,LOS ANGELES,LOS ANGELES,CA,-118.3537221,34.02719498,"LA BREA AVE & ROSELAND ST, LOS ANGELES, CA",LA BREA AVE,ROSELAND ST,103326,
-118.3003296,34.03868103,29225,8797367,2019,2019-02-21T00:00:00.000Z,1942,2019-02-02T00:00:00.000Z,700,34959,2093,6,5,7,1942,0,0,0,,0,20A71,NORMANDIE AV,CORDOVA ST,137,S,N,C,-,N,,0,0,,,0,,,,Y,4,0,2,2,A,-,7,21658,A,N,B,C,A,B,H,-,A,D,0,,,,,Y,,A,1,0,0,2,0,0,0,0,0,0,- ,- ,0,0,900,2,LOS ANGELES,LOS ANGELES,CA,-118.3003296,34.03868103,"NORMANDIE AVE & CORDOVA ST, LOS ANGELES, CA",NORMANDIE AVE,CORDOVA ST,149095,
-118.2542205,33.77506638,29226,8798578,2019,2019-02-15T00:00:00.000Z,1942,2019-02-02T00:00:00.000Z,710,41933,529,6,5,7,1942,0,0,0,E,0,5A17,EUBANK AV,D ST,172,N,N,C,-,N,,0,0,,,0,,,,N,0,0,0,2,A,-,3,22350,,M,C,E,A,B,H,-,A,D,0,,,,,Y,,-,99,0,0,0,0,0,0,0,0,0,- ,- ,0,0,900,2,LOS ANGELES,LOS ANGELES,CA,-118.2542205,33.77506638,"EUBANK AVE & D ST, LOS ANGELES, CA",EUBANK AVE,D ST,103191,
-118.4502561,34.241539,29227,8798881,2019,2019-02-21T00:00:00.000Z,1942,2019-02-03T00:00:00.000Z,650,39217,1964,7,5,7,1942,0,0,0,,0,19A75,VAN NUYS BL,GLEDHILL ST,60,N,N,C,-,N,,0,0,,,0,,,,Y,0,0,0,4,A,-,8,22107,,M,B,-,A,B,H,-,A,D,0,,,,,Y,,A,7,0,0,0,0,0,0,0,0,0,- ,- ,0,0,900,2,LOS ANGELES,LOS ANGELES,CA,-118.4502561,34.241539,"VAN NUYS BLVD & GLEDHILL ST, LOS ANGELES, CA",VAN NUYS BLVD,GLEDHILL ST,98009,
-118.5753822,34.20008469,29228,8798889,2019,2019-02-21T00:00:00.000Z,1942,2019-02-01T00:00:00.000Z,800,40398,2148,5,5,7,1942,0,0,0,,0,21A29,OSO AV,ENADIA WY,0,,Y,B,-,N,,0,0,,,0,,,,N,0,0,0,2,A,-,9,21802,A,M,D,C,A,A,H,-,A,A,0,,,,,Y,,A,7,0,0,0,0,0,0,0,0,0,- ,- ,0,0,900,2,LOS ANGELES,LOS ANGELES,CA,-118.5753822,34.20008469,"OSO AVE & ENADIA WAY, LOS ANGELES, CA",OSO AVE,ENADIA WAY,129606,