X,Y,OBJECTID,case_id,accident_year,proc_date,juris,collision_date,collision_time,officer_id,reporting_district,day_of_week,chp_shift,population,cnty_city_loc,special_cond,beat_type,chp_beat_type,city_division_lapd,chp_beat_class,beat_number,primary_rd,secondary_rd,distance,direction,intersection,weather_1,weather_2,state_hwy_ind,caltrans_county,caltrans_district,state_route,route_suffix,postmile_prefix,postmile,location_type,ramp_intersection,side_of_hwy,tow_away,collision_severity,number_killed,number_injured,party_count,primary_coll_factor,pcf_code_of_viol,pcf_viol_category,pcf_violation,pcf_viol_subsection,hit_and_run,type_of_collision,mviw,ped_action,road_surface,road_cond_1,road_cond_2,lighting,control_device,chp_road_type,pedestrian_accident,bicycle_accident,motorcycle_accident,truck_accident,not_private_property,alcohol_involved,stwd_vehtype_at_fault,chp_vehtype_at_fault,count_severe_inj,count_visible_inj,count_complaint_pain,count_ped_killed,count_ped_injured,count_bicyclist_killed,count_bicyclist_injured,count_mc_killed,count_mc_injured,primary_ramp,secondary_ramp,latitude,longitude,timecat,month_,city,county,state,point_x,point_y,match_addr,m_primaryrd,m_secondrd,int_id,Flag
-118.3000322,34.05262375,29593,8793632,2019,2019-03-05T00:00:00.000Z,1942,2019-02-09T00:00:00.000Z,1151,41671,2054,6,5,7,1942,0,0,0,,0,20A53,NORMANDIE AV,OLYMPIC BL,0,,Y,B,-,N,,0,0,,,0,,,,Y,3,0,2,2,A,-,9,21801,A,N,D,C,A,B,H,-,A,A,0,,,,,Y,,D,22,0,1,1,0,0,0,0,0,0,- ,- ,0,0,1200,2,LOS ANGELES,LOS ANGELES,CA,-118.3000322,34.05262375,"NORMANDIE AVE & OLYMPIC BLVD, LOS ANGELES, CA",NORMANDIE AVE,OLYMPIC BLVD,110456,
-118.3428221,34.092556,29595,8794028,2019,2019-03-01T00:00:00.000Z,1942,2019-02-08T00:00:00.000Z,910,39655,663,5,5,7,1942,0,0,0,F,0,6A63,N SYCAMORE AV,LEXINGTON AV,0,,Y,A,-,N,,0,0,,,0,,,,N,3,0,1,2,A,-,10,21950,A,N,G,B,B,A,H,-,A,A,0,Y,,,,Y,,A,7,0,1,0,0,1,0,0,0,0,- ,- ,0,0,1200,2,LOS ANGELES,LOS ANGELES,CA,-118.3428221,34.092556,"SYCAMORE AVE & LEXINGTON AVE, LOS ANGELES, CA",SYCAMORE AVE,LEXINGTON AVE,107461,
-118.269705,33.93121719,29596,8794041,2019,2019-02-28T00:00:00.000Z,1942,2019-02-11T00:00:00.000Z,1000,43611,1863,1,5,7,1942,0,0,0,R,0,18A63,IMPERIAL HWY,SAN PEDRO ST,50,W,N,A,-,N,,0,0,,,0,,,,N,4,0,1,2,A,-,7,21658,A,N,B,C,A,A,H,-,A,A,0,,,,,Y,,A,1,0,0,1,0,0,0,0,0,0,- ,- ,0,0,1200,2,LOS ANGELES,LOS ANGELES,CA,-118.269705,33.93121719,"IMPERIAL HWY & SAN PEDRO ST, LOS ANGELES, CA",IMPERIAL HWY,SAN PEDRO ST,144163,
-118.3078722,34.06716538,29597,8794076,2019,2019-03-01T00:00:00.000Z,1942,2019-02-12T00:00:00.000Z,1015,43069,2023,2,5,7,1942,0,0,0,,0,20A69,4TH ST,OXFORD AV,0,,Y,A,-,N,,0,0,,,0,,,,Y,4,0,1,2,A,-,12,22450,A,N,D,C,A,A,H,-,A,A,0,,,,,Y,,A,1,0,0,1,0,0,0,0,0,0,- ,- ,0,0,1200,2,LOS ANGELES,LOS ANGELES,CA,-118.3078722,34.06716537,"4TH ST & OXFORD AVE, LOS ANGELES, CA",4TH ST,OXFORD AVE,121893,
-118.4497043,33.9925499,29598,8795850,2019,2019-04-29T00:00:00.000Z,1942,2019-02-11T00:00:00.000Z,1025,35945,1443,1,5,7,1942,0,0,0,N,0,14A45,LINCOLN BL,ZANJA ST,100,N,N,A,-,Y,LA,7,1,-,-,31.96,H,-,N,N,0,0,0,2,A,-,21,22106,,M,H,E,A,A,H,-,A,D,0,,,,,Y,,-,99,0,0,0,0,0,0,0,0,0,- ,- ,0,0,1200,2,LOS ANGELES,LOS ANGELES,CA,-118.4497043,33.9925499,"LINCOLN BLVD & ZANJA ST, LOS ANGELES, CA",LINCOLN BLVD,ZANJA ST,135122,
-118.3504578,34.01815033,29599,8796767,2019,2019-03-15T00:00:00.000Z,1942,2019-02-06T00:00:00.000Z,910,40404,362,3,5,7,1942,0,0,0,C,0,3A63,NICOLET AV,COLISEUM ST,46,S,N,A,-,N,,0,0,,,0,,,,N,4,0,1,2,A,-,5,21650,,F,B,C,A,A,H,-,A,A,0,,,,,Y,,A,1,0,0,1,0,0,0,0,0,0,- ,- ,0,0,1200,2,LOS ANGELES,LOS ANGELES,CA,-118.3504578,34.01815033,"NICOLET AVE & COLISEUM ST, LOS ANGELES, CA",NICOLET AVE,COLISEUM ST,109438,
-118.2651821,33.94372559,29600,8797123,2019,2019-02-19T00:00:00.000Z,1942,2019-02-02T00:00:00.000Z,1130,34217,1824,6,5,7,1942,0,0,0,R,0,12A53,AVALON BL,103RD ST,11,S,N,C,-,N,,0,0,,,0,,,,N,0,0,0,2,A,-,9,21801,A,N,B,C,A,B,H,-,A,A,0,,,,,Y,,A,7,0,0,0,0,0,0,0,0,0,- ,- ,0,0,1200,2,LOS ANGELES,LOS ANGELES,CA,-118.2651821,33.94372559,"AVALON BLVD & 103RD ST, LOS ANGELES, CA",AVALON BLVD,103RD ST,119769,
-118.2899432,34.003685,29601,8797135,2019,2019-02-19T00:00:00.000Z,1942,2019-02-02T00:00:00.000Z,1045,42164,396,6,5,7,1942,0,0,0,C,0,3XL97,VERNON AV,MENLO AV,27,E,N,C,-,N,,0,0,,,0,,,,Y,0,0,0,3,A,-,4,21703,,M,C,C,A,B,H,-,A,A,0,,,,,Y,,-,99,0,0,0,0,0,0,0,0,0,- ,- ,0,0,1200,2,LOS ANGELES,LOS ANGELES,CA,-118.2899432,34.003685,"VERNON AVE & MENLO AVE, LOS ANGELES, CA",VERNON AVE,MENLO AVE,99791,
-118.3351525,34.02552033,29602,8797143,2019,2019-02-15T00:00:00.000Z,1942,2019-02-03T00:00:00.000Z,1000,43470,334,7,5,7,1942,0,0,0,C,0,3A31,CRENSHAW BL,JEFFERSON BL,20,S,N,B,-,N,,0,0,,,0,,,,N,0,0,0,2,A,-,4,21703,,M,C,C,A,B,-,-,A,A,0,,,,,Y,,-,99,0,0,0,0,0,0,0,0,0,- ,- ,0,0,1200,2,LOS ANGELES,LOS ANGELES,CA,-118.3351525,34.02552032,"CRENSHAW BLVD & JEFFERSON BLVD, LOS ANGELES, CA",CRENSHAW BLVD,JEFFERSON BLVD,106837,
-118.3423918,34.01190949,29603,8797253,2019,2019-02-21T00:00:00.000Z,1942,2019-02-03T00:00:00.000Z,1015,37411,363,7,5,7,1942,0,0,0,,0,3X97,BUCKINGHAM RD,SANTA ROSALIA,75,S,N,C,-,N,,0,0,,,0,,,,Y,3,0,6,2,A,-,5,21650,,N,A,C,A,B,H,-,A,D,0,,,,,Y,,A,1,0,2,4,0,0,0,0,0,0,- ,- ,0,0,1200,2,LOS ANGELES,LOS ANGELES,CA,-118.3423918,34.01190948,"BUCKINGHAM RD & SANTA ROSALIA DR, LOS ANGELES, CA",BUCKINGHAM RD,SANTA ROSALIA DR,110311,
-118.3452121,34.02149582,29604,8797388,2019,2019-02-21T00:00:00.000Z,1942,2019-02-02T00:00:00.000Z,1100,39745,353,6,5,7,1942,0,0,0,C,0,3A31,RODEO RD,CHESAPEAKE AV,0,,Y,C,-,N,,0,0,,,0,,,,Y,4,0,1,2,A,-,9,21802,A,F,D,C,A,B,H,-,A,A,0,,,,,Y,,D,22,0,0,1,0,0,0,0,0,0,- ,- ,0,0,1200,2,LOS ANGELES,LOS ANGELES,CA,-118.3452121,34.02149582,"RODEO RD & CHESAPEAKE AVE, LOS ANGELES, CA",RODEO RD,CHESAPEAKE AVE,96279,
-118.2917993,33.96455765,29605,8797407,2019,2019-02-26T00:00:00.000Z,1942,2019-02-02T00:00:00.000Z,900,38365,1266,6,5,7,1942,0,0,0,L,0,25T27,VERMONT AV,82ND ST,110,N,N,C,-,N,,0,0,,,0,,,,N,0,0,0,2,A,-,21,22106,,M,D,E,A,B,H,-,A,D,0,,,,,Y,,-,99,0,0,0,0,0,0,0,0,0,- ,- ,0,0,1200,2,LOS ANGELES,LOS ANGELES,CA,-118.2917993,33.96455765,"VERMONT AVE & 82ND ST, LOS ANGELES, CA",VERMONT AVE,82ND ST,112796,
-118.4305984,34.00823212,29606,8797423,2019,2019-02-21T00:00:00.000Z,1942,2019-02-01T00:00:00.000Z,905,36553,1435,5,5,7,1942,0,0,0,N,0,14A25,INGLEWOOD BL,VICTORIA AV,20,N,N,A,-,N,,0,0,,,0,,,,Y,3,0,1,4,A,-,1,23152,F,N,C,C,A,A,H,-,A,A,0,,,,,Y,,D,22,0,1,0,0,0,0,0,0,0,- ,- ,0,0,1200,2,LOS ANGELES,LOS ANGELES,CA,-118.4305984,34.00823212,"INGLEWOOD BLVD & VICTORIA AVE, LOS ANGELES, CA",INGLEWOOD BLVD,VICTORIA AVE,96959,
-118.3775881,34.03674316,29607,8799349,2019,2019-02-25T00:00:00.000Z,1942,2019-02-04T00:00:00.000Z,1130,36940,782,1,5,7,1942,0,0,0,G,0,7A73,LA CIENEGA BL,DAVID AV,200,W,N,C,-,N,,0,0,,,0,,,,N,4,0,1,2,A,-,10,21950,A,F,G,B,B,B,H,-,A,D,0,Y,,,,Y,Y,-,99,0,0,1,0,1,0,0,0,0,- ,- ,0,0,1200,2,LOS ANGELES,LOS ANGELES,CA,-118.3775881,34.03674316,"LA CIENEGA BLVD & DAVID AVE, LOS ANGELES, CA",LA CIENEGA BLVD,DAVID AVE,134861,
-118.3134816,33.98337555,29608,8800791,2019,2019-02-26T00:00:00.000Z,1942,2019-02-09T00:00:00.000Z,910,39397,1243,6,5,7,1942,0,0,0,L,0,12A45,W 62ND ST,GRAMERCY PL,12,W,N,B,-,N,,0,0,,,0,,,,N,4,0,2,3,A,-,9,21801,A,N,A,C,A,A,H,-,A,A,0,,,,Y,Y,,F,76,0,0,2,0,0,0,0,0,0,- ,- ,0,0,1200,2,LOS ANGELES,LOS ANGELES,CA,-118.3134816,33.98337555,"62ND ST & GRAMERCY PL, LOS ANGELES, CA",62ND ST,GRAMERCY PL,103053,
-118.2739121,33.94738388,29609,8800922,2019,2019-02-27T00:00:00.000Z,1942,2019-02-06T00:00:00.000Z,1125,42604,1822,3,5,7,1942,0,0,0,R,0,18A49,MAIN ST,98TH ST,0,,Y,A,-,N,,0,0,,,0,,,,N,4,0,1,2,D,-,0,0,,N,A,G,A,A,H,-,A,D,0,,Y,,,Y,,-,- ,0,0,1,0,0,0,1,0,0,- ,- ,0,0,1200,2,LOS ANGELES,LOS ANGELES,CA,-118.2739122,33.94738388,"MAIN ST & 98TH ST, LOS ANGELES, CA",MAIN ST,98TH ST,120793,
-118.3077792,34.00371552,29610,8800939,2019,2019-03-29T00:00:00.000Z,1942,2019-02-06T00:00:00.000Z,945,42792,395,3,5,7,1942,0,0,0,C,0,3A15,VERNON AV,HOBART BL,10,E,N,A,-,N,,0,0,,,0,,,,N,4,0,1,2,A,-,3,22350,,F,C,C,A,A,H,-,A,D,0,,,,,Y,,-,99,0,0,1,0,0,0,0,0,0,- ,- ,0,0,1200,2,LOS ANGELES,LOS ANGELES,CA,-118.3077792,34.00371552,"VERNON AVE & HOBART BLVD, LOS ANGELES, CA",VERNON AVE,HOBART BLVD,134785,
-118.2564822,33.96937561,29611,8801142,2019,2019-02-22T00:00:00.000Z,1942,2019-02-12T00:00:00.000Z,1015,42004,1269,2,5,7,1942,0,0,0,L,0,12A39,CENTRAL AV,77TH ST,0,,Y,A,-,N,,0,0,,,0,,,,N,4,0,1,2,A,-,9,21801,A,N,D,C,A,A,H,-,A,D,0,,,,,Y,,A,1,0,0,1,0,0,0,0,0,0,- ,- ,0,0,1200,2,LOS ANGELES,LOS ANGELES,CA,-118.2564822,33.96937561,"CENTRAL AVE & 77TH ST, LOS ANGELES, CA",CENTRAL AVE,77TH ST,127260,
-118.5535822,34.22459412,29612,8802397,2019,2019-03-14T00:00:00.000Z,1942,2019-02-06T00:00:00.000Z,1033,31152,1792,3,5,7,1942,0,0,0,Q,0,17A81,TAMPA AV,CHASE ST,0,,Y,A,-,N,,0,0,,,0,,,,Y,3,0,1,2,A,-,9,21801,A,N,D,C,A,A,H,-,A,D,0,,,,,Y,,D,22,0,1,0,0,0,0,0,0,0,- ,- ,0,0,1200,2,LOS ANGELES,LOS ANGELES,CA,-118.5535822,34.22459412,"TAMPA AVE & CHASE ST, LOS ANGELES, CA",TAMPA AVE,CHASE ST,118943,
-118.4138021,34.15761566,29613,8802416,2019,2019-03-13T00:00:00.000Z,1942,2019-02-10T00:00:00.000Z,900,42460,969,7,5,7,1942,0,0,0,I,0,9A37,COLDWATER CANYON AV,RIVERSIDE DR,0,,Y,B,-,N,,0,0,,,0,,,,Y,4,0,2,2,A,-,12,21453,A,N,D,C,A,B,H,-,A,A,0,,,,Y,Y,,F,26,0,0,2,0,0,0,0,0,0,- ,- ,0,0,1200,2,LOS ANGELES,LOS ANGELES,CA,-118.4138021,34.15761566,"COLDWATER CANYON AVE & RIVERSIDE DR, LOS ANGELES, CA",COLDWATER CANYON AVE,RIVERSIDE DR,101853,
-118.5798122,34.23182678,29614,8802428,2019,2019-03-13T00:00:00.000Z,1942,2019-02-15T00:00:00.000Z,1005,43193,1781,5,5,7,1942,0,0,0,Q,0,17A95,NORDHOFF ST,MASON AV,0,,Y,B,-,N,,0,0,,,0,,,,Y,3,0,2,2,A,-,12,21457,A,N,A,C,A,A,H,-,A,B,0,,,,,Y,,D,22,0,1,1,0,0,0,0,0,0,- ,- ,0,0,1200,2,LOS ANGELES,LOS ANGELES,CA,-118.5798122,34.23182678,"NORDHOFF ST & MASON AVE, LOS ANGELES, CA",NORDHOFF ST,MASON AVE,112792,
-118.4512794,34.30132675,29615,8802748,2019,2019-02-21T00:00:00.000Z,1942,2019-02-03T00:00:00.000Z,1120,41158,1925,7,5,7,1942,0,0,0,,0,19A1,NORRIS AV,ASTORIA ST,228,N,N,C,-,N,,0,0,,,0,,,,Y,4,0,1,4,A,-,3,22350,,F,C,C,A,B,F,-,A,D,0,,,,,Y,,A,7,0,0,1,0,0,0,0,0,0,- ,- ,0,0,1200,2,LOS ANGELES,LOS ANGELES,CA,-118.4512794,34.30132675,"NORRIS AVE & ASTORIA ST, LOS ANGELES, CA",NORRIS AVE,ASTORIA ST,143797,
-118.3658721,34.07608414,29616,8802763,2019,2019-02-21T00:00:00.000Z,1942,2019-02-03T00:00:00.000Z,915,34959,711,7,5,7,1942,0,0,0,G,0,7A1,BEVERLY BL,CRESCENT HEIGHTS BL,0,,Y,C,-,N,,0,0,,,0,,,,Y,3,0,2,2,A,-,12,21453,A,F,D,C,A,B,H,-,A,A,0,,,,,Y,,A,1,0,1,1,0,0,0,0,0,0,- ,- ,0,0,1200,2,LOS ANGELES,LOS ANGELES,CA,-118.3658722,34.07608414,"BEVERLY BLVD & CRESCENT HEIGHTS BLVD, LOS ANGELES, CA",BEVERLY BLVD,CRESCENT HEIGHTS BLVD,135410,
-118.2544021,33.92371368,29617,8802794,2019,2019-02-21T00:00:00.000Z,1942,2019-02-03T00:00:00.000Z,1145,42661,1864,7,5,7,1942,0,0,0,R,0,18A17,CENTRAL AV,120TH ST,0,,Y,C,-,N,,0,0,,,0,,,,N,4,0,1,2,A,-,12,21453,A,N,D,C,A,B,H,-,A,A,0,,,,,Y,,-,- ,0,0,1,0,0,0,0,0,0,- ,- ,0,0,1200,2,LOS ANGELES,LOS ANGELES,CA,-118.2544021,33.92371368,"CENTRAL AVE & 120TH ST, LOS ANGELES, CA",CENTRAL AVE,120TH ST,145902,
-118.6059522,34.20283508,29618,8803055,2019,2019-02-22T00:00:00.000Z,1942,2019-02-10T00:00:00.000Z,1120,41158,2134,7,5,7,1942,0,0,0,,0,21A1,TOPANGA CANYON BL,WYANDOTTE ST,0,,Y,C,-,N,,0,0,,,0,,,,Y,4,0,3,2,A,-,3,22350,,F,C,C,A,-,H,-,A,A,0,,,,,Y,,A,7,0,0,3,0,0,0,0,0,0,- ,- ,0,0,1200,2,LOS ANGELES,LOS ANGELES,CA,-118.6059522,34.20283508,"TOPANGA CANYON BLVD & WYANDOTTE ST, LOS ANGELES, CA",TOPANGA CANYON BLVD,WYANDOTTE ST,120049,
-118.2975621,34.03369522,29619,8803722,2019,2019-03-07T00:00:00.000Z,1942,2019-02-15T00:00:00.000Z,900,41729,317,5,5,7,1942,0,0,0,C,0,25TL27,RAYMOND AV,W 25TH ST,0,,Y,A,-,N,,0,0,,,0,,,,N,0,0,0,2,A,-,3,22350,,M,D,E,A,A,H,-,A,D,0,,,,,Y,,-,99,0,0,0,0,0,0,0,0,0,- ,- ,0,0,1200,2,LOS ANGELES,LOS ANGELES,CA,-118.2975621,34.03369522,"RAYMOND AVE & 25TH ST, LOS ANGELES, CA",RAYMOND AVE,25TH ST,142087,
-118.3090321,33.96548462,29620,8804281,2019,2019-03-19T00:00:00.000Z,1942,2019-02-20T00:00:00.000Z,940,33599,1263,3,5,7,1942,0,0,0,L,0,12A53,S WESTERN AV,W 81ST ST,0,,Y,B,-,N,,0,0,,,0,,,,N,3,0,2,2,A,-,9,21802,A,N,A,C,A,A,H,-,A,A,0,,,,,Y,,A,7,0,1,1,0,0,0,0,0,0,- ,- ,0,0,1200,2,LOS ANGELES,LOS ANGELES,CA,-118.3090321,33.96548462,"WESTERN AVE & 81ST ST, LOS ANGELES, CA",WESTERN AVE,81ST ST,110061,
-118.2826421,33.94553375,29621,8803744,2019,2019-03-05T00:00:00.000Z,1942,2019-02-14T00:00:00.000Z,1120,43467,1821,4,5,7,1942,0,0,0,R,0,18X38,CENTURY,FIGUEROA,0,,Y,B,-,N,,0,0,,,0,,,,N,0,0,0,2,A,-,3,22350,,M,C,C,A,B,H,-,A,A,0,,,,,Y,,-,99,0,0,0,0,0,0,0,0,0,- ,- ,0,0,1200,2,LOS ANGELES,LOS ANGELES,CA,-118.2826421,33.94553375,"CENTURY BLVD & FIGUEROA ST,, CA",CENTURY BLVD,FIGUEROA ST,138221,
-118.3177715,33.97513199,29622,8804293,2019,2019-03-07T00:00:00.000Z,1942,2019-02-21T00:00:00.000Z,1150,37146,1252,4,5,7,1942,0,0,0,L,0,25TL43,VAN NESS AV,FLORENCE AV,200,N,N,A,-,N,,0,0,,,0,,,,N,0,0,0,2,A,-,3,22350,,M,B,E,A,A,H,-,A,D,0,,,,Y,Y,,-,99,0,0,0,0,0,0,0,0,0,- ,- ,0,0,1200,2,LOS ANGELES,LOS ANGELES,CA,-118.3177715,33.97513199,"VAN NESS AVE & FLORENCE AVE, LOS ANGELES, CA",VAN NESS AVE,FLORENCE AVE,117092,
-118.2544121,33.92487335,29623,8804297,2019,2019-03-19T00:00:00.000Z,1942,2019-02-19T00:00:00.000Z,900,43551,1864,2,5,7,1942,0,0,0,R,0,18A97,CENTRAL AV,119TH ST,0,,Y,A,-,N,,0,0,,,0,,,,N,4,0,1,2,A,-,9,21801,A,N,A,C,A,A,H,-,A,A,0,,,,,Y,,A,1,0,0,1,0,0,0,0,0,0,- ,- ,0,0,1200,2,LOS ANGELES,LOS ANGELES,CA,-118.2544121,33.92487335,"CENTRAL AVE & 119TH ST, LOS ANGELES, CA",CENTRAL AVE,119TH ST,103222,
-118.265153,33.9654808,29624,8804437,2019,2019-03-07T00:00:00.000Z,1942,2019-02-23T00:00:00.000Z,930,39745,1269,6,5,7,1942,0,0,0,L,0,12A69,AVALON BL,81ST ST,30,S,N,A,-,N,,0,0,,,0,,,,N,4,0,1,2,A,-,8,22103,,F,D,C,A,A,H,-,A,D,0,,,,,Y,,-,99,0,0,1,0,0,0,0,0,0,- ,- ,0,0,1200,2,LOS ANGELES,LOS ANGELES,CA,-118.265153,33.9654808,"AVALON BLVD & 81ST ST, LOS ANGELES, CA",AVALON BLVD,81ST ST,124150,
-118.314794,33.9932251,29625,8804441,2019,2019-03-11T00:00:00.000Z,1942,2019-02-20T00:00:00.000Z,1130,43620,1213,3,5,7,1942,0,0,0,L,0,12A57,54TH ST,WILTON PL,45,E,N,A,-,N,,0,0,,,0,,,,Y,2,0,2,4,A,-,3,22350,,N,C,E,A,A,H,-,A,D,0,,,,,Y,,A,1,2,0,0,0,0,0,0,0,0,- ,- ,0,0,1200,2,LOS ANGELES,LOS ANGELES,CA,-118.314794,33.9932251,"54TH ST & WILTON PL, LOS ANGELES, CA",54TH ST,WILTON PL,124138,
-118.2512302,34.04611588,29626,8804474,2019,2019-04-04T00:00:00.000Z,1942,2019-02-11T00:00:00.000Z,921,38357,153,1,5,7,1942,0,0,0,A,0,1A41,W 6TH ST,SPRING ST,100,W,N,A,-,N,,0,0,,,0,,,,Y,0,0,0,2,A,-,8,22107,,N,B,E,A,A,H,-,A,D,0,,,,,Y,,I,20,0,0,0,0,0,0,0,0,0,- ,- ,0,0,1200,2,LOS ANGELES,LOS ANGELES,CA,-118.2512302,34.04611588,"6TH ST & SPRING ST, LOS ANGELES, CA",6TH ST,SPRING ST,114006,
-118.2651742,33.97233963,29627,8804487,2019,2019-03-06T00:00:00.000Z,1942,2019-02-24T00:00:00.000Z,1111,43567,1369,7,5,7,1942,0,0,0,M,0,1267,AVALON,75TH ST,60,N,N,A,-,N,,0,0,,,0,,,,N,4,0,1,4,A,-,12,22450,A,N,D,C,A,A,H,-,A,A,0,,,,,Y,,A,1,0,0,1,0,0,0,0,0,0,- ,- ,0,0,1200,2,LOS ANGELES,LOS ANGELES,CA,-118.2651742,33.97233963,"AVALON BLVD & 75TH ST, LOS ANGELES, CA",AVALON BLVD,75TH ST,134576,
-118.2766421,33.9509964,29628,8804513,2019,2019-03-05T00:00:00.000Z,1942,2019-02-19T00:00:00.000Z,910,31669,1822,2,5,7,1942,0,0,0,R,0,25MQ12,94TH ST,SPRING ST,0,,Y,A,-,N,,0,0,,,0,,,,Y,3,0,2,3,A,-,9,21801,A,N,D,C,A,A,H,-,A,D,0,,,,,Y,,A,7,0,2,0,0,0,0,0,0,0,- ,- ,0,0,1200,2,LOS ANGELES,LOS ANGELES,CA,-118.2766421,33.9509964,"94TH ST & SPRING ST, LOS ANGELES, CA",94TH ST,SPRING ST,99651,
-118.2651821,33.94923401,29629,8804499,2019,2019-03-06T00:00:00.000Z,1942,2019-02-19T00:00:00.000Z,1000,38846,1824,2,5,7,1942,0,0,0,R,0,18A3,AVALON,COLDEN,0,,Y,A,-,N,,0,0,,,0,,,,Y,4,0,1,2,A,-,3,22350,,N,A,C,A,A,-,-,A,A,0,,,,,Y,,A,7,0,0,1,0,0,0,0,0,0,- ,- ,0,0,1200,2,LOS ANGELES,LOS ANGELES,CA,-118.2651821,33.94923401,"AVALON BLVD & COLDEN AVE,, CA",AVALON BLVD,COLDEN AVE,110129,
-118.2916275,33.97462463,29630,8804519,2019,2019-03-06T00:00:00.000Z,1942,2019-02-23T00:00:00.000Z,910,37146,1246,6,5,7,1942,0,0,0,L,0,25TL43,FLORENCE AV,VERMONT AV,50,E,N,A,-,N,,0,0,,,0,,,,N,4,0,1,2,A,-,7,21658,A,F,B,C,A,A,H,-,A,D,0,,,,,Y,,-,99,0,0,1,0,0,0,0,0,0,- ,- ,0,0,1200,2,LOS ANGELES,LOS ANGELES,CA,-118.2916275,33.97462463,"FLORENCE AVE & VERMONT AVE, LOS ANGELES, CA",FLORENCE AVE,VERMONT AVE,116314,
-118.2705822,34.05875397,29631,8804524,2019,2019-03-06T00:00:00.000Z,1942,2019-02-03T00:00:00.000Z,1140,39508,247,7,5,7,1942,0,0,0,B,0,2A47,S BURLINGTON AV,W 5TH ST,0,,Y,C,-,N,,0,0,,,0,,,,N,4,0,1,2,A,-,11,21954,A,F,G,B,E,B,H,-,A,D,0,Y,,,,Y,,-,99,0,0,1,0,1,0,0,0,0,- ,- ,0,0,1200,2,LOS ANGELES,LOS ANGELES,CA,-118.2705822,34.05875397,"BURLINGTON AVE & 5TH ST, LOS ANGELES, CA",BURLINGTON AVE,5TH ST,131578,
-118.3207021,33.9745636,29632,8804547,2019,2019-03-06T00:00:00.000Z,1942,2019-02-23T00:00:00.000Z,1040,38331,1252,6,5,7,1942,0,0,0,L,0,12A83,FLORENCE AV,3RD AV,0,,Y,A,-,N,,0,0,,,0,,,,Y,4,0,1,2,A,-,9,21801,A,N,D,C,A,A,H,-,A,D,0,,,,,Y,,A,1,0,0,1,0,0,0,0,0,0,- ,- ,0,0,1200,2,LOS ANGELES,LOS ANGELES,CA,-118.3207021,33.9745636,"FLORENCE AVE & 3RD AVE, LOS ANGELES, CA",FLORENCE AVE,3RD AVE,110050,
-118.2922421,33.74602509,29633,8804564,2019,2019-03-19T00:00:00.000Z,1942,2019-02-17T00:00:00.000Z,1045,31669,555,7,5,7,1942,0,0,0,,0,25TL45,GAFFEY ST,OFARRELL AV,0,,Y,A,-,N,,0,0,,,0,,,,N,3,0,2,1,A,-,3,22350,,N,E,I,A,A,H,-,A,D,0,,,,,Y,,A,1,0,2,0,0,0,0,0,0,0,- ,- ,0,0,1200,2,LOS ANGELES,LOS ANGELES,CA,-118.2922421,33.74602509,"GAFFEY ST & OFARRELL ST, LOS ANGELES, CA",GAFFEY ST,OFARRELL ST,112910,
-118.3007124,33.78391647,29634,8804576,2019,2019-03-06T00:00:00.000Z,1942,2019-02-21T00:00:00.000Z,920,38503,512,4,5,7,1942,0,0,0,,0,25T27,W ANAHEIM ST,FRAMPTON AV,270,W,N,B,-,N,,0,0,,,0,,,,N,4,0,1,2,A,-,10,21954,B,F,G,B,E,A,H,-,A,A,0,Y,,,,Y,,A,1,0,0,1,0,1,0,0,0,0,- ,- ,0,0,1200,2,LOS ANGELES,LOS ANGELES,CA,-118.3007124,33.78391647,"ANAHEIM ST & FRAMPTON AVE, LOS ANGELES, CA",ANAHEIM ST,FRAMPTON AVE,105905,
-118.3704711,34.23366928,29635,8804728,2019,2019-03-12T00:00:00.000Z,1942,2019-02-20T00:00:00.000Z,1100,40398,1675,3,5,7,1942,0,0,0,P,0,16A77,GLENOAKS BL,LA TUNA CANYON,400,S,N,A,-,N,,0,0,,,0,,,,N,4,0,1,2,A,-,4,21703,,N,C,C,A,A,H,-,A,D,0,,,,,Y,,D,22,0,0,1,0,0,0,0,0,0,- ,- ,0,0,1200,2,LOS ANGELES,LOS ANGELES,CA,-118.3704711,34.23366928,"GLENOAKS BLVD & LA TUNA CANYON RD, LOS ANGELES, CA",GLENOAKS BLVD,LA TUNA CANYON RD,108850,
-118.3587921,34.27411652,29636,8804732,2019,2019-03-07T00:00:00.000Z,1942,2019-02-22T00:00:00.000Z,900,38857,1635,5,5,7,1942,0,0,0,P,0,10TL37,CHRISTY AV,FOOTHILL BL,0,,Y,A,-,N,,0,0,,,0,,,,Y,4,0,1,2,A,-,9,21802,A,N,D,C,A,A,H,-,A,A,0,,,,,Y,,A,1,0,0,1,0,0,0,0,0,0,- ,- ,0,0,1200,2,LOS ANGELES,LOS ANGELES,CA,-118.3587921,34.27411652,"CHRISTY AVE & FOOTHILL BLVD, LOS ANGELES, CA",CHRISTY AVE,FOOTHILL BLVD,122964,