X,Y,OBJECTID,case_id,accident_year,proc_date,juris,collision_date,collision_time,officer_id,reporting_district,day_of_week,chp_shift,population,cnty_city_loc,special_cond,beat_type,chp_beat_type,city_division_lapd,chp_beat_class,beat_number,primary_rd,secondary_rd,distance,direction,intersection,weather_1,weather_2,state_hwy_ind,caltrans_county,caltrans_district,state_route,route_suffix,postmile_prefix,postmile,location_type,ramp_intersection,side_of_hwy,tow_away,collision_severity,number_killed,number_injured,party_count,primary_coll_factor,pcf_code_of_viol,pcf_viol_category,pcf_violation,pcf_viol_subsection,hit_and_run,type_of_collision,mviw,ped_action,road_surface,road_cond_1,road_cond_2,lighting,control_device,chp_road_type,pedestrian_accident,bicycle_accident,motorcycle_accident,truck_accident,not_private_property,alcohol_involved,stwd_vehtype_at_fault,chp_vehtype_at_fault,count_severe_inj,count_visible_inj,count_complaint_pain,count_ped_killed,count_ped_injured,count_bicyclist_killed,count_bicyclist_injured,count_mc_killed,count_mc_injured,primary_ramp,secondary_ramp,latitude,longitude,timecat,month_,city,county,state,point_x,point_y,match_addr,m_primaryrd,m_secondrd,int_id,Flag
-118.313234,33.97457504,29908,8793549,2019,2019-02-26T00:00:00.000Z,1942,2019-02-07T00:00:00.000Z,1300,34370,1243,4,5,7,1942,0,0,0,L,0,25MQ11,FLORENCE AV,GRAMERCY PL,45,E,N,A,-,N,,0,0,,,0,,,,N,3,0,1,2,D,-,0,0,,N,B,G,A,A,H,-,A,A,0,,Y,,,Y,,-,- ,0,1,0,0,0,0,1,0,0,- ,- ,0,0,1500,2,LOS ANGELES,LOS ANGELES,CA,-118.313234,33.97457504,"FLORENCE AVE & GRAMERCY PL, LOS ANGELES, CA",FLORENCE AVE,GRAMERCY PL,145193,
-118.5361046,34.23276138,29909,8793571,2019,2019-02-25T00:00:00.000Z,1942,2019-02-07T00:00:00.000Z,1405,33420,1785,4,5,7,1942,0,0,0,Q,0,17A67,RESEDA BL,RAYEN ST,320,N,N,B,-,N,,0,0,,,0,,,,Y,0,0,0,2,A,-,21,22106,,M,C,E,A,A,H,-,A,A,0,,,,,Y,,-,99,0,0,0,0,0,0,0,0,0,- ,- ,0,0,1500,2,LOS ANGELES,LOS ANGELES,CA,-118.5361046,34.23276138,"RESEDA BLVD & RAYEN ST, LOS ANGELES, CA",RESEDA BLVD,RAYEN ST,118899,
-118.5361049,34.23284531,29910,8793575,2019,2019-02-25T00:00:00.000Z,1942,2019-02-07T00:00:00.000Z,1405,34420,1785,4,5,7,1942,0,0,0,Q,0,17A67,RESEDA BL,RAYEN ST,350,N,N,B,-,N,,0,0,,,0,,,,N,0,0,0,2,A,-,3,22350,,M,C,E,A,A,H,-,A,A,0,,,,,Y,,-,99,0,0,0,0,0,0,0,0,0,- ,- ,0,0,1500,2,LOS ANGELES,LOS ANGELES,CA,-118.5361049,34.23284531,"RESEDA BLVD & RAYEN ST, LOS ANGELES, CA",RESEDA BLVD,RAYEN ST,118899,
-118.5239522,34.27938461,29911,8793589,2019,2019-02-26T00:00:00.000Z,1942,2019-02-08T00:00:00.000Z,1400,42360,1715,5,5,7,1942,0,0,0,Q,0,17A81,RINALDI ST,ZELZAH AV,0,,Y,A,-,N,,0,0,,,0,,,,N,4,0,1,2,A,-,3,22350,,F,C,C,A,A,H,-,A,A,0,,,,,Y,,-,99,0,0,1,0,0,0,0,0,0,- ,- ,0,0,1500,2,LOS ANGELES,LOS ANGELES,CA,-118.5239522,34.27938461,"RINALDI ST & ZELZAH AVE, LOS ANGELES, CA",RINALDI ST,ZELZAH AVE,133238,
-118.5338122,34.23548508,29912,8793593,2019,2019-03-11T00:00:00.000Z,1942,2019-02-06T00:00:00.000Z,1341,42106,17,3,5,7,1942,0,0,0,Q,0,17A35,DARBY AV,NORDHOFF ST,0,,Y,A,-,N,,0,0,,,0,,,,N,4,0,1,2,A,-,4,21703,,F,C,C,A,A,H,-,A,A,0,,,,,Y,,-,99,0,0,1,0,0,0,0,0,0,- ,- ,0,0,1500,2,LOS ANGELES,LOS ANGELES,CA,-118.5338122,34.23548508,"DARBY AVE & NORDHOFF ST, LOS ANGELES, CA",DARBY AVE,NORDHOFF ST,125867,
-118.4118422,34.26830673,29913,8793597,2019,2019-02-26T00:00:00.000Z,1942,2019-02-06T00:00:00.000Z,1440,38338,LOS A,3,5,7,1942,0,0,0,,0,1645,PIERCE ST,HERRICK AV,0,,Y,A,-,N,,0,0,,,0,,,,N,4,0,1,3,A,-,3,22350,,F,C,C,A,A,-,-,A,A,0,,,,,Y,,-,99,0,0,1,0,0,0,0,0,0,- ,- ,0,0,1500,2,LOS ANGELES,LOS ANGELES,CA,-118.4118422,34.26830673,"PIERCE ST & HERRICK AVE, LOS ANGELES, CA",PIERCE ST,HERRICK AVE,147634,
-118.3142721,34.05584335,29914,8793636,2019,2019-03-22T00:00:00.000Z,1942,2019-02-04T00:00:00.000Z,1205,34959,2042,1,5,7,1942,0,0,0,,0,20A53,9TH ST,WILTON PL,0,,Y,C,-,N,,0,0,,,0,,,,Y,4,0,1,3,A,-,6,21755,A,N,B,C,A,B,H,-,A,D,0,,,,Y,Y,,A,7,0,0,1,0,0,0,0,0,0,- ,- ,0,0,1500,2,LOS ANGELES,LOS ANGELES,CA,-118.3142721,34.05584335,"9TH ST & WILTON PL, LOS ANGELES, CA",9TH ST,WILTON PL,99964,
-118.3135921,34.09473419,29915,8793664,2019,2019-04-26T00:00:00.000Z,1942,2019-02-15T00:00:00.000Z,1440,41376,668,5,5,7,1942,0,0,0,F,0,6A79,N WILTON PL,FOUNTAIN AV,0,,Y,B,-,N,,0,0,,,0,,,,Y,2,0,1,2,A,-,3,22350,,N,D,C,A,B,H,-,A,A,0,,,Y,Y,Y,,C,2,1,0,0,0,0,0,0,0,1,- ,- ,0,0,1500,2,LOS ANGELES,LOS ANGELES,CA,-118.3135921,34.09473419,"WILTON PL & FOUNTAIN AVE, LOS ANGELES, CA",WILTON PL,FOUNTAIN AVE,149752,
-118.2629721,33.96743393,29916,8793668,2019,2019-03-07T00:00:00.000Z,1942,2019-02-13T00:00:00.000Z,1230,41729,1259,3,5,7,1942,0,0,0,L,0,25TL29,STANFORD AV,E 79TH ST,0,,Y,C,-,N,,0,0,,,0,,,,N,0,0,0,2,A,-,12,22450,A,M,D,C,A,B,H,-,A,A,0,,,,Y,Y,,-,99,0,0,0,0,0,0,0,0,0,- ,- ,0,0,1500,2,LOS ANGELES,LOS ANGELES,CA,-118.2629721,33.96743393,"STANFORD AVE & 79TH ST, LOS ANGELES, CA",STANFORD AVE,79TH ST,120662,
-118.2826953,33.97387695,29917,8793676,2019,2019-03-05T00:00:00.000Z,1942,2019-02-13T00:00:00.000Z,1253,33244,1249,3,5,7,1942,0,0,0,L,0,25TL24,FIGUEROA ST,73RD ST,74,N,N,B,-,N,,0,0,,,0,,,,N,4,0,1,2,A,-,3,22350,,F,H,C,A,B,H,-,A,D,0,,,,,Y,,-,99,0,0,1,0,0,0,0,0,0,- ,- ,0,0,1500,2,LOS ANGELES,LOS ANGELES,CA,-118.2826953,33.97387695,"FIGUEROA ST & 73RD ST, LOS ANGELES, CA",FIGUEROA ST,73RD ST,134620,
-118.2639421,33.79917526,29918,8793708,2019,2019-03-06T00:00:00.000Z,1942,2019-02-03T00:00:00.000Z,1300,35023,518,7,5,7,1942,0,0,0,E,0,5A26,AVALON BL,LOMITA BL,0,,Y,C,-,N,,0,0,,,0,,,,Y,0,0,0,2,A,-,3,22350,A,M,C,C,A,B,H,-,A,A,0,,,,,Y,,D,22,0,0,0,0,0,0,0,0,0,- ,- ,0,0,1500,2,LOS ANGELES,LOS ANGELES,CA,-118.2639421,33.79917526,"AVALON BLVD & LOMITA BLVD, LOS ANGELES, CA",AVALON BLVD,LOMITA BLVD,110296,
-118.2827021,33.96883392,29919,8793736,2019,2019-03-05T00:00:00.000Z,1942,2019-02-01T00:00:00.000Z,1410,42030,1257,5,5,7,1942,0,0,0,L,0,12A3,S FIGUEROA ST,W 78TH ST,0,,Y,A,-,N,,0,0,,,0,,,,Y,4,0,1,2,A,-,9,21801,A,F,D,C,A,A,H,-,A,A,0,,,,,Y,,D,22,0,0,1,0,0,0,0,0,0,- ,- ,0,0,1500,2,LOS ANGELES,LOS ANGELES,CA,-118.2827021,33.96883392,"FIGUEROA ST & 78TH ST, LOS ANGELES, CA",FIGUEROA ST,78TH ST,134579,
-118.3002637,33.96399307,29920,8793740,2019,2019-03-19T00:00:00.000Z,1942,2019-02-10T00:00:00.000Z,1400,37724,1265,7,5,7,1942,0,0,0,L,0,12A53,S NORMANDIE AV,83RD ST,120,N,N,C,-,N,,0,0,,,0,,,,Y,3,0,2,2,A,-,1,23152,A,N,B,C,A,B,H,-,A,A,0,,,,,Y,Y,A,1,0,1,1,0,0,0,0,0,0,- ,- ,0,0,1500,2,LOS ANGELES,LOS ANGELES,CA,-118.3002637,33.96399307,"NORMANDIE AVE & 83RD ST, LOS ANGELES, CA",NORMANDIE AVE,83RD ST,117295,
-118.3091522,33.75136185,29921,8794011,2019,2019-03-04T00:00:00.000Z,1942,2019-02-16T00:00:00.000Z,1315,40404,541,6,5,7,1942,0,0,0,E,0,5A55,N WESTERN AV,PARK WESTERN DR,295,S,N,A,-,N,,0,0,,,0,,,,N,3,0,1,2,A,-,9,21804,A,N,D,G,A,A,H,-,A,D,0,,Y,,,Y,,A,7,0,1,0,0,0,0,1,0,0,- ,- ,0,0,1500,2,LOS ANGELES,LOS ANGELES,CA,-118.3091522,33.75136185,"WESTERN AVE & PARK WESTERN DR, LOS ANGELES, CA",WESTERN AVE,PARK WESTERN DR,109184,
-118.2839821,34.02837372,29922,8794012,2019,2019-03-01T00:00:00.000Z,1942,2019-02-15T00:00:00.000Z,1420,41933,338,5,5,7,1942,0,0,0,C,0,25T22,W 29TH ST,S HOOVER ST,0,,Y,C,-,N,,0,0,,,0,,,,N,3,0,1,2,A,-,9,21804,A,N,H,G,A,B,H,-,A,A,0,,Y,,,Y,,L,4,0,1,0,0,0,0,1,0,0,- ,- ,0,0,1500,2,LOS ANGELES,LOS ANGELES,CA,-118.2839821,34.02837372,"29TH ST & HOOVER ST, LOS ANGELES, CA",29TH ST,HOOVER ST,135038,
-118.3077859,33.79930496,29923,8794015,2019,2019-03-04T00:00:00.000Z,1942,2019-02-16T00:00:00.000Z,1410,41973,509,6,5,7,1942,0,0,0,E,0,5A11,S WESTERN AV,S 248TH ST,47,S,N,A,-,N,,0,0,,,0,,,,Y,3,0,1,2,A,-,3,22350,,N,C,C,A,A,H,-,A,D,0,,,Y,,Y,,A,1,0,1,0,0,0,0,0,0,1,- ,- ,0,0,1500,2,LOS ANGELES,LOS ANGELES,CA,-118.3077859,33.79930496,"WESTERN AVE & 248TH ST, LOS ANGELES, CA",WESTERN AVE,248TH ST,133810,
-118.2818135,33.8703537,29924,8794019,2019,2019-03-04T00:00:00.000Z,1942,2019-02-17T00:00:00.000Z,1450,41933,501,7,5,7,1942,0,0,0,E,0,25T22,W 182ND ST,FIGUEROA ST,43,W,N,B,-,N,,0,0,,,0,,,,N,4,0,2,2,A,-,3,22350,,N,C,C,A,B,H,-,A,A,0,,,,,Y,Y,A,1,0,0,2,0,0,0,0,0,0,- ,- ,0,0,1500,2,LOS ANGELES,LOS ANGELES,CA,-118.2818135,33.8703537,"182ND ST & FIGUEROA ST, LOS ANGELES, CA",182ND ST,FIGUEROA ST,127217,
-118.2695421,33.93297577,29925,8794021,2019,2019-02-28T00:00:00.000Z,1942,2019-02-09T00:00:00.000Z,1300,42293,1844,6,5,7,1942,0,0,0,R,0,25T27,SAN PEDRO ST,112TH ST,0,,Y,A,-,N,,0,0,,,0,,,,N,4,0,1,2,A,-,12,21453,A,F,D,C,A,A,H,-,A,A,0,,,,,Y,,-,99,0,0,1,0,0,0,0,0,0,- ,- ,0,0,1500,2,LOS ANGELES,LOS ANGELES,CA,-118.2695421,33.93297577,"SAN PEDRO ST & 112TH ST, LOS ANGELES, CA",SAN PEDRO ST,112TH ST,120778,
-118.2914921,33.98966599,29926,8794035,2019,2019-03-04T00:00:00.000Z,1942,2019-02-17T00:00:00.000Z,1305,41973,1218,7,5,7,1942,0,0,0,L,0,12A15,W 58TH ST,S VERMONT AV,0,,Y,A,-,N,,0,0,,,0,,,,N,4,0,1,2,A,-,3,22350,,N,A,G,A,A,H,-,A,D,0,,Y,,,Y,,A,7,0,0,1,0,0,0,1,0,0,- ,- ,0,0,1500,2,LOS ANGELES,LOS ANGELES,CA,-118.2914921,33.98966599,"58TH ST & VERMONT AVE, LOS ANGELES, CA",58TH ST,VERMONT AVE,127744,
-118.2843115,34.02837372,29927,8794046,2019,2019-03-04T00:00:00.000Z,1942,2019-02-16T00:00:00.000Z,1220,43252,328,6,5,7,1942,0,0,0,C,0,3A28,29TH ST,HOOVER ST,100,W,N,A,-,N,,0,0,,,0,,,,N,3,0,1,2,A,-,11,21956,A,N,G,B,E,A,H,-,A,D,0,Y,,,,Y,,N,60,0,1,0,0,1,0,0,0,0,- ,- ,0,0,1500,2,LOS ANGELES,LOS ANGELES,CA,-118.2843115,34.02837372,"29TH ST & HOOVER ST, LOS ANGELES, CA",29TH ST,HOOVER ST,135038,
-118.2870221,33.96004486,29928,8794051,2019,2019-03-01T00:00:00.000Z,1942,2019-02-11T00:00:00.000Z,1410,42577,1267,1,5,7,1942,0,0,0,L,0,12X32,HOOVER,MANCHESTER,0,,Y,B,-,N,,0,0,,,0,,,,N,4,0,4,2,A,-,3,22350,,N,C,C,A,B,H,-,A,A,0,,,,,Y,,A,1,0,0,4,0,0,0,0,0,0,- ,- ,0,0,1500,2,LOS ANGELES,LOS ANGELES,CA,-118.2870221,33.96004486,"HOOVER ST & MANCHESTER AVE,, CA",HOOVER ST,MANCHESTER AVE,141871,
-118.3089721,33.98324585,29929,8794057,2019,2019-02-28T00:00:00.000Z,1942,2019-02-11T00:00:00.000Z,1230,42115,1243,1,5,7,1942,0,0,0,L,0,12A31,62ND ST,WESTERN AV,16,N,N,A,-,N,,0,0,,,0,,,,N,4,0,1,2,A,-,10,21950,A,N,G,B,B,A,H,-,A,A,0,Y,,,,Y,,A,1,0,0,1,0,1,0,0,0,0,- ,- ,0,0,1500,2,LOS ANGELES,LOS ANGELES,CA,-118.3089721,33.98324585,"62ND ST & WESTERN AVE, LOS ANGELES, CA",62ND ST,WESTERN AVE,96010,
-118.2846016,34.05772781,29930,8794064,2019,2019-03-01T00:00:00.000Z,1942,2019-02-10T00:00:00.000Z,1325,34959,2039,7,5,7,1942,0,0,0,,0,20A39,8TH ST,HOOVER ST,100,W,N,C,-,N,,0,0,,,0,,,,N,4,0,1,2,A,-,4,21703,,F,C,C,A,B,H,-,A,D,0,,,,,Y,,-,99,0,0,1,0,0,0,0,0,0,- ,- ,0,0,1500,2,LOS ANGELES,LOS ANGELES,CA,-118.2846016,34.05772781,"8TH ST & HOOVER ST, LOS ANGELES, CA",8TH ST,HOOVER ST,142146,
-118.2992218,34.06354523,29931,8794068,2019,2019-03-01T00:00:00.000Z,1942,2019-02-03T00:00:00.000Z,1235,38007,2027,7,5,7,1942,0,0,0,,0,20A45,S MARIPOSA AV,W 6TH ST,7,S,N,B,-,N,,0,0,,,0,,,,N,3,0,1,2,A,-,10,21950,A,F,G,B,B,B,H,-,A,A,0,Y,,,,Y,,-,99,0,1,0,0,1,0,0,0,0,- ,- ,0,0,1500,2,LOS ANGELES,LOS ANGELES,CA,-118.2992218,34.06354523,"MARIPOSA AVE & 6TH ST, LOS ANGELES, CA",MARIPOSA AVE,6TH ST,97152,
-118.262857,33.79117966,29932,8794800,2019,2019-05-22T00:00:00.000Z,1942,2019-02-12T00:00:00.000Z,1200,42293,517,2,5,7,1942,0,0,0,E,0,5A17,PACIFIC COAST HWY,AVALON BL,148,E,N,A,-,Y,LA,7,1,-,-,10.51,H,-,N,Y,3,0,2,2,A,-,9,21801,A,N,A,C,A,A,H,-,A,A,0,,,Y,,Y,,A,1,0,2,0,0,0,0,0,0,1,- ,- ,0,0,1500,2,LOS ANGELES,LOS ANGELES,CA,-118.262857,33.79117966,"PACIFIC COAST HWY & AVALON BLVD, LOS ANGELES, CA",PACIFIC COAST HWY,AVALON BLVD,117210,
-118.254576,33.92946625,29933,8795871,2019,2019-03-21T00:00:00.000Z,1942,2019-02-13T00:00:00.000Z,1430,42199,1862,3,5,7,1942,0,0,0,R,0,18X48,IMPERIAL HWY,CENTRAL AV,65,W,N,C,-,N,,0,0,,,0,,,,Y,4,0,1,3,A,-,3,22350,,N,C,E,A,B,H,-,A,D,0,,,,,Y,,A,1,0,0,1,0,0,0,0,0,0,- ,- ,0,0,1500,2,LOS ANGELES,LOS ANGELES,CA,-118.254576,33.92946625,"IMPERIAL HWY & CENTRAL AVE, LOS ANGELES, CA",IMPERIAL HWY,CENTRAL AVE,96217,
-118.3351307,34.0106163,29934,8796763,2019,2019-03-04T00:00:00.000Z,1942,2019-02-08T00:00:00.000Z,1245,33599,393,5,5,7,1942,0,0,0,C,0,3A73,CRENSHAW BL,KING BL,120,S,N,A,-,N,,0,0,,,0,,,,N,0,0,0,2,A,-,6,21750,A,N,B,C,A,A,D,-,A,A,0,,,,Y,Y,,J,41,0,0,0,0,0,0,0,0,0,- ,- ,0,0,1500,2,LOS ANGELES,LOS ANGELES,CA,-118.3351307,34.0106163,"CRENSHAW BLVD & MARTIN LUTHER KING JR BLVD, LOS ANGELES, CA",CRENSHAW BLVD,MARTIN LUTHER KING JR BLVD,148016,
-118.3177815,33.96359253,29935,8797127,2019,2019-02-15T00:00:00.000Z,1942,2019-02-04T00:00:00.000Z,1200,41729,1273,1,5,7,1942,0,0,0,L,0,25TL21,S VAN NESS AV,83RD ST,23,S,N,C,-,N,,0,0,,,0,,,,N,0,0,0,1,A,-,3,22350,,N,E,I,A,B,H,-,A,D,0,,,,,Y,,A,1,0,0,0,0,0,0,0,0,0,- ,- ,0,0,1500,2,LOS ANGELES,LOS ANGELES,CA,-118.3177815,33.96359253,"VAN NESS AVE & 83RD ST, LOS ANGELES, CA",VAN NESS AVE,83RD ST,131361,
-118.2827121,33.95994186,29936,8797147,2019,2019-02-15T00:00:00.000Z,1942,2019-02-01T00:00:00.000Z,1230,41933,1267,5,5,7,1942,0,0,0,L,0,25T22,FIGUEROA ST,MANCHESTER AV,45,S,N,A,-,N,,0,0,,,0,,,,N,0,0,0,2,A,-,9,21804,A,M,B,C,A,A,H,-,A,A,0,,,,,Y,,-,99,0,0,0,0,0,0,0,0,0,- ,- ,0,0,1500,2,LOS ANGELES,LOS ANGELES,CA,-118.2827121,33.95994186,"FIGUEROA ST & MANCHESTER AVE, LOS ANGELES, CA",FIGUEROA ST,MANCHESTER AVE,106686,
-118.3689821,34.05194473,29937,8798909,2019,2019-02-21T00:00:00.000Z,1942,2019-02-01T00:00:00.000Z,1345,42656,762,5,5,7,1942,0,0,0,G,0,7A53,HI POINT ST,PICO BL,0,,Y,B,-,N,,0,0,,,0,,,,N,0,0,0,2,A,-,9,21802,A,M,D,C,A,A,H,-,A,A,0,,,,,Y,,-,99,0,0,0,0,0,0,0,0,0,- ,- ,0,0,1500,2,LOS ANGELES,LOS ANGELES,CA,-118.3689821,34.05194473,"HI POINT ST & PICO BLVD, LOS ANGELES, CA",HI POINT ST,PICO BLVD,96374,
-118.3177321,34.04655838,29938,8798917,2019,2019-02-21T00:00:00.000Z,1942,2019-02-02T00:00:00.000Z,1243,34959,769,6,5,7,1942,0,0,0,G,0,7A69,ARLINGTON AV,PICO BL,224,S,N,C,-,N,,0,0,,,0,,,,N,0,0,0,2,A,-,7,21658,A,M,B,C,A,B,H,-,A,D,0,,,,,Y,,-,99,0,0,0,0,0,0,0,0,0,- ,- ,0,0,1500,2,LOS ANGELES,LOS ANGELES,CA,-118.3177321,34.04655838,"ARLINGTON AVE & PICO BLVD, LOS ANGELES, CA",ARLINGTON AVE,PICO BLVD,106982,
-118.2919896,33.97462463,29939,8799528,2019,2019-02-27T00:00:00.000Z,1942,2019-02-03T00:00:00.000Z,1230,38622,1245,7,5,7,1942,0,0,0,L,0,12A53,FLORENCE AV,VERMONT,60,W,N,B,-,N,,0,0,,,0,,,,N,0,0,0,2,B,-,22,0,,N,D,C,A,B,H,-,A,D,0,,,,,Y,,-,- ,0,0,0,0,0,0,0,0,0,- ,- ,0,0,1500,2,LOS ANGELES,LOS ANGELES,CA,-118.2919896,33.97462463,"FLORENCE AVE & VERMONT AVE, LOS ANGELES, CA",FLORENCE AVE,VERMONT AVE,116314,
-118.4407522,34.27549362,29941,8800199,2019,2019-02-19T00:00:00.000Z,1942,2019-02-04T00:00:00.000Z,1220,41316,1944,1,5,7,1942,0,0,0,,0,19A43,FOX ST,KEWEN AV,0,,Y,B,-,N,,0,0,,,0,,,,Y,4,0,1,2,A,-,3,22350,,F,C,C,A,B,H,-,A,A,0,,,,,Y,,A,7,0,0,1,0,0,0,0,0,0,- ,- ,0,0,1500,2,LOS ANGELES,LOS ANGELES,CA,-118.4407522,34.27549362,"FOX ST & KEWEN AVE, LOS ANGELES, CA",FOX ST,KEWEN AVE,115983,
-118.3390059,34.00914383,29942,8800943,2019,2019-02-22T00:00:00.000Z,1942,2019-02-06T00:00:00.000Z,1430,41267,363,3,5,7,1942,0,0,0,C,0,3A55,SANTA ROSALIA,MARLTON,528,E,N,A,-,N,,0,0,,,0,,,,Y,4,0,1,4,A,-,3,22350,,N,B,E,A,A,H,-,A,A,0,,,,,Y,,A,1,0,0,1,0,0,0,0,0,0,- ,- ,34.00902,118.33888,1500,2,LOS ANGELES,LOS ANGELES,CA,-118.3390059,34.00914383,"SANTA ROSALIA DR & MARLTON AVE, LOS ANGELES, CA",SANTA ROSALIA DR,MARLTON AVE,99771,
-118.2870922,34.02509308,29943,8800959,2019,2019-02-22T00:00:00.000Z,1942,2019-02-08T00:00:00.000Z,1205,42293,358,5,5,7,1942,0,0,0,C,0,3A57,W JEFFERSON BL,MCCLINTOCK AV,0,,Y,A,-,N,,0,0,,,0,,,,Y,3,0,2,2,A,-,9,21801,A,N,A,C,A,-,H,-,A,D,0,,,,,Y,,A,1,0,2,0,0,0,0,0,0,0,- ,- ,0,0,1500,2,LOS ANGELES,LOS ANGELES,CA,-118.2870922,34.02509308,"JEFFERSON BLVD & MCCLINTOCK AVE, LOS ANGELES, CA",JEFFERSON BLVD,MCCLINTOCK AVE,109377,
-118.3309621,33.97566605,29944,8801050,2019,2019-02-22T00:00:00.000Z,1942,2019-02-04T00:00:00.000Z,1200,42115,1251,1,5,7,1942,0,0,0,L,0,12A45,CRENSHAW,71ST ST,0,,Y,C,-,N,,0,0,,,0,,,,N,4,0,1,2,A,-,9,21802,A,N,D,D,A,B,H,-,A,A,0,,,Y,,Y,,A,1,0,0,1,0,0,0,0,0,1,- ,- ,0,0,1500,2,LOS ANGELES,LOS ANGELES,CA,-118.3309621,33.97566605,"CRENSHAW BLVD & 71ST ST, LOS ANGELES, CA",CRENSHAW BLVD,71ST ST,113541,
-118.2840028,34.02379608,29945,8800906,2019,2019-02-27T00:00:00.000Z,1942,2019-02-05T00:00:00.000Z,1300,42785,358,2,5,7,1942,0,0,0,C,0,3A73,HOOVER,JEFFERSON,40,N,N,B,-,N,,0,0,,,0,,,,N,3,0,1,2,A,-,17,22517,,N,H,G,A,A,H,-,A,D,0,,Y,,,Y,,A,1,0,1,0,0,0,0,1,0,0,- ,- ,0,0,1500,2,LOS ANGELES,LOS ANGELES,CA,-118.2840028,34.02379608,"HOOVER ST & JEFFERSON BLVD,, CA",HOOVER ST,JEFFERSON BLVD,140947,
-118.259278,34.10281754,29946,8802170,2019,2019-03-18T00:00:00.000Z,1942,2019-02-08T00:00:00.000Z,1450,42040,1144,5,5,7,1942,0,0,0,K,0,11A71,GLENDALE BL,FLETCHER DR,630,S,N,A,-,N,,0,0,,,0,,,,N,0,0,0,2,A,-,9,21804,A,M,A,C,A,A,H,-,A,D,0,,,,,Y,,A,1,0,0,0,0,0,0,0,0,0,- ,- ,0,0,1500,2,LOS ANGELES,LOS ANGELES,CA,-118.259278,34.10281754,"GLENDALE BLVD & FLETCHER DR, LOS ANGELES, CA",GLENDALE BLVD,FLETCHER DR,125063,
-118.4488977,34.21026611,29947,8802412,2019,2019-03-13T00:00:00.000Z,1942,2019-02-15T00:00:00.000Z,1440,39281,906,5,5,7,1942,0,0,0,I,0,9A5,KESWICK ST,VAN NUYS BL,35,W,N,C,-,N,,0,0,,,0,,,,N,0,0,0,1,A,-,8,22107,,N,E,I,A,B,H,-,A,A,0,,,,Y,Y,,F,27,0,0,0,0,0,0,0,0,0,- ,- ,0,0,1500,2,LOS ANGELES,LOS ANGELES,CA,-118.4488977,34.21026611,"KESWICK ST & VAN NUYS BLVD, LOS ANGELES, CA",KESWICK ST,VAN NUYS BLVD,133061,
-118.4509122,34.17940521,29948,8802424,2019,2019-03-13T00:00:00.000Z,1942,2019-02-20T00:00:00.000Z,1445,41397,941,3,5,7,1942,0,0,0,I,0,9X14,OXNARD ST,VESPER AV,0,,Y,A,-,N,,0,0,,,0,,,,Y,4,0,1,3,A,-,9,21801,A,N,D,C,A,A,H,-,A,A,0,,,,,Y,,D,22,0,0,1,0,0,0,0,0,0,- ,- ,0,0,1500,2,LOS ANGELES,LOS ANGELES,CA,-118.4509122,34.17940521,"OXNARD ST & VESPER AVE, LOS ANGELES, CA",OXNARD ST,VESPER AVE,147008,
-118.5164752,34.29695892,29949,8802436,2019,2019-03-14T00:00:00.000Z,1942,2019-02-11T00:00:00.000Z,1305,39410,1715,1,5,7,1942,0,0,0,Q,0,17A35,MELVILLE AV,BRADFORD PL,155,N,N,A,-,N,,0,0,,,0,,,,Y,0,0,0,2,A,-,21,22106,,N,H,C,A,A,H,-,A,A,0,,,,Y,Y,,F,26,0,0,0,0,0,0,0,0,0,- ,- ,0,0,1500,2,LOS ANGELES,LOS ANGELES,CA,-118.5164752,34.29695892,"MELVILLE AVE & BRADFORD PL, LOS ANGELES, CA",MELVILLE AVE,BRADFORD PL,126383,
-118.2869622,33.93096542,29950,8802742,2019,2019-03-18T00:00:00.000Z,1942,2019-02-02T00:00:00.000Z,1310,43631,1841,6,5,7,1942,0,0,0,R,0,18A3,S HOOVER ST,IMPERIAL HWY,0,,Y,C,-,N,,0,0,,,0,,,,N,3,0,1,2,A,-,10,21950,A,N,G,B,B,B,H,-,A,D,0,Y,,,,Y,,A,1,0,1,0,0,1,0,0,0,0,- ,- ,0,0,1500,2,LOS ANGELES,LOS ANGELES,CA,-118.2869622,33.93096542,"HOOVER ST & IMPERIAL HWY, LOS ANGELES, CA",HOOVER ST,IMPERIAL HWY,120929,
-118.2916222,33.94548416,29951,8802749,2019,2019-02-21T00:00:00.000Z,1942,2019-02-01T00:00:00.000Z,1420,42485,1803,5,5,7,1942,0,0,0,R,0,,VERMONT AV,CENTURY BL,0,,Y,A,-,N,,0,0,,,0,,,,N,4,0,1,2,A,-,12,21453,A,F,D,C,A,A,H,-,A,A,0,,,,,Y,,-,99,0,0,1,0,0,0,0,0,0,- ,- ,0,0,1500,2,LOS ANGELES,LOS ANGELES,CA,-118.2916222,33.94548416,"VERMONT AVE & CENTURY BLVD, LOS ANGELES, CA",VERMONT AVE,CENTURY BLVD,112798,
-118.3272704,34.25974655,29953,8802760,2019,2019-02-20T00:00:00.000Z,1942,2019-02-02T00:00:00.000Z,1216,40165,1636,6,5,7,1942,0,0,0,P,0,16A35,SUNLAND BL,FENWICK AV,270,E,N,C,-,N,,0,0,,,0,,,,Y,3,0,3,2,A,-,1,23152,A,F,C,C,A,B,H,-,A,D,0,,,,,Y,Y,A,7,0,1,2,0,0,0,0,0,0,- ,- ,0,0,1500,2,LOS ANGELES,LOS ANGELES,CA,-118.3272704,34.25974655,"SUNLAND BLVD & FENWICK ST, LOS ANGELES, CA",SUNLAND BLVD,FENWICK ST,140475,