X,Y,OBJECTID,case_id,accident_year,proc_date,juris,collision_date,collision_time,officer_id,reporting_district,day_of_week,chp_shift,population,cnty_city_loc,special_cond,beat_type,chp_beat_type,city_division_lapd,chp_beat_class,beat_number,primary_rd,secondary_rd,distance,direction,intersection,weather_1,weather_2,state_hwy_ind,caltrans_county,caltrans_district,state_route,route_suffix,postmile_prefix,postmile,location_type,ramp_intersection,side_of_hwy,tow_away,collision_severity,number_killed,number_injured,party_count,primary_coll_factor,pcf_code_of_viol,pcf_viol_category,pcf_violation,pcf_viol_subsection,hit_and_run,type_of_collision,mviw,ped_action,road_surface,road_cond_1,road_cond_2,lighting,control_device,chp_road_type,pedestrian_accident,bicycle_accident,motorcycle_accident,truck_accident,not_private_property,alcohol_involved,stwd_vehtype_at_fault,chp_vehtype_at_fault,count_severe_inj,count_visible_inj,count_complaint_pain,count_ped_killed,count_ped_injured,count_bicyclist_killed,count_bicyclist_injured,count_mc_killed,count_mc_injured,primary_ramp,secondary_ramp,latitude,longitude,timecat,month_,city,county,state,point_x,point_y,match_addr,m_primaryrd,m_secondrd,int_id,Flag
-118.2917621,34.0908432,38817,8806734,2019,2019-03-05T00:00:00.000Z,1942,2019-01-10T00:00:00.000Z,255,35291,211,4,5,7,1942,0,0,0,B,0,2A1,N VERMONT AV,SANTA MONICA BL,8,S,N,A,-,N,,0,0,,,0,,,,N,3,0,2,2,A,-,5,21650,,N,B,C,A,A,H,-,C,D,0,,,,,Y,,A,1,0,1,1,0,0,0,0,0,0,- ,- ,0,0,300,1,LOS ANGELES,LOS ANGELES,CA,-118.2917621,34.0908432,"VERMONT AVE & SANTA MONICA BLVD, LOS ANGELES, CA",VERMONT AVE,SANTA MONICA BLVD,128662,
-118.2673122,34.05215454,38818,8806778,2019,2019-03-05T00:00:00.000Z,1942,2019-01-27T00:00:00.000Z,45,38838,269,7,5,7,1942,0,0,0,B,0,2A17,7TH ST,HARTFORD AV,0,,Y,A,-,N,,0,0,,,0,,,,N,4,0,1,2,A,-,10,21950,A,N,G,B,B,A,H,-,C,D,0,Y,,,,Y,,A,1,0,0,1,0,1,0,0,0,0,- ,- ,0,0,300,1,LOS ANGELES,LOS ANGELES,CA,-118.2673122,34.05215454,"7TH ST & HARTFORD AVE, LOS ANGELES, CA",7TH ST,HARTFORD AVE,124594,
-118.2697661,34.05325699,38819,8806786,2019,2019-03-15T00:00:00.000Z,1942,2019-01-18T00:00:00.000Z,150,40069,269,5,5,7,1942,0,0,0,B,0,2A39,7TH ST,VALENCIA ST,125,W,N,A,-,N,,0,0,,,0,,,,Y,3,0,2,3,A,-,3,22350,,N,C,C,A,A,H,-,C,D,0,,,,,Y,,-,- ,0,1,1,0,0,0,0,0,0,- ,- ,0,0,300,1,LOS ANGELES,LOS ANGELES,CA,-118.2697661,34.05325699,"7TH ST & VALENCIA ST, LOS ANGELES, CA",7TH ST,VALENCIA ST,124608,
-118.3091421,34.08350372,38820,8807588,2019,2019-03-14T00:00:00.000Z,1942,2019-01-12T00:00:00.000Z,123,41286,2002,6,5,7,1942,0,0,0,,0,20A1,MELROSE AV,WESTERN AV,0,,Y,C,-,N,,0,0,,,0,,,,N,0,0,0,2,A,-,8,22100,A,N,C,D,A,B,H,-,C,A,0,,,,,Y,,J,43,0,0,0,0,0,0,0,0,0,- ,- ,0,0,300,1,LOS ANGELES,LOS ANGELES,CA,-118.3091421,34.08350372,"MELROSE AVE & WESTERN AVE, LOS ANGELES, CA",MELROSE AVE,WESTERN AVE,104128,
-118.2515843,34.04380417,38821,8807761,2019,2019-03-05T00:00:00.000Z,1942,2019-01-26T00:00:00.000Z,110,42347,174,6,5,7,1942,0,0,0,A,0,1X37,MAIN ST,7TH ST,75,S,N,A,-,N,,0,0,,,0,,,,N,0,0,0,2,A,-,17,21657,,M,D,C,A,A,H,-,C,D,0,,,,,Y,,-,99,0,0,0,0,0,0,0,0,0,- ,- ,0,0,300,1,LOS ANGELES,LOS ANGELES,CA,-118.2515843,34.04380417,"MAIN ST & 7TH ST, LOS ANGELES, CA",MAIN ST,7TH ST,100052,
-118.3004222,34.04371643,38822,8809306,2019,2019-04-02T00:00:00.000Z,1942,2019-01-13T00:00:00.000Z,245,42935,2074,7,5,7,1942,0,0,0,,0,20A71,VENICE BL,NORMANDIE AV,0,,Y,A,-,N,,0,0,,,0,,,,Y,3,0,3,3,A,-,12,21453,A,N,D,C,A,A,H,-,C,A,0,,,,,Y,,A,7,0,1,2,0,0,0,0,0,0,- ,- ,0,0,300,1,LOS ANGELES,LOS ANGELES,CA,-118.3004222,34.04371643,"VENICE BLVD & NORMANDIE AVE, LOS ANGELES, CA",VENICE BLVD,NORMANDIE AVE,128083,
-118.4169148,34.03152084,38823,8809708,2019,2019-03-07T00:00:00.000Z,1942,2019-01-12T00:00:00.000Z,150,41126,1428,6,5,7,1942,0,0,0,N,0,,OVERLAND AV,NATIONAL PL,320,N,N,C,-,N,,0,0,,,0,,,,N,0,0,0,2,A,-,9,21801,A,M,A,C,A,B,H,-,C,A,0,,,,,Y,,A,1,0,0,0,0,0,0,0,0,0,- ,- ,0,0,300,1,LOS ANGELES,LOS ANGELES,CA,-118.4169148,34.03152084,"OVERLAND AVE & NATIONAL PL, LOS ANGELES, CA",OVERLAND AVE,NATIONAL PL,118360,
-118.2917921,33.97187424,38825,8809731,2019,2019-03-08T00:00:00.000Z,1942,2019-01-19T00:00:00.000Z,40,42151,1256,6,5,7,1942,0,0,0,L,0,12A45,VERMONT AV,75TH ST,0,,Y,A,-,N,,0,0,,,0,,,,N,0,0,0,2,A,-,7,21658,A,M,D,C,A,A,H,-,C,D,0,,,,,Y,,-,99,0,0,0,0,0,0,0,0,0,- ,- ,0,0,300,1,LOS ANGELES,LOS ANGELES,CA,-118.2917921,33.97187424,"VERMONT AVE & 75TH ST, LOS ANGELES, CA",VERMONT AVE,75TH ST,133865,
-118.2151011,34.06007767,38826,8810014,2019,2019-03-12T00:00:00.000Z,1942,2019-01-26T00:00:00.000Z,45,42926,442,6,5,7,1942,0,0,0,D,0,4A15,N MISSION RD,MARENGO ST,285,W,N,A,-,N,,0,0,,,0,,,,N,4,0,2,2,A,-,3,22350,,F,C,C,A,A,H,-,C,A,0,,,,,Y,,-,99,0,0,2,0,0,0,0,0,0,- ,- ,0,0,300,1,LOS ANGELES,LOS ANGELES,CA,-118.2151011,34.06007767,"MISSION RD & MARENGO ST, LOS ANGELES, CA",MISSION RD,MARENGO ST,121184,
-118.2157512,34.0351944,38827,8810063,2019,2019-03-08T00:00:00.000Z,1942,2019-01-17T00:00:00.000Z,220,25115,477,4,5,7,1942,0,0,0,D,0,4A71,ROGERS AV,SOTO ST,150,W,N,C,-,N,,0,0,,,0,,,,N,0,0,0,4,A,-,5,21650,,M,A,E,A,B,H,-,C,D,0,,,,,Y,,A,1,0,0,0,0,0,0,0,0,0,- ,- ,0,0,300,1,LOS ANGELES,LOS ANGELES,CA,-118.2157512,34.0351944,"ROGERS AVE & SOTO ST, LOS ANGELES, CA",ROGERS AVE,SOTO ST,135052,
-118.3135721,34.09076309,38828,8810910,2019,2019-03-13T00:00:00.000Z,1942,2019-01-12T00:00:00.000Z,20,42334,657,6,5,7,1942,0,0,0,F,0,6A49,SANTA MONICA BL,WILTON PL,0,,Y,C,-,N,,0,0,,,0,,,,N,3,0,1,2,A,-,9,21801,A,N,A,C,A,B,H,-,C,A,0,,,,,Y,,A,1,0,1,0,0,0,0,0,0,0,- ,- ,0,0,300,1,LOS ANGELES,LOS ANGELES,CA,-118.3135721,34.09076309,"SANTA MONICA BLVD & WILTON PL, LOS ANGELES, CA",SANTA MONICA BLVD,WILTON PL,97026,
-118.3078121,34.09075546,38829,8810954,2019,2019-03-13T00:00:00.000Z,1942,2019-01-20T00:00:00.000Z,240,43506,678,7,5,7,1942,0,0,0,F,0,6A49,SANTA MONICA BL,OXFORD AV,0,,Y,A,-,N,,0,0,,,0,,,,Y,3,0,1,2,A,-,9,21801,A,F,A,C,A,A,H,-,C,D,0,,,Y,,Y,Y,-,99,0,1,0,0,0,0,0,0,1,- ,- ,0,0,300,1,LOS ANGELES,LOS ANGELES,CA,-118.3078121,34.09075546,"SANTA MONICA BLVD & OXFORD AVE, LOS ANGELES, CA",SANTA MONICA BLVD,OXFORD AVE,100523,
-118.2941396,34.00796509,38830,8811499,2019,2019-03-15T00:00:00.000Z,1942,2019-01-25T00:00:00.000Z,240,43324,396,5,5,7,1942,0,0,0,,0,3A63,WALTON AV,41ST PL,80,S,N,A,-,N,,0,0,,,0,,,,Y,0,0,0,3,A,-,3,22350,,M,A,E,A,A,H,-,C,D,0,,,,,Y,,-,99,0,0,0,0,0,0,0,0,0,- ,- ,0,0,300,1,LOS ANGELES,LOS ANGELES,CA,-118.2941396,34.00796509,"WALTON AVE & 41ST PL, LOS ANGELES, CA",WALTON AVE,41ST PL,141788,
-118.3615822,34.17389679,38831,8811724,2019,2019-03-18T00:00:00.000Z,1942,2019-01-15T00:00:00.000Z,55,42251,1539,2,5,7,1942,0,0,0,O,0,15A39,CAHUENGA BL,COLLINS ST,25,S,N,B,-,N,,0,0,,,0,,,,N,4,0,1,2,A,-,9,21801,A,N,D,C,A,A,H,-,C,D,0,,,,,Y,,A,1,0,0,1,0,0,0,0,0,0,- ,- ,0,0,300,1,LOS ANGELES,LOS ANGELES,CA,-118.3615822,34.17389679,"CAHUENGA BLVD & COLLINS ST, LOS ANGELES, CA",CAHUENGA BLVD,COLLINS ST,129288,
-118.2740122,34.00382614,38832,8813121,2019,2019-03-11T00:00:00.000Z,1942,2019-01-19T00:00:00.000Z,145,36828,1362,6,5,7,1942,0,0,0,M,0,13A85,MAIN ST,VERNON AV,0,,Y,A,-,N,,0,0,,,0,,,,N,0,0,0,2,A,-,3,22350,,M,C,C,A,A,H,-,C,A,0,,,,,Y,Y,-,,0,0,0,0,0,0,0,0,0,- ,- ,0,0,300,1,LOS ANGELES,LOS ANGELES,CA,-118.2740122,34.00382614,"MAIN ST & VERNON AVE, LOS ANGELES, CA",MAIN ST,VERNON AVE,106868,
-118.3995428,34.0313797,38833,8813193,2019,2019-04-05T00:00:00.000Z,1942,2019-01-28T00:00:00.000Z,100,42971,897,1,5,7,1942,0,0,0,H,0,8A95,NATIONAL BL,CASTLE HEIGHTS,100,E,N,A,-,N,,0,0,,,0,,,,Y,0,0,0,2,A,-,1,23152,A,N,B,E,A,A,H,-,C,D,0,,,,,Y,Y,A,1,0,0,0,0,0,0,0,0,0,- ,- ,0,0,300,1,LOS ANGELES,LOS ANGELES,CA,-118.3995428,34.0313797,"NATIONAL BLVD & CASTLE HEIGHTS AVE, LOS ANGELES, CA",NATIONAL BLVD,CASTLE HEIGHTS AVE,97190,
-118.2629766,34.01899338,38834,8813206,2019,2019-03-13T00:00:00.000Z,1942,2019-01-30T00:00:00.000Z,15,39938,1333,3,5,7,1942,0,0,0,M,0,13A43,SAN PEDRO ST,29TH ST,36,N,N,A,-,N,,0,0,,,0,,,,Y,4,0,1,2,A,-,3,22350,,N,B,E,A,A,H,-,C,A,0,,,,,Y,,A,1,0,0,1,0,0,0,0,0,0,- ,- ,0,0,300,1,LOS ANGELES,LOS ANGELES,CA,-118.2629766,34.01899338,"SAN PEDRO ST & 29TH ST, LOS ANGELES, CA",SAN PEDRO ST,29TH ST,117363,
-118.2601736,33.99159622,38835,8814967,2019,2019-04-08T00:00:00.000Z,1942,2019-01-26T00:00:00.000Z,150,30083,1373,6,5,7,1942,0,0,0,M,0,13A85,E 56TH ST,MCKINLEY AV,200,E,N,A,-,N,,0,0,,,0,,,,Y,3,0,1,9,A,-,8,22107,,N,B,E,A,A,H,-,C,D,0,,,,,Y,,A,7,0,1,0,0,0,0,0,0,0,- ,- ,0,0,300,1,LOS ANGELES,LOS ANGELES,CA,-118.2601736,33.99159622,"56TH ST & MCKINLEY AVE, LOS ANGELES, CA",56TH ST,MCKINLEY AVE,99567,
-118.2848517,34.08663178,38836,8816327,2019,2019-03-07T00:00:00.000Z,1942,2019-01-01T00:00:00.000Z,150,38922,202,2,5,7,1942,0,0,0,B,0,2A47,NORMAL AV,HOOVER ST,100,W,N,A,-,N,,0,0,,,0,,,,N,0,0,0,2,A,-,3,22350,,M,B,E,A,A,H,-,C,D,0,,,,,Y,,-,99,0,0,0,0,0,0,0,0,0,- ,- ,0,0,300,1,LOS ANGELES,LOS ANGELES,CA,-118.2848517,34.08663177,"NORMAL AVE & HOOVER ST, LOS ANGELES, CA",NORMAL AVE,HOOVER ST,135620,
-118.3855622,34.20846558,38837,8816386,2019,2019-03-08T00:00:00.000Z,1942,2019-01-27T00:00:00.000Z,30,41549,1685,7,5,7,1942,0,0,0,P,0,FTHL,IRVINE AV,SATICOY ST,0,,Y,A,-,N,,0,0,,,0,,,,Y,0,0,0,2,A,-,3,22350,,N,C,E,A,A,H,-,C,D,0,,,,,Y,,A,1,0,0,0,0,0,0,0,0,0,- ,- ,0,0,300,1,LOS ANGELES,LOS ANGELES,CA,-118.3855622,34.20846558,"IRVINE AVE & SATICOY ST, LOS ANGELES, CA",IRVINE AVE,SATICOY ST,136134,
-118.3440438,34.07633209,38838,8816665,2019,2019-03-14T00:00:00.000Z,1942,2019-01-31T00:00:00.000Z,5,39022,727,4,5,7,1942,0,0,0,G,0,7A17,LA BREA AV,BEVERLY BL,65,N,N,A,-,N,,0,0,,,0,,,,N,4,0,3,3,A,-,4,21703,,N,C,C,A,A,H,-,C,A,0,,,,,Y,,A,7,0,0,3,0,0,0,0,0,0,- ,- ,0,0,300,1,LOS ANGELES,LOS ANGELES,CA,-118.3440438,34.07633209,"LA BREA AVE & BEVERLY BLVD, LOS ANGELES, CA",LA BREA AVE,BEVERLY BLVD,117975,
-118.2961122,34.09085465,38839,8821500,2019,2019-03-25T00:00:00.000Z,1942,2019-01-25T00:00:00.000Z,130,38892,1151,5,5,7,1942,0,0,0,K,0,11A51,SANTA MONICA BL,EDGEMONT ST,0,,Y,A,-,N,,0,0,,,0,,,,Y,4,0,1,3,A,-,12,21453,,F,D,C,A,A,H,-,C,A,0,,,,,Y,,-,- ,0,0,1,0,0,0,0,0,0,- ,- ,0,0,300,1,LOS ANGELES,LOS ANGELES,CA,-118.2961122,34.09085464,"SANTA MONICA BLVD & EDGEMONT ST, LOS ANGELES, CA",SANTA MONICA BLVD,EDGEMONT ST,139306,
-118.3562178,34.04118347,38841,8827668,2019,2019-04-03T00:00:00.000Z,1942,2019-01-06T00:00:00.000Z,245,42750,773,7,5,7,1942,0,0,0,G,0,7A47,WASHINGTON BL,DUNSMUIR AV,60,E,N,C,-,N,,0,0,,,0,,,,Y,0,0,0,1,A,-,3,22350,,N,F,J,A,B,H,-,C,A,0,,,,,Y,,A,1,0,0,0,0,0,0,0,0,0,- ,- ,0,0,300,1,LOS ANGELES,LOS ANGELES,CA,-118.3562178,34.04118347,"WASHINGTON BLVD & DUNSMUIR AVE, LOS ANGELES, CA",WASHINGTON BLVD,DUNSMUIR AVE,106951,
-118.3837521,34.07527542,38842,8827680,2019,2019-04-04T00:00:00.000Z,1942,2019-01-12T00:00:00.000Z,210,42779,721,6,5,7,1942,0,0,0,G,0,7A21,ROBERTSON BL,ALDEN DR,0,,Y,C,-,N,,0,0,,,0,,,,N,0,0,0,2,A,-,1,23152,A,N,C,C,A,B,H,-,C,D,0,,,,,Y,Y,-,- ,0,0,0,0,0,0,0,0,0,- ,- ,0,0,300,1,LOS ANGELES,LOS ANGELES,CA,-118.3837521,34.07527542,"ROBERTSON BLVD & ALDEN DR, LOS ANGELES, CA",ROBERTSON BLVD,ALDEN DR,117978,
-118.2527422,34.03947449,38843,8829904,2019,2019-04-18T00:00:00.000Z,1942,2019-01-12T00:00:00.000Z,38,40635,RD176,6,5,7,1942,0,0,0,,0,1A85,9TH ST,MAPLE ST,0,,Y,A,-,N,,0,0,,,0,,,,,4,0,1,2,A,-,12,21453,A,N,D,C,A,A,-,-,C,A,0,,,,,Y,,A,1,0,0,1,0,0,0,0,0,0,- ,- ,0,0,300,1,LOS ANGELES,LOS ANGELES,CA,-118.2527422,34.03947449,"9TH ST & MAPLE AVE, LOS ANGELES, CA",9TH ST,MAPLE AVE,96534,
-118.3140521,34.0633049,38844,8830248,2019,2019-03-27T00:00:00.000Z,1942,2019-01-25T00:00:00.000Z,120,41856,2021,5,5,7,1942,0,0,0,,0,20A1,6TH ST,WILTON PL,0,,Y,A,-,N,,0,0,,,0,,,,Y,3,0,1,2,A,-,12,21453,A,F,D,C,A,A,H,-,C,A,0,,,,,Y,,-,99,0,1,0,0,0,0,0,0,0,- ,- ,0,0,300,1,LOS ANGELES,LOS ANGELES,CA,-118.3140521,34.0633049,"6TH ST & WILTON PL, LOS ANGELES, CA",6TH ST,WILTON PL,104251,
-118.2916922,34.06904602,38845,8830261,2019,2019-03-27T00:00:00.000Z,1942,2019-01-26T00:00:00.000Z,50,37405,2019,6,5,7,1942,0,0,0,,0,20A39,3RD ST,VERMONT AV,0,,Y,A,-,N,,0,0,,,0,,,,N,0,0,0,2,A,-,8,22100,B,M,B,C,A,A,H,-,C,A,0,,,,,Y,Y,-,99,0,0,0,0,0,0,0,0,0,- ,- ,0,0,300,1,LOS ANGELES,LOS ANGELES,CA,-118.2916922,34.06904602,"3RD ST & VERMONT AVE, LOS ANGELES, CA",3RD ST,VERMONT AVE,139277,
-118.2344421,34.03583527,38846,8830264,2019,2019-04-19T00:00:00.000Z,1942,2019-01-26T00:00:00.000Z,130,41979,159,6,5,7,1942,0,0,0,A,0,1429,INDUSTRIAL ST,MILL ST,0,,Y,A,-,N,,0,0,,,0,,,,Y,3,0,3,2,A,-,9,21802,A,F,D,D,A,A,H,-,B,A,0,,,,,Y,Y,A,1,0,1,2,0,0,0,0,0,0,- ,- ,0,0,300,1,LOS ANGELES,LOS ANGELES,CA,-118.2344421,34.03583527,"INDUSTRIAL ST & MILL ST, LOS ANGELES, CA",INDUSTRIAL ST,MILL ST,121225,
-118.4173721,33.95781326,38862,8796874,2019,2019-02-14T00:00:00.000Z,1942,2019-01-16T00:00:00.000Z,330,43031,1484,3,5,7,1942,0,0,0,N,0,14A45,LINCOLN BL,LOYOLA AV,0,,Y,C,-,N,,0,0,,,0,,,,Y,0,0,0,1,A,-,3,22350,,M,E,I,A,B,H,-,C,A,0,,,,,Y,,-,99,0,0,0,0,0,0,0,0,0,- ,- ,0,0,600,1,LOS ANGELES,LOS ANGELES,CA,-118.4173721,33.95781326,"LINCOLN BLVD & LOYOLA BLVD, LOS ANGELES, CA",LINCOLN BLVD,LOYOLA BLVD,123128,
-118.6523122,34.17711639,38864,8855498,2019,2019-05-10T00:00:00.000Z,1942,2019-01-27T00:00:00.000Z,420,42584,2161,7,5,7,1942,0,0,0,,0,21A73,VALLEY CIRCLE BL,EL CANON AV,0,,Y,A,-,N,,0,0,,,0,,,,Y,0,0,0,1,A,-,3,22350,A,M,E,I,A,A,H,-,C,D,0,,,,,Y,,-,,0,0,0,0,0,0,0,0,0,- ,- ,0,0,600,1,LOS ANGELES,LOS ANGELES,CA,-118.6523122,34.17711639,"VALLEY CIRCLE BLVD & EL CANON AVE, LOS ANGELES, CA",VALLEY CIRCLE BLVD,EL CANON AVE,118693,
-118.3916373,34.15761566,38865,8762022,2019,2019-02-14T00:00:00.000Z,1942,2019-01-05T00:00:00.000Z,530,39075,1553,6,5,7,1942,0,0,0,O,0,15A43W,RIVERSIDE DR,RADFORD AV,150,E,N,A,-,N,,0,0,,,0,,,,Y,0,0,0,4,A,-,5,21651,B,M,B,E,A,A,H,-,C,D,0,,,,,Y,,A,1,0,0,0,0,0,0,0,0,0,- ,- ,0,0,600,1,LOS ANGELES,LOS ANGELES,CA,-118.3916373,34.15761566,"RIVERSIDE DR & RADFORD AVE, LOS ANGELES, CA",RIVERSIDE DR,RADFORD AVE,122123,
-118.4137835,34.17852402,38866,8785635,2019,2019-02-04T00:00:00.000Z,1942,2019-01-14T00:00:00.000Z,530,43293,1531,1,5,7,1942,0,0,0,O,0,9A63,COLDWATER CANYON,TIARA ST,22,N,N,B,-,N,,0,0,,,0,,,,Y,4,0,1,4,A,-,7,21658,A,N,F,E,A,A,H,-,C,D,0,,,,,Y,,A,1,0,0,1,0,0,0,0,0,0,- ,- ,0,0,600,1,LOS ANGELES,LOS ANGELES,CA,-118.4137835,34.17852402,"COLDWATER CANYON AVE & TIARA ST, LOS ANGELES, CA",COLDWATER CANYON AVE,TIARA ST,108100,
-118.5295422,34.20837402,38867,8785804,2019,2019-02-02T00:00:00.000Z,1942,2019-01-16T00:00:00.000Z,510,38227,1004,3,5,7,1942,0,0,0,J,0,10A3,SATICOY ST,GARDEN GROVE AV,0,,Y,B,C,N,,0,0,,,0,,,,Y,0,0,0,3,A,-,5,21650,,M,A,E,A,B,G,-,B,D,0,,,,,Y,Y,A,1,0,0,0,0,0,0,0,0,0,- ,- ,0,0,600,1,LOS ANGELES,LOS ANGELES,CA,-118.5295422,34.20837402,"SATICOY ST & GARDEN GROVE AVE, LOS ANGELES, CA",SATICOY ST,GARDEN GROVE AVE,147468,
-118.4481712,34.24264526,38868,8786198,2019,2019-02-12T00:00:00.000Z,1942,2019-01-17T00:00:00.000Z,510,43563,1963,4,5,7,1942,0,0,0,,0,19A61,PLUMMER ST,SYLMAR AV,30,W,N,C,-,N,,0,0,,,0,,,,Y,0,0,0,2,A,-,3,22350,,M,C,E,A,B,H,-,C,D,0,,,,,Y,,A,1,0,0,0,0,0,0,0,0,0,- ,- ,0,0,600,1,LOS ANGELES,LOS ANGELES,CA,-118.4481713,34.24264526,"PLUMMER ST & SYLMAR AVE, LOS ANGELES, CA",PLUMMER ST,SYLMAR AVE,108517,
-118.459401,34.23545837,38869,8793282,2019,2019-02-27T00:00:00.000Z,1942,2019-01-29T00:00:00.000Z,300,41984,1972,2,5,7,1942,0,0,0,,0,19A93,NORDHOFF ST,NOBLE AV,500,E,N,A,-,N,,0,0,,,0,,,,Y,2,0,1,8,A,-,3,22350,,N,A,E,A,A,H,-,C,D,0,,,,,Y,,A,1,1,0,0,0,0,0,0,0,0,- ,- ,0,0,600,1,LOS ANGELES,LOS ANGELES,CA,-118.459401,34.23545837,"NORDHOFF ST & NOBLE AVE, LOS ANGELES, CA",NORDHOFF ST,NOBLE AVE,150732,
-118.3877822,34.16893005,38870,8793390,2019,2019-02-25T00:00:00.000Z,1942,2019-01-12T00:00:00.000Z,320,39952,1545,6,5,7,1942,0,0,0,O,0,15A43,COLFAX AV,CHANDLER BL,100,N,N,C,-,N,,0,0,,,0,,,,Y,4,0,1,4,A,-,3,22350,,N,A,E,A,B,H,-,C,D,0,,,,,Y,,A,1,0,0,1,0,0,0,0,0,0,- ,- ,0,0,600,1,LOS ANGELES,LOS ANGELES,CA,-118.3877822,34.16893005,"COLFAX AVE & CHANDLER BLVD, LOS ANGELES, CA",COLFAX AVE,CHANDLER BLVD,109202,
-118.5798322,34.25135803,38871,8793483,2019,2019-02-26T00:00:00.000Z,1942,2019-01-03T00:00:00.000Z,450,43166,1762,4,5,7,1942,0,0,0,Q,0,17A81,MASON AV,LASSEN ST,500,N,N,A,-,N,,0,0,,,0,,,,N,0,0,0,2,A,-,3,22350,,M,B,E,A,A,H,-,C,A,0,,,,,Y,,-,99,0,0,0,0,0,0,0,0,0,- ,- ,0,0,600,1,LOS ANGELES,LOS ANGELES,CA,-118.5798322,34.25135803,"MASON AVE & LASSEN ST, LOS ANGELES, CA",MASON AVE,LASSEN ST,98675,
-118.2038721,34.05299377,38873,8796395,2019,2019-02-27T00:00:00.000Z,1942,2019-01-05T00:00:00.000Z,530,30380,455,6,5,7,1942,0,0,0,D,0,4A53,N SOTO ST,WABASH AV,0,,Y,A,-,N,,0,0,,,0,,,,Y,0,0,0,2,C,-,18,0,,N,H,-,A,A,H,-,A,D,0,,,,,Y,,-,- ,0,0,0,0,0,0,0,0,0,- ,- ,0,0,600,1,LOS ANGELES,LOS ANGELES,CA,-118.2038721,34.05299377,"SOTO ST & WABASH AVE, LOS ANGELES, CA",SOTO ST,WABASH AVE,124673,
-118.2562548,34.08417511,38874,8815480,2019,2019-04-05T00:00:00.000Z,1942,2019-01-17T00:00:00.000Z,515,40922,1189,4,5,7,1942,0,0,0,K,0,11A95,EFFIE ST,LAKE SHORE AV,150,E,N,C,-,N,,0,0,,,0,,,,N,0,0,0,3,A,-,3,22350,,M,A,E,A,B,-,-,C,D,0,,,,,Y,,-,99,0,0,0,0,0,0,0,0,0,- ,- ,0,0,600,1,LOS ANGELES,LOS ANGELES,CA,-118.2562548,34.08417511,"EFFIE ST & LAKE SHORE AVE, LOS ANGELES, CA",EFFIE ST,LAKE SHORE AVE,104335,
-118.2915709,34.03643835,38875,8788802,2019,2019-03-12T00:00:00.000Z,1942,2019-01-01T00:00:00.000Z,400,43554,318,2,5,7,1942,0,0,0,C,0,3A99,VERMONT AV,RT 10,15,N,N,A,-,Y,LA,7,10,-,R,13.969,R,4,E,N,4,0,3,2,D,-,0,0,,F,C,C,A,A,H,-,C,A,0,,,,,Y,,-,- ,0,0,3,0,0,0,0,0,0,- ,- ,0,0,600,1,LOS ANGELES,LOS ANGELES,CA,-118.2915709,34.03643835,"VERMONT AVE & RT 10 E/B ON, LOS ANGELES, CA",VERMONT AVE,RT 10 E/B ON,144940,
-118.4502922,34.23539352,35212,8793508,2019,2019-02-26T00:00:00.000Z,1942,2019-02-09T00:00:00.000Z,145,43292,1964,6,5,7,1942,0,0,0,,0,19A85,NORDHOFF ST,VAN NUYS BL,0,,Y,A,-,N,,0,0,,,0,,,,N,4,0,1,2,A,-,12,22450,,F,-,G,A,A,H,-,C,A,0,,Y,,,Y,,-,99,0,0,1,0,0,0,1,0,0,- ,- ,0,0,300,2,LOS ANGELES,LOS ANGELES,CA,-118.4502922,34.23539352,"NORDHOFF ST & VAN NUYS BLVD, LOS ANGELES, CA",NORDHOFF ST,VAN NUYS BLVD,105003,
-118.279325,33.96013641,35213,8801158,2019,2019-02-22T00:00:00.000Z,1942,2019-02-04T00:00:00.000Z,530,43620,1267,1,5,7,1942,0,0,0,L,0,12A15,MANCHESTER AV,OLIVE ST,10,W,N,C,-,N,,0,0,,,0,,,,N,4,0,1,2,D,-,0,0,,N,-,G,A,B,H,-,C,D,0,,Y,,,Y,,-,- ,0,0,1,0,0,0,1,0,0,- ,- ,0,0,600,2,LOS ANGELES,LOS ANGELES,CA,-118.279325,33.96013641,"MANCHESTER AVE & OLIVE ST, LOS ANGELES, CA",MANCHESTER AVE,OLIVE ST,144499,
-118.2555421,34.02680588,35214,8847775,2019,2019-04-23T00:00:00.000Z,1942,2019-02-14T00:00:00.000Z,743,43484,1313,4,5,7,1942,0,0,0,M,0,13A13,WASHINGTON BL,STANFORD AV,0,,Y,C,-,N,,0,0,,,0,,,,N,4,0,1,2,A,-,10,21950,A,N,-,G,A,B,H,-,A,D,0,,Y,,,Y,,A,1,0,0,1,0,0,0,1,0,0,- ,- ,0,0,900,2,LOS ANGELES,LOS ANGELES,CA,-118.2555421,34.02680588,"E WASHINGTON BLVD & STANFORD AVE, LOS ANGELES, CA",E WASHINGTON BLVD,STANFORD AVE,116154,
-118.5932322,34.21985626,35215,8804787,2019,2019-03-18T00:00:00.000Z,1942,2019-02-12T00:00:00.000Z,1130,42627,LOSAN,2,5,7,1942,0,0,0,,0,21A1,ROSCOE BL,VARIEL AV,100,W,N,A,-,N,,0,0,,,0,,,,N,4,0,1,2,A,-,5,21650,1,N,-,G,A,A,H,-,A,A,0,,Y,,,Y,,L,4,0,0,1,0,0,0,1,0,0,- ,- ,0,0,1200,2,LOS ANGELES,LOS ANGELES,CA,-118.5932322,34.21985626,"ROSCOE BLVD & VARIEL AVE, LOS ANGELES, CA",ROSCOE BLVD,VARIEL AVE,147096,