X,Y,OBJECTID,case_id,accident_year,proc_date,juris,collision_date,collision_time,officer_id,reporting_district,day_of_week,chp_shift,population,cnty_city_loc,special_cond,beat_type,chp_beat_type,city_division_lapd,chp_beat_class,beat_number,primary_rd,secondary_rd,distance,direction,intersection,weather_1,weather_2,state_hwy_ind,caltrans_county,caltrans_district,state_route,route_suffix,postmile_prefix,postmile,location_type,ramp_intersection,side_of_hwy,tow_away,collision_severity,number_killed,number_injured,party_count,primary_coll_factor,pcf_code_of_viol,pcf_viol_category,pcf_violation,pcf_viol_subsection,hit_and_run,type_of_collision,mviw,ped_action,road_surface,road_cond_1,road_cond_2,lighting,control_device,chp_road_type,pedestrian_accident,bicycle_accident,motorcycle_accident,truck_accident,not_private_property,alcohol_involved,stwd_vehtype_at_fault,chp_vehtype_at_fault,count_severe_inj,count_visible_inj,count_complaint_pain,count_ped_killed,count_ped_injured,count_bicyclist_killed,count_bicyclist_injured,count_mc_killed,count_mc_injured,primary_ramp,secondary_ramp,latitude,longitude,timecat,month_,city,county,state,point_x,point_y,match_addr,m_primaryrd,m_secondrd,int_id,Flag
-118.2730802,34.10278702,35442,8825528,2019,2019-03-28T00:00:00.000Z,1942,2019-02-16T00:00:00.000Z,830,39508,1143,6,5,7,1942,0,0,0,K,0,11A71,HYPERION AV,ENTRANCE DR,265,S,N,A,-,N,,0,0,,,0,,,,N,0,0,0,1,C,-,18,0,,N,H,J,A,A,A,-,A,D,0,,,,,Y,,-,- ,0,0,0,0,0,0,0,0,0,- ,- ,0,0,900,2,LOS ANGELES,LOS ANGELES,CA,-118.2730802,34.10278702,"HYPERION AVE & ENTRANCE DR, LOS ANGELES, CA",HYPERION AVE,ENTRANCE DR,107186,
-118.2787599,33.77132034,35443,8811953,2019,2019-03-15T00:00:00.000Z,1942,2019-02-21T00:00:00.000Z,1045,43138,523,4,5,7,1942,0,0,0,E,0,5A25,HARRY BRIDGES BL,FIGUEROA ST,0,,Y,A,-,N,,0,0,,,0,,,,N,0,0,0,2,A,-,8,22100,A,M,B,C,A,A,H,-,A,A,0,,,,Y,Y,,-,99,0,0,0,0,0,0,0,0,0,- ,- ,0,0,1200,2,LOS ANGELES,LOS ANGELES,CA,-118.2787599,33.77132034,"HARRY BRIDGES BLVD & FIGUEROA ST, LOS ANGELES, CA",HARRY BRIDGES BLVD,FIGUEROA ST,117208,
-118.2602742,34.05070496,35444,8812627,2019,2019-03-21T00:00:00.000Z,1942,2019-02-25T00:00:00.000Z,930,31324,151,1,5,7,1942,0,0,0,A,0,1A41,WILSHIRE BL,FRANCISCO ST,88,E,N,-,-,N,,0,0,,,0,,,,N,3,0,1,3,A,-,6,21750,A,N,B,C,A,A,H,-,A,A,0,,,,,Y,,A,1,0,1,0,0,0,0,0,0,0,- ,- ,0,0,1200,2,LOS ANGELES,LOS ANGELES,CA,-118.2602742,34.05070496,"WILSHIRE BLVD & FRANCISCO ST, LOS ANGELES, CA",WILSHIRE BLVD,FRANCISCO ST,107049,
-118.3703021,34.15764618,35445,8815970,2019,2019-04-08T00:00:00.000Z,1942,2019-02-24T00:00:00.000Z,925,40141,1555,7,5,7,1942,0,0,0,O,0,15A67,CAMARILLO ST,LANKERSHIM BL,0,,Y,A,-,N,,0,0,,,0,,,,Y,3,0,3,2,A,-,12,21453,A,N,D,C,A,A,H,-,A,A,0,,,,,Y,,-,- ,0,1,2,0,0,0,0,0,0,- ,- ,0,0,1200,2,LOS ANGELES,LOS ANGELES,CA,-118.3703021,34.15764618,"CAMARILLO ST & LANKERSHIM BLVD, LOS ANGELES, CA",CAMARILLO ST,LANKERSHIM BLVD,102321,
-118.2564821,33.9684639,35446,8816189,2019,2019-03-21T00:00:00.000Z,1942,2019-02-17T00:00:00.000Z,1130,41878,1259,7,5,7,1942,0,0,0,L,0,12A83,CENTRAL,78TH ST,0,,Y,A,-,N,,0,0,,,0,,,,N,0,0,0,2,A,-,3,22350,,M,B,C,A,A,H,-,A,A,0,,,,,Y,,-,99,0,0,0,0,0,0,0,0,0,- ,- ,0,0,1200,2,LOS ANGELES,LOS ANGELES,CA,-118.2564821,33.9684639,"CENTRAL AVE & 78TH ST, LOS ANGELES, CA",CENTRAL AVE,78TH ST,134556,
-118.5373422,34.19383621,35447,8818201,2019,2019-03-20T00:00:00.000Z,1942,2019-02-09T00:00:00.000Z,908,43365,1024,6,5,7,1942,0,0,0,J,0,103,VANOWEN ST,BAIRD AV,0,,N,B,-,N,,0,0,,,0,,,,Y,0,0,0,2,A,-,9,21801,A,M,B,C,A,A,H,-,A,D,0,,,,,Y,,-,99,0,0,0,0,0,0,0,0,0,- ,- ,0,0,1200,2,LOS ANGELES,LOS ANGELES,CA,-118.5373422,34.19383621,"VANOWEN ST & BAIRD AVE, LOS ANGELES, CA",VANOWEN ST,BAIRD AVE,119385,
-118.3927422,34.28325653,35448,8821493,2019,2019-03-21T00:00:00.000Z,1942,2019-02-06T00:00:00.000Z,910,43526,1605,3,5,7,1942,0,0,0,P,0,16A11,FENTON AV,JOUETT ST,0,,N,A,-,N,,0,0,,,0,,,,N,0,0,0,2,A,-,8,22107,,M,B,E,A,A,H,-,A,D,0,,,,,Y,,-,99,0,0,0,0,0,0,0,0,0,- ,- ,0,0,1200,2,LOS ANGELES,LOS ANGELES,CA,-118.3927422,34.28325653,"FENTON AVE & JOUETT ST, LOS ANGELES, CA",FENTON AVE,JOUETT ST,119657,
-118.2083422,34.04105377,35449,8833866,2019,2019-04-09T00:00:00.000Z,1942,2019-02-28T00:00:00.000Z,940,31713,467,4,5,7,1942,0,0,0,D,0,A471,S FICKETT ST,EAST 2ND ST,0,,Y,A,-,N,,0,0,,,0,,,,N,0,0,0,2,A,-,3,22350,,M,C,C,A,A,H,-,A,D,0,,,,,Y,,-,99,0,0,0,0,0,0,0,0,0,- ,- ,0,0,1200,2,LOS ANGELES,LOS ANGELES,CA,-118.2083422,34.04105377,"FICKETT ST & 2ND ST, LOS ANGELES, CA",FICKETT ST,2ND ST,100046,
-118.326942,34.04417419,35450,8839455,2019,2019-04-18T00:00:00.000Z,1942,2019-02-09T00:00:00.000Z,1150,38282,767,6,5,7,1942,0,0,0,G,0,7A69,VENICE BL,BRONSON AV,150,E,N,C,-,N,,0,0,,,0,,,,Y,4,0,5,3,A,-,3,22350,,N,C,C,A,B,H,-,A,D,0,,,,,Y,,A,7,0,0,5,0,0,0,0,0,0,- ,- ,0,0,1200,2,LOS ANGELES,LOS ANGELES,CA,-118.326942,34.04417419,"VENICE BLVD & BRONSON AVE, LOS ANGELES, CA",VENICE BLVD,BRONSON AVE,99973,
-118.3183017,34.01459503,35451,8796344,2019,2019-03-01T00:00:00.000Z,1942,2019-02-04T00:00:00.000Z,1201,41729,374,1,5,7,1942,0,0,0,C,0,25TL21,W 39TH ST,ARLINGTON AV,12,W,N,C,-,N,,0,0,,,0,,,,N,0,0,0,2,A,-,6,21755,A,N,B,D,A,B,H,-,A,D,0,,,,Y,Y,,A,1,0,0,0,0,0,0,0,0,0,- ,- ,0,0,1500,2,LOS ANGELES,LOS ANGELES,CA,-118.3183017,34.01459503,"39TH ST & ARLINGTON AVE, LOS ANGELES, CA",39TH ST,ARLINGTON AVE,106818,
-118.3703732,33.97872162,35452,8813563,2019,2019-03-20T00:00:00.000Z,1942,2019-02-14T00:00:00.000Z,1210,43266,1469,4,5,7,1942,0,0,0,N,0,1469,LA CIENEGA BL,LA TIJERA BL,50,N,N,C,-,N,,0,0,,,0,,,,N,0,0,0,2,A,-,8,22107,,M,B,C,A,B,H,-,A,A,0,,,,,Y,,-,99,0,0,0,0,0,0,0,0,0,- ,- ,0,0,1500,2,LOS ANGELES,LOS ANGELES,CA,-118.3703732,33.97872162,"LA CIENEGA BLVD & LA TIJERA BLVD, LOS ANGELES, CA",LA CIENEGA BLVD,LA TIJERA BLVD,144206,
-118.5360434,34.18770218,35453,8816068,2019,2019-04-02T00:00:00.000Z,1942,2019-02-19T00:00:00.000Z,1345,32268,1034,2,5,7,1942,0,0,0,J,0,10A21,RESEDA BL,VICTORY BL,400,N,N,A,-,N,,0,0,,,0,,,,Y,4,0,2,2,A,-,7,21658,A,N,B,C,A,A,H,-,A,A,0,,,,,Y,,-,- ,0,0,2,0,0,0,0,0,0,- ,- ,0,0,1500,2,LOS ANGELES,LOS ANGELES,CA,-118.5360434,34.18770218,"RESEDA BLVD & VICTORY BLVD, LOS ANGELES, CA",RESEDA BLVD,VICTORY BLVD,105013,
-118.3179817,34.09807205,35454,8846108,2019,2019-05-02T00:00:00.000Z,1942,2019-02-09T00:00:00.000Z,1235,43480,666,6,5,7,1942,0,0,0,F,0,6A67,BRONSON AV,SUNSET BL,10,N,N,A,-,N,,0,0,,,0,,,,N,0,0,0,2,A,-,3,22350,,M,B,C,A,A,H,-,A,A,0,,,,,Y,Y,-,99,0,0,0,0,0,0,0,0,0,- ,- ,0,0,1500,2,LOS ANGELES,LOS ANGELES,CA,-118.3179817,34.09807205,"BRONSON AVE & SUNSET BLVD, LOS ANGELES, CA",BRONSON AVE,SUNSET BLVD,125452,
-118.280628,34.00377655,35455,8806948,2019,2019-03-04T00:00:00.000Z,1942,2019-02-01T00:00:00.000Z,1625,40164,1361,5,5,7,1942,0,0,0,M,0,24TL56,VERNON AV,GRAND AV,20,W,N,B,-,N,,0,0,,,0,,,,N,0,0,0,2,A,-,4,21703,,M,C,C,A,A,H,-,A,D,0,,,,,Y,,-,99,0,0,0,0,0,0,0,0,0,- ,- ,0,0,1800,2,LOS ANGELES,LOS ANGELES,CA,-118.280628,34.00377655,"VERNON AVE & GRAND AVE, LOS ANGELES, CA",VERNON AVE,GRAND AVE,120422,
-118.5554874,34.03847504,35456,8819516,2019,2019-05-07T00:00:00.000Z,1942,2019-02-15T00:00:00.000Z,1550,43399,861,5,5,7,1942,0,0,0,,0,8A12,PACIFIC COAST HWY,SUNSET BL,50,S,N,C,-,Y,LA,7,1,-,-,39.31,H,-,N,N,4,0,1,2,A,-,3,22350,,F,C,C,A,B,H,-,A,A,0,,,,,Y,,-,99,0,0,1,0,0,0,0,0,0,- ,- ,0,0,1800,2,LOS ANGELES,LOS ANGELES,CA,-118.5554874,34.03847504,"PACIFIC COAST HWY & SUNSET BLVD, LOS ANGELES, CA",PACIFIC COAST HWY,SUNSET BLVD,134138,
-118.4175219,34.20119476,35457,8821453,2019,2019-03-21T00:00:00.000Z,1942,2019-02-11T00:00:00.000Z,1615,42721,1521,1,5,7,1942,0,0,0,O,0,15U4,SHERMAN WY,ETHEL AV,200,E,N,A,-,N,,0,0,,,0,,,,N,0,0,0,2,A,-,8,21460,5,M,B,C,A,A,H,-,A,A,0,,,,,Y,,-,99,0,0,0,0,0,0,0,0,0,- ,- ,0,0,1800,2,LOS ANGELES,LOS ANGELES,CA,-118.4175219,34.20119476,"SHERMAN WAY & ETHEL AVE, LOS ANGELES, CA",SHERMAN WAY,ETHEL AVE,150162,
-118.2010121,34.02778626,35458,8823113,2019,2019-04-19T00:00:00.000Z,1942,2019-02-08T00:00:00.000Z,1600,43257,478,5,5,7,1942,0,0,0,,0,4A78,WHITTIER BL,LORENA ST,0,,N,B,-,N,,0,0,,,0,,,,N,0,0,0,2,A,-,- ,0,A,M,B,E,A,A,H,-,A,D,0,,,,,Y,,-,- ,0,0,0,0,0,0,0,0,0,- ,- ,0,0,1800,2,LOS ANGELES,LOS ANGELES,CA,-118.2010121,34.02778625,"WHITTIER BLVD & LORENA ST, LOS ANGELES, CA",WHITTIER BLVD,LORENA ST,121262,
-118.2929122,34.05773544,35459,8824392,2019,2019-03-22T00:00:00.000Z,1942,2019-02-21T00:00:00.000Z,1630,42686,2046,4,5,7,1942,0,0,0,,0,20A13,8TH ST,NEW HAMPSHIRE AV,0,,Y,A,-,N,,0,0,,,0,,,,N,0,0,0,1,A,-,8,22107,,M,E,I,A,A,H,-,A,A,0,,,,,Y,,-,99,0,0,0,0,0,0,0,0,0,- ,- ,0,0,1800,2,LOS ANGELES,LOS ANGELES,CA,-118.2929122,34.05773544,"8TH ST & NEW HAMPSHIRE AVE, LOS ANGELES, CA",8TH ST,NEW HAMPSHIRE AVE,142055,
-118.3418821,34.0649147,35460,8827811,2019,2019-04-09T00:00:00.000Z,1942,2019-02-09T00:00:00.000Z,1555,43413,737,6,5,7,1942,0,0,0,G,0,7A22,6TH ST,ORANGE DR,0,,Y,A,-,N,,0,0,,,0,,,,N,4,0,4,2,A,-,9,21802,A,N,D,C,A,A,H,-,A,A,0,,,,,Y,,A,1,0,0,4,0,0,0,0,0,0,- ,- ,0,0,1800,2,LOS ANGELES,LOS ANGELES,CA,-118.3418821,34.0649147,"6TH ST & ORANGE DR, LOS ANGELES, CA",6TH ST,ORANGE DR,121642,
-118.2541441,34.0365181,35461,8830421,2019,2019-03-27T00:00:00.000Z,1942,2019-02-13T00:00:00.000Z,1625,3395,1303,3,5,7,1942,0,0,0,M,0,13A13,WALL ST,11TH ST,15,N,N,A,-,N,,0,0,,,0,,,,N,0,0,0,2,A,-,3,22350,,M,C,C,A,A,H,-,A,A,0,,,,,Y,,-,99,0,0,0,0,0,0,0,0,0,- ,- ,0,0,1800,2,LOS ANGELES,LOS ANGELES,CA,-118.2541441,34.0365181,"WALL ST & 11TH ST, LOS ANGELES, CA",WALL ST,11TH ST,131568,
-118.4731301,33.98638153,35463,8834129,2019,2019-04-15T00:00:00.000Z,1942,2019-02-23T00:00:00.000Z,1530,36255,1431,6,5,7,1942,0,0,0,N,0,14A11,17TH HELENA DR,OCEAN FRONT WALK,30,E,N,A,-,N,,0,0,,,0,,,,N,4,0,1,2,A,-,5,21650,,N,B,J,A,A,H,-,A,D,0,,,Y,,Y,,D,22,0,0,1,0,0,0,0,0,1,- ,- ,0,0,1800,2,LOS ANGELES,LOS ANGELES,CA,-118.4731301,33.98638153,"AVE 17 & OCEAN FRONT WALK, LOS ANGELES, CA",AVE 17,OCEAN FRONT WALK,102091,
-118.2505121,34.0244751,35464,8839310,2019,2019-05-01T00:00:00.000Z,1942,2019-02-18T00:00:00.000Z,1608,43229,1317,1,5,7,1942,0,0,0,M,0,13L90,CENTRAL AV,WASHINGTON BL,0,,Y,A,-,N,,0,0,,,0,,,,N,4,0,1,2,A,-,0,20015,A,F,D,C,A,A,H,-,A,A,0,,,,,Y,,-,99,0,0,1,0,0,0,0,0,0,- ,- ,0,0,1800,2,LOS ANGELES,LOS ANGELES,CA,-118.2505121,34.0244751,"CENTRAL AVE & WASHINGTON BLVD, LOS ANGELES, CA",CENTRAL AVE,WASHINGTON BLVD,102147,
-118.3308173,34.08345413,35465,8841814,2019,2019-04-25T00:00:00.000Z,1942,2019-02-17T00:00:00.000Z,1630,43669,676,7,5,7,1942,0,0,0,F,0,6A48,MELROSE AV,WILCOX AV,50,E,N,B,-,N,,0,0,,,0,,,,N,4,0,1,2,A,-,8,22107,,N,C,C,A,A,H,-,A,D,0,,,,,Y,,I,10,0,0,1,0,0,0,0,0,0,- ,- ,0,0,1800,2,LOS ANGELES,LOS ANGELES,CA,-118.3308173,34.08345413,"MELROSE AVE & WILCOX AVE, LOS ANGELES, CA",MELROSE AVE,WILCOX AVE,128704,
-118.4793022,34.19027329,35466,8804920,2019,2019-02-26T00:00:00.000Z,1942,2019-02-03T00:00:00.000Z,1017,43365,1039,7,5,7,1942,0,0,0,J,0,10A39,GLORIA AV,KITTRIDGE ST,0,,-,C,-,N,,0,0,,,0,,,,Y,0,0,0,1,A,-,0,20002,A,M,E,I,A,B,H,-,A,D,0,,,,,Y,,-,- ,0,0,0,0,0,0,0,0,0,- ,- ,0,0,1200,2,LOS ANGELES,LOS ANGELES,CA,-118.4793022,34.19027328,"GLORIA AVE & KITTRIDGE ST, LOS ANGELES, CA",GLORIA AVE,KITTRIDGE ST,98125,
-118.2817921,34.02474594,35467,8812890,2019,2019-05-04T00:00:00.000Z,1942,2019-02-25T00:00:00.000Z,1450,43254,328,1,5,7,1942,0,0,0,C,0,3A28,32ND ST,ROYAL ST,0,,Y,A,-,N,,0,0,,,0,,,,N,3,0,1,2,A,-,11,21950,B,N,G,B,D,A,H,-,A,A,0,Y,,,,Y,,N,60,0,1,0,0,1,0,0,0,0,- ,- ,0,0,1500,2,LOS ANGELES,LOS ANGELES,CA,-118.2817921,34.02474594,"32ND ST & ROYAL ST, LOS ANGELES, CA",32ND ST,ROYAL ST,134821,
-118.2855781,33.86108225,35468,8794686,2019,2019-03-22T00:00:00.000Z,1942,2019-02-09T00:00:00.000Z,847,39097,505,6,5,7,1942,0,0,0,E,0,5A1,190TH ST,HAMILTON ST,200,E,N,C,-,Y,LA,7,110,-,-,9.433,R,4,S,Y,3,0,1,2,A,-,3,22350,,N,C,C,A,B,H,-,A,D,0,,,,,Y,,A,1,0,1,0,0,0,0,0,0,0,- ,- ,0,0,900,2,LOS ANGELES,LOS ANGELES,CA,-118.2855781,33.86108225,"190TH ST & RT 110 S/B OFF, LOS ANGELES, CA",190TH ST,RT 110 S/B OFF,162851,
-118.2695421,33.93297577,35469,8801134,2019,2019-02-22T00:00:00.000Z,1942,2019-02-09T00:00:00.000Z,100,42293,1844,6,5,7,1942,0,0,0,R,0,25T27,SAN PEDRO ST,112TH ST,0,,Y,A,-,N,,0,0,,,0,,,,N,4,0,1,2,A,-,12,21453,A,F,D,C,A,A,H,-,C,A,0,,,,,Y,,-,99,0,0,1,0,0,0,0,0,0,- ,- ,0,0,300,2,LOS ANGELES,LOS ANGELES,CA,-118.2695421,33.93297577,"SAN PEDRO ST & 112TH ST, LOS ANGELES, CA",SAN PEDRO ST,112TH ST,120778,
-118.5565718,34.21561432,35470,8818366,2019,2019-03-25T00:00:00.000Z,1942,2019-02-08T00:00:00.000Z,200,30107,1001,5,5,7,1942,0,0,0,J,0,10A3,STRATHERN ST,SHIRLEY AV,412,E,N,A,-,N,,0,0,,,0,,,,N,0,0,0,2,A,-,8,22107,,M,B,E,A,A,H,-,C,D,0,,,,,Y,,-,,0,0,0,0,0,0,0,0,0,- ,- ,0,0,300,2,LOS ANGELES,LOS ANGELES,CA,-118.5565718,34.21561432,"STRATHERN ST & SHIRLEY AVE, LOS ANGELES, CA",STRATHERN ST,SHIRLEY AVE,115496,
-118.5185422,34.17313385,35471,8810345,2019,2019-03-07T00:00:00.000Z,1942,2019-02-09T00:00:00.000Z,323,1942,43661,6,5,7,1942,0,0,0,,0,1045,MARTHA ST,N WHITE OAK AV,0,,Y,A,-,N,,0,0,,,0,,,,N,3,0,1,2,A,-,10,21950,C,N,G,B,C,A,-,-,C,D,0,Y,,,,Y,,A,1,0,1,0,0,1,0,0,0,0,- ,- ,0,0,600,2,LOS ANGELES,LOS ANGELES,CA,-118.5185422,34.17313385,"MARTHA ST & WHITE OAK AVE, LOS ANGELES, CA",MARTHA ST,WHITE OAK AVE,116064,
-118.2683276,33.99655151,35472,8810052,2019,2019-03-12T00:00:00.000Z,1942,2019-02-09T00:00:00.000Z,2110,36814,1362,6,5,7,1942,0,0,0,M,0,13A61,E 51ST ST,TOWNE AV,275,W,N,A,-,N,,0,0,,,0,,,,N,0,0,0,3,A,-,8,22107,,M,B,E,A,A,H,-,C,D,0,,,,,Y,,A,1,0,0,0,0,0,0,0,0,0,- ,- ,0,0,2400,2,LOS ANGELES,LOS ANGELES,CA,-118.2683276,33.99655151,"51ST ST & TOWNE AVE, LOS ANGELES, CA",51ST ST,TOWNE AVE,124458,
-118.4704666,34.20843506,35473,8816073,2019,2019-03-22T00:00:00.000Z,1942,2019-02-24T00:00:00.000Z,2115,42296,901,7,5,7,1942,0,0,0,I,0,9A5,SATICOY ST,ORION AV,35,E,N,A,-,N,,0,0,,,0,,,,Y,4,0,1,2,A,-,4,21703,,F,C,C,A,A,H,-,C,A,0,,,,,Y,,-,99,0,0,1,0,0,0,0,0,0,- ,- ,0,0,2400,2,LOS ANGELES,LOS ANGELES,CA,-118.4704666,34.20843506,"SATICOY ST & ORION AVE, LOS ANGELES, CA",SATICOY ST,ORION AVE,130203,
-118.3002421,33.82800674,35474,8806584,2019,2019-02-28T00:00:00.000Z,1942,2019-02-05T00:00:00.000Z,200,31674,596,2,5,7,1942,0,0,0,E,0,25TL29,220TH ST,NORMANDIE AV,210,W,N,B,-,N,,0,0,,,0,,,,N,0,0,0,2,A,-,3,22350,,M,A,E,A,B,H,-,C,D,0,,,,,Y,,-,99,0,0,0,0,0,0,0,0,0,- ,- ,0,0,300,2,LOS ANGELES,LOS ANGELES,CA,-118.3002421,33.82800674,"220TH ST & NORMANDIE AVE, LOS ANGELES, CA",220TH ST,NORMANDIE AVE,102213,
-118.2319299,33.93209457,35475,8816171,2019,2019-03-07T00:00:00.000Z,1942,2019-02-22T00:00:00.000Z,220,37350,1849,5,5,7,1942,0,0,0,R,0,18H43,GORMAN AV,113TH ST,135,S,N,A,-,N,,0,0,,,0,,,,N,0,0,0,2,A,-,3,22350,,N,H,E,A,A,H,-,C,-,0,,,,,Y,,A,1,0,0,0,0,0,0,0,0,0,- ,- ,0,0,300,2,LOS ANGELES,LOS ANGELES,CA,-118.2319299,33.93209457,"GORMAN AVE & 113TH ST, LOS ANGELES, CA",GORMAN AVE,113TH ST,106801,
-118.288515,34.09596252,35476,8837899,2019,2019-04-23T00:00:00.000Z,1942,2019-02-13T00:00:00.000Z,500,42109,NORTH,3,5,7,1942,0,0,0,,0,1162,LYMAN PL,FOUNTAIN AV,105,N,N,A,-,N,,0,0,,,0,,,,N,0,0,0,2,A,-,13,22515,A,N,H,E,A,A,H,-,C,D,0,,,,,Y,,-,- ,0,0,0,0,0,0,0,0,0,- ,- ,0,0,600,2,LOS ANGELES,LOS ANGELES,CA,-118.288515,34.09596252,"LYMAN PL & FOUNTAIN AVE, LOS ANGELES, CA",LYMAN PL,FOUNTAIN AVE,114873,
-118.2320982,34.06444168,35477,8821659,2019,2019-03-22T00:00:00.000Z,1942,2019-02-17T00:00:00.000Z,2500,39395,,7,5,7,1942,0,0,0,,0,,ELMYRA ST,MAIN ST,20,W,N,A,-,N,,0,0,,,0,,,,N,0,0,0,2,A,-,0,20015,A,M,C,E,A,A,H,-,-,D,0,,,,,Y,,A,1,0,0,0,0,0,0,0,0,0,- ,- ,0,0,300,2,LOS ANGELES,LOS ANGELES,CA,-118.2320982,34.06444168,"ELMYRA ST & N MAIN ST, LOS ANGELES, CA",ELMYRA ST,N MAIN ST,104288,
-118.2701785,34.08656693,35478,8830500,2019,2019-03-27T00:00:00.000Z,1942,2019-02-26T00:00:00.000Z,2500,39395,1172,2,5,7,1942,0,0,0,K,0,11A71,SILVER LAKE BL,BERKELEY AV,50,S,N,A,-,N,,0,0,,,0,,,,N,0,0,0,2,A,-,0,20015,A,M,D,E,A,A,H,-,-,D,0,,,Y,,Y,,-,99,0,0,0,0,0,0,0,0,0,- ,- ,0,0,300,2,LOS ANGELES,LOS ANGELES,CA,-118.2701785,34.08656693,"SILVER LAKE BLVD & BERKELEY AVE, LOS ANGELES, CA",SILVER LAKE BLVD,BERKELEY AVE,133985,
-118.3468357,34.04242325,35479,8847962,2019,2019-04-22T00:00:00.000Z,1942,2019-02-13T00:00:00.000Z,2500,37770,774,3,5,7,1942,0,0,0,G,0,7A85,PICKFORD ST,LA BREA AV,30,W,N,C,-,N,,0,0,,,0,,,,N,0,0,0,2,A,-,0,20015,A,M,B,E,A,B,H,-,-,D,0,,,,,Y,,-,99,0,0,0,0,0,0,0,0,0,- ,- ,0,0,300,2,LOS ANGELES,LOS ANGELES,CA,-118.3468357,34.04242325,"PICKFORD ST & LA BREA AVE, LOS ANGELES, CA",PICKFORD ST,LA BREA AVE,103455,
-118.3574022,34.08425522,35480,8798905,2019,2019-02-21T00:00:00.000Z,1942,2019-02-02T00:00:00.000Z,2500,35945,702,6,5,7,1942,0,0,0,G,0,7A1,N SPAULDING AV,MELROSE AV,200,N,N,B,C,N,,0,0,,,0,,,,N,0,0,0,2,A,-,8,22107,,M,B,E,A,B,H,-,-,D,0,,,,,Y,,-,99,0,0,0,0,0,0,0,0,0,- ,- ,0,0,300,2,LOS ANGELES,LOS ANGELES,CA,-118.3574022,34.08425522,"SPAULDING AVE & MELROSE AVE, LOS ANGELES, CA",SPAULDING AVE,MELROSE AVE,124979,
-118.2866842,33.96978378,35481,8806616,2019,2019-02-28T00:00:00.000Z,1942,2019-02-14T00:00:00.000Z,2500,42689,1257,4,5,7,1942,0,0,0,L,0,12A83,W 77TH ST,S HOOVER ST,130,E,N,C,-,N,,0,0,,,0,,,,N,0,0,0,2,A,-,3,22350,,M,B,E,A,B,H,-,-,D,0,,,,,Y,,-,99,0,0,0,0,0,0,0,0,0,- ,- ,0,0,300,2,LOS ANGELES,LOS ANGELES,CA,-118.2866842,33.96978378,"77TH ST & HOOVER ST, LOS ANGELES, CA",77TH ST,HOOVER ST,131105,
-118.474612,34.20481491,35482,8806943,2019,2019-03-04T00:00:00.000Z,1942,2019-02-15T00:00:00.000Z,2500,30452,1019,5,5,7,1942,0,0,0,J,0,10A39,VALERIO ST,HASKELL AV,100,E,N,A,-,N,,0,0,,,0,,,,Y,0,0,0,2,A,-,21,22106,,M,H,E,A,A,H,-,-,D,0,,,,,Y,,A,1,0,0,0,0,0,0,0,0,0,- ,- ,0,0,300,2,LOS ANGELES,LOS ANGELES,CA,-118.474612,34.20481491,"VALERIO ST & HASKELL AVE, LOS ANGELES, CA",VALERIO ST,HASKELL AVE,115503,
-118.3604608,34.03015518,35483,8813013,2019,2019-03-14T00:00:00.000Z,1942,2019-02-22T00:00:00.000Z,2500,40066,311,5,5,7,1942,0,0,0,C,0,03A67,CARLIN ST,DURAY PL,150,W,N,A,-,N,,0,0,,,0,,,,N,0,0,0,2,A,-,3,22350,,M,B,-,A,A,H,-,-,D,0,,,,,Y,,-,99,0,0,0,0,0,0,0,0,0,- ,- ,0,0,300,2,LOS ANGELES,LOS ANGELES,CA,-118.3604608,34.03015518,"CARLIN ST & DURAY PL, LOS ANGELES, CA",CARLIN ST,DURAY PL,106980,
-118.5043522,34.28274536,35484,8816134,2019,2019-03-11T00:00:00.000Z,1942,2019-02-21T00:00:00.000Z,2500,30452,1716,4,5,7,1942,0,0,0,Q,0,17A35,AMESTOY AV,ARMSTEAD ST,0,,Y,B,-,N,,0,0,,,0,,,,Y,0,0,0,2,A,-,3,22350,,M,D,E,A,A,H,-,-,A,0,,,,,Y,,A,1,0,0,0,0,0,0,0,0,0,- ,- ,0,0,300,2,LOS ANGELES,LOS ANGELES,CA,-118.5043522,34.28274536,"AMESTOY AVE & ARMSTEAD ST, LOS ANGELES, CA",AMESTOY AVE,ARMSTEAD ST,140582,
-118.2783122,33.96788406,35485,8816199,2019,2019-03-07T00:00:00.000Z,1942,2019-02-16T00:00:00.000Z,2500,41767,1268,6,5,7,1942,0,0,0,L,0,12A73,79TH ST,BROADWAY,0,,Y,A,-,N,,0,0,,,0,,,,N,0,0,0,2,A,-,3,22350,,M,D,E,A,A,H,-,-,D,0,,,,,Y,,-,99,0,0,0,0,0,0,0,0,0,- ,- ,0,0,300,2,LOS ANGELES,LOS ANGELES,CA,-118.2783122,33.96788406,"79TH ST & BROADWAY, LOS ANGELES, CA",79TH ST,BROADWAY,106646,
-118.2828666,34.06356812,35486,8821172,2019,2019-03-22T00:00:00.000Z,1942,2019-02-07T00:00:00.000Z,2500,34458,2029,4,5,7,1942,0,0,0,,0,20A39,S LAFAYETTE PARK PL,N 6TH ST,150,N,N,A,-,N,,0,0,,,0,,,,N,0,0,0,2,A,-,21,22106,,M,B,E,A,A,H,-,-,D,0,,,,,Y,,-,99,0,0,0,0,0,0,0,0,0,- ,- ,0,0,300,2,LOS ANGELES,LOS ANGELES,CA,-118.2828666,34.06356812,"LA FAYETTE PARK PL & 6TH ST, LOS ANGELES, CA",LA FAYETTE PARK PL,6TH ST,121728,