X,Y,OBJECTID,case_id,accident_year,proc_date,juris,collision_date,collision_time,officer_id,reporting_district,day_of_week,chp_shift,population,cnty_city_loc,special_cond,beat_type,chp_beat_type,city_division_lapd,chp_beat_class,beat_number,primary_rd,secondary_rd,distance,direction,intersection,weather_1,weather_2,state_hwy_ind,caltrans_county,caltrans_district,state_route,route_suffix,postmile_prefix,postmile,location_type,ramp_intersection,side_of_hwy,tow_away,collision_severity,number_killed,number_injured,party_count,primary_coll_factor,pcf_code_of_viol,pcf_viol_category,pcf_violation,pcf_viol_subsection,hit_and_run,type_of_collision,mviw,ped_action,road_surface,road_cond_1,road_cond_2,lighting,control_device,chp_road_type,pedestrian_accident,bicycle_accident,motorcycle_accident,truck_accident,not_private_property,alcohol_involved,stwd_vehtype_at_fault,chp_vehtype_at_fault,count_severe_inj,count_visible_inj,count_complaint_pain,count_ped_killed,count_ped_injured,count_bicyclist_killed,count_bicyclist_injured,count_mc_killed,count_mc_injured,primary_ramp,secondary_ramp,latitude,longitude,timecat,month_,city,county,state,point_x,point_y,match_addr,m_primaryrd,m_secondrd,int_id,Flag
-118.2877234,34.04243469,45060,8806811,2019,2019-03-13T00:00:00.000Z,1942,2019-01-01T00:00:00.000Z,735,43351,2088,2,5,7,1942,0,0,0,,0,20A69,NEW ENGLAND ST,17TH ST,102,S,N,A,-,N,,0,0,,,0,,,,N,4,0,2,2,A,-,8,22107,,N,A,C,A,A,H,-,A,A,0,,,,,Y,Y,A,1,0,0,2,0,0,0,0,0,0,- ,- ,0,0,900,1,LOS ANGELES,LOS ANGELES,CA,-118.2877234,34.04243469,"NEW ENGLAND ST & 17TH ST, LOS ANGELES, CA",NEW ENGLAND ST,17TH ST,114106,
-118.2891021,34.05772781,45061,8806819,2019,2019-03-04T00:00:00.000Z,1942,2019-01-16T00:00:00.000Z,645,43562,2049,3,5,7,1942,0,0,0,,0,20A39,WESTMORELAND AV,8TH ST,5,N,N,B,-,N,,0,0,,,0,,,,N,3,0,1,2,A,-,8,22107,,N,D,C,A,B,H,-,B,A,0,,,Y,,Y,,A,7,0,1,0,0,0,0,0,0,1,- ,- ,0,0,900,1,LOS ANGELES,LOS ANGELES,CA,-118.2891021,34.05772781,"WESTMORELAND AVE & 8TH ST, LOS ANGELES, CA",WESTMORELAND AVE,8TH ST,138521,
-118.2901824,33.73057556,45062,8806861,2019,2019-03-11T00:00:00.000Z,1942,2019-01-24T00:00:00.000Z,740,42267,563,4,5,7,1942,0,0,0,E,0,4Z3,GRAND AV,15TH ST,10,S,N,A,-,N,,0,0,,,0,,,,Y,3,0,1,2,A,-,9,21804,A,N,D,D,A,A,H,-,A,D,0,,,,,Y,,A,1,0,1,0,0,0,0,0,0,0,- ,- ,0,0,900,1,LOS ANGELES,LOS ANGELES,CA,-118.2901824,33.73057556,"GRAND AVE (SAN PEDRO) & 15TH ST, LOS ANGELES, CA",GRAND AVE (SAN PEDRO),15TH ST,135090,
-118.2868221,34.06898499,45063,8806874,2019,2019-03-04T00:00:00.000Z,1942,2019-01-08T00:00:00.000Z,835,40305,2039,2,5,7,1942,0,0,0,,0,20A13,3RD ST,VIRGIL AV,0,,Y,A,-,N,,0,0,,,0,,,,N,4,0,2,2,A,-,8,22107,,N,A,C,A,A,H,-,A,A,0,,,,,Y,,A,1,0,0,2,0,0,0,0,0,0,- ,- ,0,0,900,1,LOS ANGELES,LOS ANGELES,CA,-118.2868221,34.06898499,"3RD ST & VIRGIL AVE, LOS ANGELES, CA",3RD ST,VIRGIL AVE,125445,
-118.2565221,34.00925827,45064,8806929,2019,2019-03-01T00:00:00.000Z,1942,2019-01-17T00:00:00.000Z,730,40382,1345,4,5,7,1942,0,0,0,M,0,13A63,CENTRAL,41ST ST,12,N,N,C,-,N,,0,0,,,0,,,,N,0,0,0,2,A,-,3,22350,,M,C,C,A,B,H,-,A,A,0,,,,,Y,,-,99,0,0,0,0,0,0,0,0,0,- ,- ,0,0,900,1,LOS ANGELES,LOS ANGELES,CA,-118.2565221,34.00925827,"CENTRAL AVE & 41ST ST, LOS ANGELES, CA",CENTRAL AVE,41ST ST,131420,
-118.251503,33.99018478,45065,8806941,2019,2019-03-01T00:00:00.000Z,1942,2019-01-26T00:00:00.000Z,605,40289,1375,6,5,7,1942,0,0,0,M,0,13A75,E 58TH ST,HOOPER AV,185,E,N,A,-,N,,0,0,,,0,,,,N,0,0,0,2,A,-,1,23152,A,N,B,C,A,A,H,-,B,D,0,,,,,Y,Y,A,1,0,0,0,0,0,0,0,0,0,- ,- ,0,0,900,1,LOS ANGELES,LOS ANGELES,CA,-118.251503,33.99018478,"58TH ST & HOOPER AVE, LOS ANGELES, CA",58TH ST,HOOPER AVE,134566,
-118.3799424,34.05403519,45066,8807570,2019,2019-03-15T00:00:00.000Z,1942,2019-01-23T00:00:00.000Z,715,38721,859,3,5,7,1942,0,0,0,H,0,8A59,PICO BL,SHERBOURNE DR,125,W,N,A,-,N,,0,0,,,0,,,,N,0,0,0,2,A,-,6,21750,A,N,D,C,A,A,H,-,A,A,0,,,,,Y,,A,1,0,0,0,0,0,0,0,0,0,- ,- ,0,0,900,1,LOS ANGELES,LOS ANGELES,CA,-118.3799424,34.05403519,"PICO BLVD & SHERBOURNE DR, LOS ANGELES, CA",PICO BLVD,SHERBOURNE DR,121004,
-118.2697821,34.02532578,45067,8807581,2019,2019-03-06T00:00:00.000Z,1942,2019-01-24T00:00:00.000Z,825,36238,1331,4,5,7,1942,0,0,0,M,0,13A41,W ADAMS BL,S BROADWAY,0,,Y,A,-,N,,0,0,,,0,,,,N,0,0,0,2,A,-,9,21801,A,N,D,C,A,A,H,-,A,A,0,,,,,Y,,A,1,0,0,0,0,0,0,0,0,0,- ,- ,0,0,900,1,LOS ANGELES,LOS ANGELES,CA,-118.2697821,34.02532578,"ADAMS BLVD & BROADWAY, LOS ANGELES, CA",ADAMS BLVD,BROADWAY,131434,
-118.3113621,33.99661255,45068,8807599,2019,2019-03-05T00:00:00.000Z,1942,2019-01-29T00:00:00.000Z,740,40851,1203,2,5,7,1942,0,0,0,L,0,3A73,SAINT ANDREWS PL,51ST ST,125,S,N,A,-,N,,0,0,,,0,,,,N,0,0,0,2,A,-,3,22350,,N,B,E,A,A,H,-,A,D,0,,,,Y,Y,,A,1,0,0,0,0,0,0,0,0,0,- ,- ,0,0,900,1,LOS ANGELES,LOS ANGELES,CA,-118.3113621,33.99661255,"ST ANDREWS PL & 51ST ST, LOS ANGELES, CA",ST ANDREWS PL,51ST ST,106825,
-118.2628222,34.04620361,45069,8807785,2019,2019-03-12T00:00:00.000Z,1942,2019-01-25T00:00:00.000Z,850,38502,182,5,5,7,1942,0,0,0,A,0,1A61,W 9TH ST,S FIGUEROA ST,0,,Y,A,-,N,,0,0,,,0,,,,N,0,0,0,2,A,-,7,21658,A,M,B,C,A,A,H,-,A,D,0,,,,,Y,,-,- ,0,0,0,0,0,0,0,0,0,- ,- ,0,0,900,1,LOS ANGELES,LOS ANGELES,CA,-118.2628222,34.04620361,"9TH ST & FIGUEROA ST, LOS ANGELES, CA",9TH ST,FIGUEROA ST,135054,
-118.2868922,34.08766556,45070,8807808,2019,2019-03-21T00:00:00.000Z,1942,2019-01-12T00:00:00.000Z,740,40275,202,6,5,7,1942,0,0,0,B,0,2A1,N VIRGIL AV,BURNS AV,10,W,N,B,C,N,,0,0,,,0,,,,N,0,0,0,2,A,-,0,20015,A,M,B,C,A,B,H,-,A,D,0,,,,,Y,,-,- ,0,0,0,0,0,0,0,0,0,- ,- ,0,0,900,1,LOS ANGELES,LOS ANGELES,CA,-118.2868922,34.08766556,"VIRGIL AVE & BURNS AVE, LOS ANGELES, CA",VIRGIL AVE,BURNS AVE,135811,
-118.3781379,34.07232666,45071,8807848,2019,2019-03-06T00:00:00.000Z,1942,2019-01-05T00:00:00.000Z,840,37416,721,6,5,7,1942,0,0,0,G,0,7A21,BURTON WY,HOLT AV,111,E,N,A,-,N,,0,0,,,0,,,,Y,4,0,1,2,A,-,7,21658,A,N,B,C,A,A,H,-,A,D,0,,,,,Y,,A,1,0,0,1,0,0,0,0,0,0,- ,- ,0,0,900,1,LOS ANGELES,LOS ANGELES,CA,-118.3781379,34.07232666,"BURTON WAY & HOLT AVE, LOS ANGELES, CA",BURTON WAY,HOLT AVE,137269,
-118.3454121,34.04584503,45072,8807915,2019,2019-03-06T00:00:00.000Z,1942,2019-01-06T00:00:00.000Z,830,41977,774,7,5,7,1942,0,0,0,G,0,7A85,VENICE BL,S LA BREA AV,0,,Y,A,-,N,,0,0,,,0,,,,N,4,0,2,2,A,-,12,21453,A,N,D,C,A,A,H,-,A,A,0,,,,,Y,,A,1,0,0,2,0,0,0,0,0,0,- ,- ,0,0,900,1,LOS ANGELES,LOS ANGELES,CA,-118.3454121,34.04584503,"VENICE BLVD & LA BREA AVE, LOS ANGELES, CA",VENICE BLVD,LA BREA AVE,130338,
-118.5186222,34.21428299,45074,8809703,2019,2019-05-01T00:00:00.000Z,1942,2019-01-17T00:00:00.000Z,630,27792,1005,4,5,7,1942,0,0,0,J,0,10A3,WHITE OAK AV,STRATHERN ST,500,S,N,C,-,N,,0,0,,,0,,,,N,0,0,0,1,C,-,18,0,,N,E,J,A,-,G,-,B,D,0,,,,,Y,,-,- ,0,0,0,0,0,0,0,0,0,- ,- ,0,0,900,1,LOS ANGELES,LOS ANGELES,CA,-118.5186222,34.21428299,"WHITE OAK AVE & STRATHERN ST, LOS ANGELES, CA",WHITE OAK AVE,STRATHERN ST,112300,
-118.5272922,34.16544342,45075,8809773,2019,2019-03-07T00:00:00.000Z,1942,2019-01-28T00:00:00.000Z,700,41274,1075,1,5,7,1942,0,0,0,J,0,10A99,VENTURA BL,LINDLEY AV,0,,Y,B,-,N,,0,0,,,0,,,,N,3,0,1,2,A,-,12,21453,A,N,G,B,B,A,H,-,A,A,0,Y,,,,Y,,A,1,0,1,0,0,1,0,0,0,0,- ,- ,0,0,900,1,LOS ANGELES,LOS ANGELES,CA,-118.5272922,34.16544342,"VENTURA BLVD & LINDLEY AVE, LOS ANGELES, CA",VENTURA BLVD,LINDLEY AVE,105163,
-118.2199131,34.02386475,45076,8810043,2019,2019-03-08T00:00:00.000Z,1942,2019-01-28T00:00:00.000Z,850,42932,491,1,5,7,1942,0,0,0,D,0,4A97,S SOTO ST,OLYMPIC BL,150,S,N,A,-,N,,0,0,,,0,,,,N,0,0,0,2,A,-,7,21658,A,N,B,C,A,A,H,-,A,A,0,,,,,Y,,A,1,0,0,0,0,0,0,0,0,0,- ,- ,0,0,900,1,LOS ANGELES,LOS ANGELES,CA,-118.2199131,34.02386475,"SOTO ST & OLYMPIC BLVD, LOS ANGELES, CA",SOTO ST,OLYMPIC BLVD,138476,
-118.3343121,34.05242539,45077,8810396,2019,2019-03-07T00:00:00.000Z,1942,2019-01-23T00:00:00.000Z,815,40157,758,3,5,7,1942,0,0,0,G,0,7A47,12TH ST,MULLEN AV,0,,Y,A,-,N,,0,0,,,0,,,,N,4,0,1,2,A,-,9,21801,A,N,A,C,A,A,H,-,A,D,0,,,,,Y,,A,1,0,0,1,0,0,0,0,0,0,- ,- ,0,0,900,1,LOS ANGELES,LOS ANGELES,CA,-118.3343121,34.05242538,"12TH ST & MULLEN AVE, LOS ANGELES, CA",12TH ST,MULLEN AVE,103521,
-118.3752948,34.12359619,45078,8810589,2019,2019-03-13T00:00:00.000Z,1942,2019-01-30T00:00:00.000Z,725,41683,1596,3,5,7,1942,0,0,0,O,0,15A85,MULHOLLAND DR,LAUREL CANYON BL,15,E,N,A,-,N,,0,0,,,0,,,,N,0,0,0,2,A,-,8,22107,,M,B,C,A,A,H,-,A,D,0,,,,,Y,,-,99,0,0,0,0,0,0,0,0,0,- ,- ,0,0,900,1,LOS ANGELES,LOS ANGELES,CA,-118.3752948,34.12359619,"MULHOLLAND DR & LAUREL CANYON BLVD, LOS ANGELES, CA",MULHOLLAND DR,LAUREL CANYON BLVD,133583,
-118.4572397,34.04509354,45079,8810759,2019,2019-03-13T00:00:00.000Z,1942,2019-01-25T00:00:00.000Z,735,38688,852,5,5,7,1942,0,0,0,H,0,8A53,S BARRINGTON AV,OHIO AV,300,N,N,A,-,N,,0,0,,,0,,,,Y,3,0,1,2,A,-,9,21801,A,N,D,C,A,A,H,-,A,D,0,,,,,Y,,A,7,0,1,0,0,0,0,0,0,0,- ,- ,0,0,900,1,LOS ANGELES,LOS ANGELES,CA,-118.4572397,34.04509354,"BARRINGTON AVE & OHIO AVE, LOS ANGELES, CA",BARRINGTON AVE,OHIO AVE,131890,
-118.3444063,34.10574341,45080,8810820,2019,2019-03-11T00:00:00.000Z,1942,2019-01-28T00:00:00.000Z,815,39655,622,1,5,7,1942,0,0,0,F,0,6A31,HILLSIDE AV,OUTPOST DR,71,W,N,A,-,N,,0,0,,,0,,,,N,0,0,0,2,A,-,9,21804,A,N,H,E,A,A,H,-,A,D,0,,,,Y,Y,,A,1,0,0,0,0,0,0,0,0,0,- ,- ,0,0,900,1,LOS ANGELES,LOS ANGELES,CA,-118.3444063,34.10574341,"HILLSIDE AVE & OUTPOST DR, LOS ANGELES, CA",HILLSIDE AVE,OUTPOST DR,135633,
-118.3769574,34.04047775,45081,8810836,2019,2019-03-15T00:00:00.000Z,1942,2019-01-30T00:00:00.000Z,840,42373,889,3,5,7,1942,0,0,0,H,0,8X99,LA CIENEGA BL,GUTHRIE AV,50,N,N,B,-,N,,0,0,,,0,,,,N,4,0,1,2,A,-,4,21703,,N,C,C,A,A,H,-,A,A,0,,,,Y,Y,,F,26,0,0,1,0,0,0,0,0,0,- ,- ,0,0,900,1,LOS ANGELES,LOS ANGELES,CA,-118.3769574,34.04047775,"LA CIENEGA BLVD & GUTHRIE AVE, LOS ANGELES, CA",LA CIENEGA BLVD,GUTHRIE AVE,131459,
-118.3088992,34.01085663,45082,8811491,2019,2019-04-03T00:00:00.000Z,1942,2019-01-17T00:00:00.000Z,820,41943,395,4,5,7,1942,0,0,0,,0,3A55,MARTIN LUTHER KING JR BL,WESTERN,10,E,N,C,-,N,,0,0,,,0,,,,N,0,0,0,3,A,-,9,21801,A,M,B,C,A,B,H,-,A,A,0,,,,,Y,,-,99,0,0,0,0,0,0,0,0,0,- ,- ,0,0,900,1,LOS ANGELES,LOS ANGELES,CA,-118.3088992,34.01085663,"MARTIN LUTHER KING JR BLVD & WESTERN AVE, LOS ANGELES, CA",MARTIN LUTHER KING JR BLVD,WESTERN AVE,131232,
-118.4431922,34.0370636,45083,8811712,2019,2019-03-18T00:00:00.000Z,1942,2019-01-08T00:00:00.000Z,850,36640,882,2,5,7,1942,0,0,0,,0,8X99,OLYMPIC BL,PURDUE AV,0,,Y,A,-,N,,0,0,,,0,,,,N,4,0,1,2,A,-,9,21801,A,N,D,C,A,A,H,-,A,A,0,,,Y,,Y,,A,7,0,0,1,0,0,0,0,0,1,- ,- ,0,0,900,1,LOS ANGELES,LOS ANGELES,CA,-118.4431922,34.0370636,"OLYMPIC BLVD & PURDUE AVE, LOS ANGELES, CA",OLYMPIC BLVD,PURDUE AVE,100627,
-118.4219412,34.28335571,45084,8812139,2019,2019-03-15T00:00:00.000Z,1942,2019-01-31T00:00:00.000Z,730,43453,1611,4,5,7,1942,0,0,0,P,0,16A59,GLENOAKS BL,DEL SUR ST,5,S,N,B,-,N,,0,0,,,0,,,,N,4,0,1,2,A,-,9,21804,A,N,H,G,A,A,-,-,A,D,0,,Y,,,Y,,L,4,0,0,1,0,0,0,1,0,0,- ,- ,0,0,900,1,LOS ANGELES,LOS ANGELES,CA,-118.4219412,34.28335571,"GLENOAKS BLVD & DEL SUR ST, LOS ANGELES, CA",GLENOAKS BLVD,DEL SUR ST,115893,
-118.4053891,34.23352051,45085,8812143,2019,2019-03-01T00:00:00.000Z,1942,2019-01-28T00:00:00.000Z,710,40141,1663,1,5,7,1942,0,0,0,P,0,16A77,LAUREL CANYON BL,JEROME ST,12,N,N,A,-,N,,0,0,,,0,,,,Y,3,0,4,2,A,-,9,21801,A,N,D,C,A,A,H,-,A,D,0,,,,,Y,,A,7,0,1,3,0,0,0,0,0,0,- ,- ,0,0,900,1,LOS ANGELES,LOS ANGELES,CA,-118.4053891,34.23352051,"LAUREL CANYON BLVD & JEROME ST, LOS ANGELES, CA",LAUREL CANYON BLVD,JEROME ST,115703,
-118.2887002,34.05771637,45086,8812246,2019,2019-02-28T00:00:00.000Z,1942,2019-01-23T00:00:00.000Z,845,35439,2049,3,5,7,1942,0,0,0,,0,20A69,8TH ST,WESTMORELAND AV,122,E,N,A,-,N,,0,0,,,0,,,,N,4,0,1,1,A,-,3,22350,,N,E,I,A,A,H,-,A,D,0,,,,,Y,,A,1,0,0,1,0,0,0,0,0,0,- ,- ,0,0,900,1,LOS ANGELES,LOS ANGELES,CA,-118.2887002,34.05771637,"8TH ST & WESTMORELAND AVE, LOS ANGELES, CA",8TH ST,WESTMORELAND AVE,138521,
-118.3002922,34.04543304,45087,8812310,2019,2019-02-28T00:00:00.000Z,1942,2019-01-09T00:00:00.000Z,610,36664,2074,3,5,7,1942,0,0,0,,0,20A71,WEST 15TH ST,S NORMANDIE AV,0,,Y,A,-,N,,0,0,,,0,,,,N,4,0,1,2,A,-,10,21950,A,F,G,B,B,A,H,-,C,A,0,Y,,,,Y,,-,99,0,0,1,0,1,0,0,0,0,- ,- ,0,0,900,1,LOS ANGELES,LOS ANGELES,CA,-118.3002922,34.04543304,"15TH ST & NORMANDIE AVE, LOS ANGELES, CA",15TH ST,NORMANDIE AVE,110459,
-118.4138022,34.15631485,45088,8813966,2019,2019-03-07T00:00:00.000Z,1942,2019-01-27T00:00:00.000Z,810,38857,969,7,5,7,1942,0,0,0,I,0,9A37,COLDWATER CANYON AV,KLING ST,190,N,N,A,-,N,,0,0,,,0,,,,N,0,0,0,2,A,-,12,21453,A,N,D,C,A,A,H,-,A,A,0,,,,,Y,,A,1,0,0,0,0,0,0,0,0,0,- ,- ,0,0,900,1,LOS ANGELES,LOS ANGELES,CA,-118.4138022,34.15631485,"COLDWATER CANYON AVE & KLING ST, LOS ANGELES, CA",COLDWATER CANYON AVE,KLING ST,112424,
-118.2924021,33.73020935,45089,8813975,2019,2019-03-07T00:00:00.000Z,1942,2019-01-18T00:00:00.000Z,715,33672,563,5,5,7,1942,0,0,0,E,0,5A85,S GAFFEY ST,15TH ST,148,S,N,A,-,N,,0,0,,,0,,,,N,0,0,0,2,A,-,21,22106,,N,C,C,A,A,H,-,A,D,0,,,,Y,Y,,F,21,0,0,0,0,0,0,0,0,0,- ,- ,0,0,900,1,LOS ANGELES,LOS ANGELES,CA,-118.2924021,33.73020935,"GAFFEY ST & 15TH ST, LOS ANGELES, CA",GAFFEY ST,15TH ST,135089,
-118.2209958,34.07427979,45090,8814336,2019,2019-03-12T00:00:00.000Z,1942,2019-01-09T00:00:00.000Z,734,31152,411,3,5,7,1942,0,0,0,D,0,4A3,PASADENA AV,SAN FERNANDO RD,60,N,N,B,-,N,,0,0,,,0,,,,N,0,0,0,2,A,-,3,22350,,M,C,C,A,A,H,-,A,D,0,,,,,Y,,-,- ,0,0,0,0,0,0,0,0,0,- ,- ,0,0,900,1,LOS ANGELES,LOS ANGELES,CA,-118.2209958,34.07427979,"PASADENA AVE & SAN FERNANDO RD, LOS ANGELES, CA",PASADENA AVE,SAN FERNANDO RD,135744,
-118.3091522,33.86561585,45091,8814607,2019,2019-03-06T00:00:00.000Z,1942,2019-01-14T00:00:00.000Z,655,39123,501,1,5,7,1942,0,0,0,E,0,5A1,WESTERN AV,182ND ST,0,,Y,C,-,N,,0,0,,,0,,,,N,4,0,1,2,A,-,10,21950,A,N,G,B,B,B,H,-,C,A,0,Y,,,,Y,,A,7,0,0,1,0,1,0,0,0,0,- ,- ,0,0,900,1,LOS ANGELES,LOS ANGELES,CA,-118.3091522,33.86561584,"WESTERN AVE & 182ND ST, LOS ANGELES, CA",WESTERN AVE,182ND ST,148872,
-118.5407463,34.20838165,45092,8814624,2019,2019-03-06T00:00:00.000Z,1942,2019-01-16T00:00:00.000Z,810,34482,1012,3,5,7,1942,0,0,0,J,0,10A3,SATICOY ST,YOLANDA AV,80,W,N,C,-,N,,0,0,,,0,,,,Y,4,0,2,2,A,-,3,22350,,N,C,C,A,B,H,-,A,A,0,,,,,Y,,A,1,0,0,2,0,0,0,0,0,0,- ,- ,0,0,900,1,LOS ANGELES,LOS ANGELES,CA,-118.5407463,34.20838165,"SATICOY ST & YOLANDA AVE, LOS ANGELES, CA",SATICOY ST,YOLANDA AVE,147532,
-118.2369977,34.02612305,45093,8814963,2019,2019-03-18T00:00:00.000Z,1942,2019-01-25T00:00:00.000Z,720,40275,1309,5,5,7,1942,0,0,0,M,0,13A9,LAWRENCE ST,10TH ST,50,N,N,A,-,N,,0,0,,,0,,,,Y,4,0,1,2,A,-,21,22106,,N,D,C,A,A,H,-,A,D,0,,,,,Y,,D,22,0,0,1,0,0,0,0,0,0,- ,- ,0,0,900,1,LOS ANGELES,LOS ANGELES,CA,-118.2369977,34.02612305,"LAWRENCE ST & 10TH ST, LOS ANGELES, CA",LAWRENCE ST,10TH ST,117670,
-118.218478,34.03248978,45094,8814970,2019,2019-03-08T00:00:00.000Z,1942,2019-01-25T00:00:00.000Z,810,40289,473,5,5,7,1942,0,0,0,D,0,4A71,BREED ST,EAST 7TH ST,140,S,N,A,-,N,,0,0,,,0,,,,N,0,0,0,2,C,-,18,0,,N,C,E,A,A,H,-,A,D,0,,,,,Y,,-,- ,0,0,0,0,0,0,0,0,0,- ,- ,0,0,900,1,LOS ANGELES,LOS ANGELES,CA,-118.218478,34.03248978,"BREED ST & 7TH ST, LOS ANGELES, CA",BREED ST,7TH ST,109227,
-118.1875842,34.06643295,45095,8814978,2019,2019-03-12T00:00:00.000Z,1942,2019-01-22T00:00:00.000Z,855,38357,437,2,5,7,1942,0,0,0,D,0,4A59,YELLOWSTONE ST,ROWAN AV,120,E,N,A,-,N,,0,0,,,0,,,,N,2,0,1,2,A,-,21,22106,,N,G,B,E,A,H,-,A,D,0,Y,,,,Y,,D,22,1,0,0,0,1,0,0,0,0,- ,- ,0,0,900,1,LOS ANGELES,LOS ANGELES,CA,-118.1875842,34.06643295,"YELLOWSTONE ST & ROWAN AVE, LOS ANGELES, CA",YELLOWSTONE ST,ROWAN AVE,132283,
-118.1966752,34.02587128,45096,8814982,2019,2019-03-08T00:00:00.000Z,1942,2019-01-24T00:00:00.000Z,808,34332,479,4,5,7,1942,0,0,0,D,0,4A97,WHITTIER BL,ESPERANZA ST,200,W,N,A,-,N,,0,0,,,0,,,,N,0,0,0,2,A,-,3,22350,,M,C,C,A,A,H,-,A,A,0,,,,,Y,,D,22,0,0,0,0,0,0,0,0,0,- ,- ,0,0,900,1,LOS ANGELES,LOS ANGELES,CA,-118.1966752,34.02587128,"WHITTIER BLVD & ESPERANZA ST, LOS ANGELES, CA",WHITTIER BLVD,ESPERANZA ST,145596,
-118.2265222,34.04468536,45097,8814986,2019,2019-03-08T00:00:00.000Z,1942,2019-01-25T00:00:00.000Z,830,38729,461,5,5,7,1942,0,0,0,D,0,4A71,S ANDERSON ST,E 3RD ST,0,,Y,A,-,N,,0,0,,,0,,,,N,0,0,0,2,A,-,9,21802,A,N,D,C,A,A,H,-,A,D,0,,,,Y,Y,,A,1,0,0,0,0,0,0,0,0,0,- ,- ,0,0,900,1,LOS ANGELES,LOS ANGELES,CA,-118.2265222,34.04468536,"ANDERSON ST & 3RD ST, LOS ANGELES, CA",ANDERSON ST,3RD ST,100023,
-118.2300124,34.03157806,45098,8815034,2019,2019-03-08T00:00:00.000Z,1942,2019-01-25T00:00:00.000Z,705,40289,1309,5,5,7,1942,0,0,0,M,0,13A9,S SANTA FE AV,BAY ST,5,N,N,A,-,N,,0,0,,,0,,,,N,0,0,0,2,A,-,6,21755,A,N,B,C,A,A,H,-,A,C,0,,,,Y,Y,,F,26,0,0,0,0,0,0,0,0,0,- ,- ,0,0,900,1,LOS ANGELES,LOS ANGELES,CA,-118.2300124,34.03157806,"SANTA FE AVE & BAY ST, LOS ANGELES, CA",SANTA FE AVE,BAY ST,110578,
-118.4386722,34.02267456,45099,8816257,2019,2019-03-12T00:00:00.000Z,1942,2019-01-11T00:00:00.000Z,700,36553,1425,5,5,7,1942,0,0,0,N,0,14A25,NATIONAL BL,BARRINGTON AV,0,,Y,B,-,N,,0,0,,,0,,,,Y,4,0,1,2,A,-,12,21453,A,N,D,C,A,A,H,-,A,A,0,,,,,Y,,D,22,0,0,1,0,0,0,0,0,0,- ,- ,0,0,900,1,LOS ANGELES,LOS ANGELES,CA,-118.4386722,34.02267456,"NATIONAL BLVD & BARRINGTON AVE, LOS ANGELES, CA",NATIONAL BLVD,BARRINGTON AVE,114399,
-118.2521414,34.10977936,45100,8816347,2019,2019-03-07T00:00:00.000Z,1942,2019-01-22T00:00:00.000Z,700,36238,1133,2,5,7,1942,0,0,0,K,0,11A1,FLETCHER DR,LARGA AV,320,S,N,B,-,N,,0,0,,,0,,,,N,0,0,0,2,A,-,7,21658,A,M,B,C,A,A,H,-,A,D,0,,,,,Y,,-,99,0,0,0,0,0,0,0,0,0,- ,- ,0,0,900,1,LOS ANGELES,LOS ANGELES,CA,-118.2521414,34.10977936,"FLETCHER DR & LARGA AVE, LOS ANGELES, CA",FLETCHER DR,LARGA AVE,100373,
-118.2871515,34.02511978,45101,8816366,2019,2019-03-13T00:00:00.000Z,1942,2019-01-15T00:00:00.000Z,840,43101,358,2,5,7,1942,0,0,0,C,0,3A57,JEFFERSON,MCCLINTOCK AV,20,W,N,B,-,N,,0,0,,,0,,,,Y,0,0,0,2,A,-,9,21801,A,M,B,C,A,A,H,-,A,A,0,,,,,Y,,A,7,0,0,0,0,0,0,0,0,0,- ,- ,0,0,900,1,LOS ANGELES,LOS ANGELES,CA,-118.2871515,34.02511978,"JEFFERSON BLVD & MCCLINTOCK AVE, LOS ANGELES, CA",JEFFERSON BLVD,MCCLINTOCK AVE,109377,
-118.4463264,34.31064606,45102,8816394,2019,2019-03-08T00:00:00.000Z,1942,2019-01-29T00:00:00.000Z,730,33700,1902,2,5,7,1942,0,0,0,,0,19A7,POLK ST,BORDEN AV,200,E,N,B,-,N,,0,0,,,0,,,,N,0,0,0,2,A,-,8,22107,,M,B,C,A,A,H,-,A,A,0,,,,,Y,,-,99,0,0,0,0,0,0,0,0,0,- ,- ,0,0,900,1,LOS ANGELES,LOS ANGELES,CA,-118.4463264,34.31064606,"POLK ST & BORDEN AVE, LOS ANGELES, CA",POLK ST,BORDEN AVE,136684,
-118.5296244,34.04752731,45103,8816686,2019,2019-03-14T00:00:00.000Z,1942,2019-01-17T00:00:00.000Z,730,43441,822,4,5,7,1942,0,0,0,H,0,8A1,TEMESCAL CANYON RD,W BOWDOIN ST,550,N,N,C,-,N,,0,0,,,0,,,,Y,4,0,1,2,A,-,8,22103,,N,B,C,A,B,H,-,B,D,0,,,,,Y,,A,8,0,0,1,0,0,0,0,0,0,- ,- ,0,0,900,1,LOS ANGELES,LOS ANGELES,CA,-118.5296244,34.04752731,"TEMESCAL CANYON RD & BOWDOIN ST, LOS ANGELES, CA",TEMESCAL CANYON RD,BOWDOIN ST,121391,
-118.2841953,34.05005646,45104,8816695,2019,2019-03-12T00:00:00.000Z,1942,2019-01-23T00:00:00.000Z,630,40209,2069,3,5,7,1942,0,0,0,,0,20A69,HOOVER ST,W 12TH ST,51,N,N,A,-,N,,0,0,,,0,,,,Y,4,0,2,2,A,-,7,21658,A,N,D,C,A,A,H,-,A,A,0,,,,,Y,,A,1,0,0,2,0,0,0,0,0,0,- ,- ,0,0,900,1,LOS ANGELES,LOS ANGELES,CA,-118.2841953,34.05005646,"HOOVER ST & 12TH ST, LOS ANGELES, CA",HOOVER ST,12TH ST,121228,