X,Y,OBJECTID,case_id,accident_year,proc_date,juris,collision_date,collision_time,officer_id,reporting_district,day_of_week,chp_shift,population,cnty_city_loc,special_cond,beat_type,chp_beat_type,city_division_lapd,chp_beat_class,beat_number,primary_rd,secondary_rd,distance,direction,intersection,weather_1,weather_2,state_hwy_ind,caltrans_county,caltrans_district,state_route,route_suffix,postmile_prefix,postmile,location_type,ramp_intersection,side_of_hwy,tow_away,collision_severity,number_killed,number_injured,party_count,primary_coll_factor,pcf_code_of_viol,pcf_viol_category,pcf_violation,pcf_viol_subsection,hit_and_run,type_of_collision,mviw,ped_action,road_surface,road_cond_1,road_cond_2,lighting,control_device,chp_road_type,pedestrian_accident,bicycle_accident,motorcycle_accident,truck_accident,not_private_property,alcohol_involved,stwd_vehtype_at_fault,chp_vehtype_at_fault,count_severe_inj,count_visible_inj,count_complaint_pain,count_ped_killed,count_ped_injured,count_bicyclist_killed,count_bicyclist_injured,count_mc_killed,count_mc_injured,primary_ramp,secondary_ramp,latitude,longitude,timecat,month_,city,county,state,point_x,point_y,match_addr,m_primaryrd,m_secondrd,int_id,Flag
-118.2536847,34.03321457,56645,8805738,2019,2019-02-19T00:00:00.000Z,1942,2019-01-03T00:00:00.000Z,1415,34458,1303,4,5,7,1942,0,0,0,M,0,13A13,S SAN PEDRO ST,12TH ST,200,S,N,A,-,N,,0,0,,,0,,,,N,3,0,1,2,A,-,17,21657,,F,H,G,A,A,H,-,A,B,0,,Y,,,Y,,-,99,0,1,0,0,0,0,1,0,0,- ,- ,0,0,1500,1,LOS ANGELES,LOS ANGELES,CA,-118.2536847,34.03321457,"SAN PEDRO ST & 12TH ST, LOS ANGELES, CA",SAN PEDRO ST,12TH ST,110532,
-118.5707499,34.17103958,56646,8805745,2019,2019-02-21T00:00:00.000Z,1942,2019-01-29T00:00:00.000Z,1430,26319,2189,2,5,7,1942,0,0,0,,0,21A97,VENTURA BL,WINNETKA AV,70,E,N,A,-,N,,0,0,,,0,,,,N,0,0,0,2,A,-,8,22107,,M,B,C,A,A,H,-,A,A,0,,,,,Y,,-,99,0,0,0,0,0,0,0,0,0,- ,- ,0,0,1500,1,LOS ANGELES,LOS ANGELES,CA,-118.5707499,34.17103958,"VENTURA BLVD & WINNETKA AVE, LOS ANGELES, CA",VENTURA BLVD,WINNETKA AVE,111615,
-118.2517974,34.04419708,56647,8806292,2019,2019-03-11T00:00:00.000Z,1942,2019-01-24T00:00:00.000Z,1410,41576,165,4,5,7,1942,0,0,0,A,0,1G21,7TH ST,MAIN ST,156,W,N,A,-,N,,0,0,,,0,,,,N,3,0,1,2,A,-,9,21801,A,N,H,G,A,A,H,-,A,D,0,,Y,,,Y,,A,1,0,1,0,0,0,0,1,0,0,- ,- ,0,0,1500,1,LOS ANGELES,LOS ANGELES,CA,-118.2517974,34.04419708,"7TH ST & MAIN ST, LOS ANGELES, CA",7TH ST,MAIN ST,100052,
-118.2604081,34.04884338,56648,8806296,2019,2019-03-11T00:00:00.000Z,1942,2019-01-17T00:00:00.000Z,1410,42040,161,4,5,7,1942,0,0,0,A,0,1A61,S FIGUEROA ST,7TH ST,250,S,N,A,-,N,,0,0,,,0,,,,N,4,0,1,2,A,-,4,21703,,N,C,C,A,B,H,-,A,A,0,,,,,Y,,A,1,0,0,1,0,0,0,0,0,0,- ,- ,0,0,1500,1,LOS ANGELES,LOS ANGELES,CA,-118.2604081,34.04884338,"FIGUEROA ST & 7TH ST, LOS ANGELES, CA",FIGUEROA ST,7TH ST,96486,
-118.4225522,34.20069122,56649,8806299,2019,2019-03-19T00:00:00.000Z,1942,2019-01-26T00:00:00.000Z,1205,33458,1521,6,5,7,1942,0,0,0,O,0,15A21,FULTON AV,SHERMAN WY,180,S,N,A,-,N,,0,0,,,0,,,,N,4,0,1,2,A,-,- ,0,,N,G,B,F,A,H,-,A,D,0,Y,,,,Y,,-,- ,0,0,1,0,1,0,0,0,0,- ,- ,0,0,1500,1,LOS ANGELES,LOS ANGELES,CA,-118.4225522,34.20069122,"FULTON AVE & SHERMAN WAY, LOS ANGELES, CA",FULTON AVE,SHERMAN WAY,132559,
-118.5233422,34.25039673,56650,8806347,2019,2019-03-05T00:00:00.000Z,1942,2019-01-30T00:00:00.000Z,1240,33294,1755,3,5,7,1942,0,0,0,Q,0,17A35,LASSEN ST,ZELZAH AV,0,,Y,A,-,N,,0,0,,,0,,,,Y,4,0,1,3,A,-,12,21453,A,N,D,C,A,A,H,-,A,A,0,,,,,Y,,A,1,0,0,1,0,0,0,0,0,0,- ,- ,0,0,1500,1,LOS ANGELES,LOS ANGELES,CA,-118.5233422,34.25039673,"LASSEN ST & ZELZAH AVE, LOS ANGELES, CA",LASSEN ST,ZELZAH AVE,119669,
-118.5623322,34.23198319,56651,8806351,2019,2019-03-05T00:00:00.000Z,1942,2019-01-21T00:00:00.000Z,1205,37162,1764,1,5,7,1942,0,0,0,Q,0,17A81,NORDHOFF ST,NORDHOFF WY,0,,Y,A,-,N,,0,0,,,0,,,,Y,4,0,1,2,A,-,9,21801,A,N,A,C,A,A,H,-,A,A,0,,,,,Y,,A,1,0,0,1,0,0,0,0,0,0,- ,- ,0,0,1500,1,LOS ANGELES,LOS ANGELES,CA,-118.5623322,34.23198318,"NORDHOFF ST & NORDHOFF WAY, LOS ANGELES, CA",NORDHOFF ST,NORDHOFF WAY,126851,
-118.5360722,34.20117569,56652,8806388,2019,2019-03-15T00:00:00.000Z,1942,2019-01-17T00:00:00.000Z,1440,38613,1024,4,5,7,1942,0,0,0,J,0,10A21,RESEDA BL,SHERMAN WAY,0,,Y,C,-,N,,0,0,,,0,,,,N,4,0,1,3,A,-,12,21453,A,N,D,C,A,B,H,-,A,A,0,,,,,Y,,-,- ,0,0,1,0,0,0,0,0,0,- ,- ,0,0,1500,1,LOS ANGELES,LOS ANGELES,CA,-118.5360722,34.20117569,"RESEDA BLVD & SHERMAN WAY, LOS ANGELES, CA",RESEDA BLVD,SHERMAN WAY,116039,
-118.5386022,34.16980362,56653,8806392,2019,2019-03-05T00:00:00.000Z,1942,2019-01-18T00:00:00.000Z,1240,41514,1063,5,5,7,1942,0,0,0,J,0,10A83,VENTURA BL,AMIGO AV,0,,Y,A,-,N,,0,0,,,0,,,,N,4,0,2,4,A,-,4,21703,,N,C,C,A,A,H,-,A,D,0,,,,,Y,,A,1,0,0,2,0,0,0,0,0,0,- ,- ,0,0,1500,1,LOS ANGELES,LOS ANGELES,CA,-118.5386022,34.16980362,"VENTURA BLVD & AMIGO AVE, LOS ANGELES, CA",VENTURA BLVD,AMIGO AVE,150793,
-118.4923722,34.16709518,56654,8806396,2019,2019-03-15T00:00:00.000Z,1942,2019-01-17T00:00:00.000Z,1300,26319,1049,4,5,7,1942,0,0,0,J,0,10A17,BURBANK BL,HAYVENHURST AV,0,,Y,B,-,N,,0,0,,,0,,,,Y,3,0,1,2,A,-,12,21453,A,N,-,C,A,-,H,-,A,A,0,,,,,Y,,-,- ,0,1,0,0,0,0,0,0,0,- ,- ,0,0,1500,1,LOS ANGELES,LOS ANGELES,CA,-118.4923722,34.16709518,"BURBANK BLVD & HAYVENHURST AVE, LOS ANGELES, CA",BURBANK BLVD,HAYVENHURST AVE,133579,
-118.5360822,34.22070313,56655,8806402,2019,2019-03-07T00:00:00.000Z,1942,2019-01-29T00:00:00.000Z,1340,32085,LOS A,2,5,7,1942,0,0,0,,0,17A95,RESEDA BL,ROSCOE BL,0,,Y,A,-,N,,0,0,,,0,,,,Y,3,0,2,2,A,-,9,21804,A,N,D,C,A,A,H,-,A,D,0,,,,,Y,,A,1,0,1,1,0,0,0,0,0,0,- ,- ,0,0,1500,1,LOS ANGELES,LOS ANGELES,CA,-118.5360822,34.22070313,"RESEDA BLVD & ROSCOE BLVD, LOS ANGELES, CA",RESEDA BLVD,ROSCOE BLVD,136759,
-118.3839668,34.20119095,56656,8806437,2019,2019-03-04T00:00:00.000Z,1942,2019-01-24T00:00:00.000Z,1215,39410,1505,4,5,7,1942,0,0,0,O,0,15A3,SHERMAN WY,BECK AV,165,W,N,A,-,N,,0,0,,,0,,,,Y,3,0,2,3,A,-,9,21801,A,N,D,C,A,A,H,-,A,A,0,,,,,Y,,D,22,0,1,1,0,0,0,0,0,0,- ,- ,0,0,1500,1,LOS ANGELES,LOS ANGELES,CA,-118.3839668,34.20119095,"SHERMAN WAY & BECK AVE, LOS ANGELES, CA",SHERMAN WAY,BECK AVE,146859,
-118.3615165,34.15247726,56657,8806441,2019,2019-03-07T00:00:00.000Z,1942,2019-01-30T00:00:00.000Z,1220,38078,1569,3,5,7,1942,0,0,0,O,0,15A43,CAHUENGA BL,RIVERSIDE DR,100,N,N,A,-,N,,0,0,,,0,,,,Y,4,0,3,2,A,-,4,21703,,N,C,C,A,A,H,-,A,A,0,,,,,Y,,-,,0,0,3,0,0,0,0,0,0,- ,- ,0,0,1500,1,LOS ANGELES,LOS ANGELES,CA,-118.3615165,34.15247726,"CAHUENGA BLVD & RIVERSIDE DR, LOS ANGELES, CA",CAHUENGA BLVD,RIVERSIDE DR,136061,
-118.4835862,34.19389343,56658,8806449,2019,2019-03-06T00:00:00.000Z,1942,2019-01-28T00:00:00.000Z,1400,41514,1039,1,5,7,1942,0,0,0,J,0,10A39,VANOWEN ST,WOODLEY AV,20,E,N,A,-,N,,0,0,,,0,,,,N,4,0,1,2,A,-,4,21703,,N,C,C,A,A,H,-,A,D,0,,,,,Y,,D,22,0,0,1,0,0,0,0,0,0,- ,- ,0,0,1500,1,LOS ANGELES,LOS ANGELES,CA,-118.4835862,34.19389343,"VANOWEN ST & WOODLEY AVE, LOS ANGELES, CA",VANOWEN ST,WOODLEY AVE,150610,
-118.2508546,34.04607773,56659,8806459,2019,2019-03-01T00:00:00.000Z,1942,2019-01-22T00:00:00.000Z,1315,32973,153,2,5,7,1942,0,0,0,A,0,1A41,S SPRING ST,6TH ST,60,N,N,A,-,N,,0,0,,,0,,,,N,0,0,0,2,A,-,6,21750,A,N,B,E,A,A,H,-,A,D,0,,,,,Y,,I,20,0,0,0,0,0,0,0,0,0,- ,- ,0,0,1500,1,LOS ANGELES,LOS ANGELES,CA,-118.2508546,34.04607773,"SPRING ST & 6TH ST, LOS ANGELES, CA",SPRING ST,6TH ST,114006,
-118.5316992,34.2207756,56660,8806461,2019,2019-03-04T00:00:00.000Z,1942,2019-01-31T00:00:00.000Z,1330,41514,1004,4,5,7,1942,0,0,0,J,0,10A3,ROSCOE BL,ETIWANDA AV,10,E,N,A,-,N,,0,0,,,0,,,,N,4,0,1,2,A,-,3,22350,,N,D,C,A,B,H,-,A,D,0,,,,,Y,,D,22,0,0,1,0,0,0,0,0,0,- ,- ,0,0,1500,1,LOS ANGELES,LOS ANGELES,CA,-118.5316992,34.2207756,"ROSCOE BLVD & ETIWANDA AVE, LOS ANGELES, CA",ROSCOE BLVD,ETIWANDA AVE,143966,
-118.4138052,34.1768074,56661,8806481,2019,2019-03-04T00:00:00.000Z,1942,2019-01-26T00:00:00.000Z,1440,42051,1531,6,5,7,1942,0,0,0,O,0,15A43,COLDWATER CANYON AV,HATTERAS ST,380,N,N,A,-,N,,0,0,,,0,,,,Y,3,0,2,2,A,-,8,22107,,N,D,C,A,A,H,-,A,A,0,,,,,Y,,A,1,0,1,1,0,0,0,0,0,0,- ,- ,0,0,1500,1,LOS ANGELES,LOS ANGELES,CA,-118.4138052,34.1768074,"COLDWATER CANYON AVE & HATTERAS ST, LOS ANGELES, CA",COLDWATER CANYON AVE,HATTERAS ST,101999,
-118.4235715,34.20846176,56662,8806501,2019,2019-03-04T00:00:00.000Z,1942,2019-01-26T00:00:00.000Z,1340,33458,1501,6,5,7,1942,0,0,0,O,0,15A21,FULTON AV,SATICOY ST,10,N,N,A,-,N,,0,0,,,0,,,,N,3,0,2,2,A,-,3,22350,,N,D,C,A,A,H,-,A,D,0,,,,,Y,,A,1,0,1,1,0,0,0,0,0,0,- ,- ,0,0,1500,1,LOS ANGELES,LOS ANGELES,CA,-118.4235715,34.20846176,"FULTON AVE & SATICOY ST, LOS ANGELES, CA",FULTON AVE,SATICOY ST,150142,
-118.3768922,34.19396591,56663,8806517,2019,2019-03-04T00:00:00.000Z,1942,2019-01-20T00:00:00.000Z,1245,42051,1517,7,5,7,1942,0,0,0,O,0,15A27,ELMER AV,VANOWEN ST,0,,Y,A,-,N,,0,0,,,0,,,,Y,3,0,1,2,A,-,9,21802,A,N,D,C,A,A,H,-,A,A,0,,,,,Y,,A,1,0,1,0,0,0,0,0,0,0,- ,- ,0,0,1500,1,LOS ANGELES,LOS ANGELES,CA,-118.3768922,34.19396591,"ELMER AVE & VANOWEN ST, LOS ANGELES, CA",ELMER AVE,VANOWEN ST,143355,
-118.3965222,34.18667603,56664,8806521,2019,2019-03-04T00:00:00.000Z,1942,2019-01-29T00:00:00.000Z,1420,30830,1524,2,5,7,1942,0,0,0,O,0,15A33,LAUREL CANYON BL,VICTORY BL,0,,Y,A,-,N,,0,0,,,0,,,,Y,3,0,2,2,A,-,9,21801,A,N,D,C,A,A,H,-,A,A,0,,,,,Y,,A,1,0,1,1,0,0,0,0,0,0,- ,- ,0,0,1500,1,LOS ANGELES,LOS ANGELES,CA,-118.3965222,34.18667603,"LAUREL CANYON BLVD & VICTORY BLVD, LOS ANGELES, CA",LAUREL CANYON BLVD,VICTORY BLVD,137158,
-118.4207521,34.19393539,56665,8806545,2019,2019-03-04T00:00:00.000Z,1942,2019-01-25T00:00:00.000Z,1235,41316,1521,5,5,7,1942,0,0,0,O,0,15A21,VANOWEN ST,ATOLL AV,100,E,N,A,-,N,,0,0,,,0,,,,N,4,0,2,2,A,-,8,22100,,N,D,C,A,A,H,-,A,D,0,,,,,Y,,A,7,0,0,2,0,0,0,0,0,0,- ,- ,0,0,1500,1,LOS ANGELES,LOS ANGELES,CA,-118.4207521,34.19393539,"VANOWEN ST & ATOLL AVE, LOS ANGELES, CA",VANOWEN ST,ATOLL AVE,150416,
-118.2373403,34.06711197,56666,8806678,2019,2019-03-01T00:00:00.000Z,1942,2019-01-11T00:00:00.000Z,1320,38502,111,5,5,7,1942,0,0,0,A,0,1A1,N HILL ST,BERNARD ST,56,S,N,A,-,N,,0,0,,,0,,,,N,0,0,0,2,A,-,3,22350,,N,C,C,A,A,H,-,A,D,0,,,,Y,Y,,A,1,0,0,0,0,0,0,0,0,0,- ,- ,0,0,1500,1,LOS ANGELES,LOS ANGELES,CA,-118.2373403,34.06711197,"HILL ST & BERNARD ST, LOS ANGELES, CA",HILL ST,BERNARD ST,135569,
-118.248859,34.04637146,56667,8806686,2019,2019-03-01T00:00:00.000Z,1942,2019-01-31T00:00:00.000Z,1440,36460,154,4,5,7,1942,0,0,0,A,0,1A35,S MAIN ST,5TH ST,150,S,N,B,-,N,,0,0,,,0,,,,N,0,0,0,2,A,-,8,22107,,N,B,C,A,A,H,-,A,D,0,,,,,Y,,-,- ,0,0,0,0,0,0,0,0,0,- ,- ,0,0,1500,1,LOS ANGELES,LOS ANGELES,CA,-118.248859,34.04637146,"MAIN ST & 5TH ST, LOS ANGELES, CA",MAIN ST,5TH ST,128172,
-118.2511219,34.0437355,56668,8806741,2019,2019-03-05T00:00:00.000Z,1942,2019-01-13T00:00:00.000Z,1340,40289,174,7,5,7,1942,0,0,0,A,0,1A85,7TH ST,MAIN ST,110,E,N,A,-,N,,0,0,,,0,,,,N,4,0,1,2,A,-,3,22350,,N,C,C,A,A,H,-,A,D,0,,,,,Y,,A,7,0,0,1,0,0,0,0,0,0,- ,- ,0,0,1500,1,LOS ANGELES,LOS ANGELES,CA,-118.2511219,34.0437355,"7TH ST & MAIN ST, LOS ANGELES, CA",7TH ST,MAIN ST,100052,
-118.2809921,34.04236603,56669,8806770,2019,2019-03-18T00:00:00.000Z,1942,2019-01-24T00:00:00.000Z,1300,43530,295,4,5,7,1942,0,0,0,,0,2A91,BURLINGTON AV,VENICE BL,0,,Y,A,-,N,,0,0,,,0,,,,N,3,0,1,2,A,-,5,21650,,N,B,G,A,A,-,-,A,A,0,,Y,,,Y,Y,L,4,0,1,0,0,0,0,1,0,0,- ,- ,0,0,1500,1,LOS ANGELES,LOS ANGELES,CA,-118.2809921,34.04236603,"BURLINGTON AVE & VENICE BLVD, LOS ANGELES, CA",BURLINGTON AVE,VENICE BLVD,117562,
-118.2511406,33.79089737,56670,8806781,2019,2019-05-22T00:00:00.000Z,1942,2019-01-31T00:00:00.000Z,1445,40748,RD519,4,5,7,1942,0,0,0,,0,5A15,RT 1,SANFORD,40,W,N,C,-,Y,LA,7,1,-,-,9.87,H,-,S,N,4,0,1,2,A,-,7,21658,,N,B,C,A,B,G,-,A,A,0,,,,,Y,,A,1,0,0,1,0,0,0,0,0,0,- ,- ,0,0,1500,1,LOS ANGELES,LOS ANGELES,CA,-118.2511406,33.79089737,"SR 1 & SANFORD AVE, LOS ANGELES, CA",SR 1,SANFORD AVE,117283,
-118.2686964,34.03065872,56671,8806794,2019,2019-03-05T00:00:00.000Z,1942,2019-01-31T00:00:00.000Z,1200,37540,1321,4,5,7,1942,0,0,0,M,0,13A13,S OLIVE ST,21ST ST,165,N,N,C,-,N,,0,0,,,0,,,,Y,2,0,1,4,A,-,3,22350,,N,C,E,A,B,H,-,A,D,0,,,,,Y,,A,1,1,0,0,0,0,0,0,0,0,- ,- ,0,0,1500,1,LOS ANGELES,LOS ANGELES,CA,-118.2686964,34.03065872,"OLIVE ST & 21ST ST, LOS ANGELES, CA",OLIVE ST,21ST ST,110531,
-118.2748722,34.07251358,56672,8806797,2019,2019-03-05T00:00:00.000Z,1942,2019-01-13T00:00:00.000Z,1212,31152,233,7,5,7,1942,0,0,0,B,0,2A17,RAMPART BL,TEMPLE ST,0,,Y,B,-,N,,0,0,,,0,,,,Y,3,0,4,2,A,-,12,21453,A,N,D,C,A,A,H,-,A,A,0,,,,,Y,,A,1,0,2,2,0,0,0,0,0,0,- ,- ,0,0,1500,1,LOS ANGELES,LOS ANGELES,CA,-118.2748722,34.07251358,"RAMPART BLVD & TEMPLE ST, LOS ANGELES, CA",RAMPART BLVD,TEMPLE ST,97315,
-118.2671121,34.0273056,56673,8806798,2019,2019-03-05T00:00:00.000Z,1942,2019-01-19T00:00:00.000Z,1230,43229,1321,6,5,7,1942,0,0,0,M,0,13A9,MAIN ST,23RD ST,0,,Y,A,-,N,,0,0,,,0,,,,N,4,0,1,2,A,-,4,21703,,F,C,C,A,A,H,-,A,A,0,,,,,Y,,-,99,0,0,1,0,0,0,0,0,0,- ,- ,0,0,1500,1,LOS ANGELES,LOS ANGELES,CA,-118.2671121,34.0273056,"MAIN ST & 23RD ST, LOS ANGELES, CA",MAIN ST,23RD ST,96585,
-118.3711421,33.94533157,56674,8806816,2019,2019-02-28T00:00:00.000Z,1942,2019-01-30T00:00:00.000Z,1230,38158,1497,3,5,7,1942,0,0,0,N,0,14A45,GLASGOW PL,CENTURY BL,20,S,N,A,-,N,,0,0,,,0,,,,N,3,0,1,2,A,-,10,21950,,N,G,B,D,A,H,-,A,D,0,Y,,,,Y,,A,7,0,1,0,0,1,0,0,0,0,- ,- ,0,0,1500,1,LOS ANGELES,LOS ANGELES,CA,-118.3711421,33.94533157,"GLASGOW PL & CENTURY BLVD, LOS ANGELES, CA",GLASGOW PL,CENTURY BLVD,98525,
-118.3038507,33.82335281,56675,8806830,2019,2019-03-04T00:00:00.000Z,1942,2019-01-27T00:00:00.000Z,1250,43157,507,7,5,7,1942,0,0,0,E,0,5A11,224TH ST,DENKER AV,30,W,N,A,-,N,,0,0,,,0,,,,N,4,0,1,2,A,-,21,22106,,N,B,C,A,A,H,-,A,D,0,,,,,Y,Y,A,1,0,0,1,0,0,0,0,0,0,- ,- ,0,0,1500,1,LOS ANGELES,LOS ANGELES,CA,-118.3038507,33.82335281,"224TH ST & DENKER AVE, LOS ANGELES, CA",224TH ST,DENKER AVE,103198,
-118.3991373,34.02373123,56676,8806836,2019,2019-02-28T00:00:00.000Z,1942,2019-01-11T00:00:00.000Z,1345,40452,1407,5,5,7,1942,0,0,0,N,0,14A27,HUGHES AV,VENICE BL,140,N,N,A,-,N,,0,0,,,0,,,,Y,4,0,1,2,A,-,9,21801,A,N,D,C,A,A,H,-,A,D,0,,,Y,,Y,,A,8,0,0,1,0,0,0,0,0,1,- ,- ,0,0,1500,1,LOS ANGELES,LOS ANGELES,CA,-118.3991373,34.02373123,"HUGHES AVE & VENICE BLVD, LOS ANGELES, CA",HUGHES AVE,VENICE BLVD,111056,
-118.292353,33.74371719,56677,8806865,2019,2019-03-11T00:00:00.000Z,1942,2019-01-23T00:00:00.000Z,1250,41921,557,3,5,7,1942,0,0,0,E,0,5A55,GAFFEY ST,1ST ST,150,N,N,A,-,N,,0,0,,,0,,,,N,4,0,2,2,A,-,4,21703,,F,C,C,A,A,H,-,A,D,0,,,,,Y,,-,99,0,0,2,0,0,0,0,0,0,- ,- ,0,0,1500,1,LOS ANGELES,LOS ANGELES,CA,-118.292353,33.74371719,"GAFFEY ST & 1ST ST, LOS ANGELES, CA",GAFFEY ST,1ST ST,132129,
-118.3004321,34.07629395,56678,8806866,2019,2019-03-04T00:00:00.000Z,1942,2019-01-09T00:00:00.000Z,1200,43367,2015,3,5,7,1942,0,0,0,,0,20A13,NORMANDIE AV,BEVERLY BL,0,,Y,A,-,N,,0,0,,,0,,,,N,3,0,1,2,A,-,11,21456,B,N,G,B,B,A,H,-,A,A,0,Y,,,,Y,,N,60,0,1,0,0,1,0,0,0,0,- ,- ,0,0,1500,1,LOS ANGELES,LOS ANGELES,CA,-118.3004321,34.07629395,"NORMANDIE AVE & BEVERLY BLVD, LOS ANGELES, CA",NORMANDIE AVE,BEVERLY BLVD,128743,
-118.240883,34.06319428,56679,8806881,2019,2019-03-01T00:00:00.000Z,1942,2019-01-31T00:00:00.000Z,1435,34332,111,4,5,7,1942,0,0,0,A,0,1A1,ALPINE ST,YALE ST,20,W,N,A,-,N,,0,0,,,0,,,,N,0,0,0,2,A,-,3,22350,,M,C,C,A,A,H,-,A,A,0,,,,,Y,,-,99,0,0,0,0,0,0,0,0,0,- ,- ,0,0,1500,1,LOS ANGELES,LOS ANGELES,CA,-118.240883,34.06319427,"ALPINE ST & YALE ST, LOS ANGELES, CA",ALPINE ST,YALE ST,149772,
-118.4296221,34.15034485,56680,8806885,2019,2019-03-01T00:00:00.000Z,1942,2019-01-26T00:00:00.000Z,1430,32242,2D989,6,5,7,1942,0,0,0,,0,9A19,MOORPARK ST,VENTURA CANYON,0,,Y,A,-,N,,0,0,,,0,,,,N,0,0,0,2,A,-,9,21802,A,N,D,C,A,A,H,-,A,D,0,,,,,Y,,A,1,0,0,0,0,0,0,0,0,0,- ,- ,0,0,1500,1,LOS ANGELES,LOS ANGELES,CA,-118.4296222,34.15034485,"MOORPARK ST & VENTURA CANYON AVE, LOS ANGELES, CA",MOORPARK ST,VENTURA CANYON AVE,98366,
-118.2565668,34.04497147,56681,8806901,2019,2019-03-01T00:00:00.000Z,1942,2019-01-11T00:00:00.000Z,1230,34458,162,5,5,7,1942,0,0,0,A,0,1A61,W 8TH ST,OLIVE ST,120,E,N,B,-,N,,0,0,,,0,,,,N,0,0,0,2,A,-,21,22106,,M,B,C,A,A,H,-,A,D,0,,,,,Y,,-,99,0,0,0,0,0,0,0,0,0,- ,- ,0,0,1500,1,LOS ANGELES,LOS ANGELES,CA,-118.2565668,34.04497147,"8TH ST & OLIVE ST, LOS ANGELES, CA",8TH ST,OLIVE ST,149208,
-118.2680221,34.07026672,56682,8806925,2019,2019-04-18T00:00:00.000Z,1942,2019-01-15T00:00:00.000Z,1345,42040,235,2,5,7,1942,0,0,0,B,0,2A17,W TEMPLE ST,N ALVARADO ST,0,,Y,C,-,N,,0,0,,,0,,,,N,0,0,0,2,A,-,0,21659,,M,A,C,A,B,H,-,A,A,0,,,,,Y,,-,99,0,0,0,0,0,0,0,0,0,- ,- ,0,0,1500,1,LOS ANGELES,LOS ANGELES,CA,-118.2680221,34.07026672,"TEMPLE ST & ALVARADO ST, LOS ANGELES, CA",TEMPLE ST,ALVARADO ST,132136,
-118.4662222,34.2084465,56729,8807703,2019,2019-03-22T00:00:00.000Z,1942,2019-01-30T00:00:00.000Z,1245,39746,901,3,5,7,1942,0,0,0,I,0,9A5,SEPULVEDA BL,SATICOY ST,0,,Y,A,-,N,,0,0,,,0,,,,N,4,0,1,2,A,-,12,21453,A,N,D,C,A,-,H,-,A,A,0,,,,,Y,,D,22,0,0,1,0,0,0,0,0,0,- ,- ,0,0,1500,1,LOS ANGELES,LOS ANGELES,CA,-118.4662222,34.2084465,"SEPULVEDA BLVD & SATICOY ST, LOS ANGELES, CA",SEPULVEDA BLVD,SATICOY ST,136525,
-118.3731822,34.08534622,56730,8807712,2019,2019-03-07T00:00:00.000Z,1942,2019-01-18T00:00:00.000Z,1313,41179,701,5,5,7,1942,0,0,0,G,0,7A1,WARING AV,N ORLANDO AV,0,,Y,A,-,N,,0,0,,,0,,,,N,4,0,1,2,A,-,12,22450,A,N,D,C,A,A,H,-,A,A,0,,,,,Y,,D,22,0,0,1,0,0,0,0,0,0,- ,- ,0,0,1500,1,LOS ANGELES,LOS ANGELES,CA,-118.3731822,34.08534622,"WARING AVE & ORLANDO AVE, LOS ANGELES, CA",WARING AVE,ORLANDO AVE,114378,
-118.2371022,34.0580864,56731,8807777,2019,2019-03-05T00:00:00.000Z,1942,2019-01-22T00:00:00.000Z,1215,40885,111,2,5,7,1942,0,0,0,A,0,1A1,ALAMEDA ST,CESAR CHAVEZ AV,0,,-,A,-,N,,0,0,,,0,,,,N,0,0,0,2,A,-,4,21703,,N,C,C,A,A,H,-,A,D,0,,,,,Y,,A,1,0,0,0,0,0,0,0,0,0,- ,- ,0,0,1500,1,LOS ANGELES,LOS ANGELES,CA,-118.2371022,34.0580864,"ALAMEDA ST & CESAR E CHAVEZ AVE, LOS ANGELES, CA",ALAMEDA ST,CESAR E CHAVEZ AVE,142232,
-118.2425922,34.05678558,56732,8807828,2019,2019-03-01T00:00:00.000Z,1942,2019-01-23T00:00:00.000Z,1340,31713,112,3,5,7,1942,0,0,0,A,0,1A1,ALISO ST,N BROADWAY,0,,Y,A,-,N,,0,0,,,0,,,,N,0,0,0,2,A,-,8,22100,B,N,D,C,A,A,H,-,A,A,0,,,,,Y,,A,1,0,0,0,0,0,0,0,0,0,- ,- ,0,0,1500,1,LOS ANGELES,LOS ANGELES,CA,-118.2425922,34.05678558,"ALISO ST & N BROADWAY, LOS ANGELES, CA",ALISO ST,N BROADWAY,114088,
-118.2372749,34.05722046,56733,8807832,2019,2019-03-01T00:00:00.000Z,1942,2019-01-23T00:00:00.000Z,1205,42932,119,3,5,7,1942,0,0,0,A,0,1A1,ALAMEDA ST,CEASAR CHAVEZ AV,319,S,N,A,-,N,,0,0,,,0,,,,Y,0,0,0,2,A,-,9,21801,A,N,D,C,A,A,H,-,A,D,0,,,,,Y,,A,1,0,0,0,0,0,0,0,0,0,- ,- ,0,0,1500,1,LOS ANGELES,LOS ANGELES,CA,-118.2372749,34.05722046,"ALAMEDA ST & CESAR E CHAVEZ AVE, LOS ANGELES, CA",ALAMEDA ST,CESAR E CHAVEZ AVE,142232,
-118.5384322,34.27564621,56734,8807855,2019,2019-03-07T00:00:00.000Z,1942,2019-01-25T00:00:00.000Z,1320,39410,1713,5,5,7,1942,0,0,0,Q,0,17A35,AMIGO AV,RINALDI ST,0,,Y,A,-,N,,0,0,,,0,,,,Y,4,0,2,2,A,-,12,21453,A,F,D,C,A,A,H,-,A,A,0,,,,,Y,,A,7,0,0,2,0,0,0,0,0,0,- ,- ,0,0,1500,1,LOS ANGELES,LOS ANGELES,CA,-118.5384322,34.27564621,"AMIGO AVE & RINALDI ST, LOS ANGELES, CA",AMIGO AVE,RINALDI ST,124083,