X,Y,OBJECTID,case_id,accident_year,proc_date,juris,collision_date,collision_time,officer_id,reporting_district,day_of_week,chp_shift,population,cnty_city_loc,special_cond,beat_type,chp_beat_type,city_division_lapd,chp_beat_class,beat_number,primary_rd,secondary_rd,distance,direction,intersection,weather_1,weather_2,state_hwy_ind,caltrans_county,caltrans_district,state_route,route_suffix,postmile_prefix,postmile,location_type,ramp_intersection,side_of_hwy,tow_away,collision_severity,number_killed,number_injured,party_count,primary_coll_factor,pcf_code_of_viol,pcf_viol_category,pcf_violation,pcf_viol_subsection,hit_and_run,type_of_collision,mviw,ped_action,road_surface,road_cond_1,road_cond_2,lighting,control_device,chp_road_type,pedestrian_accident,bicycle_accident,motorcycle_accident,truck_accident,not_private_property,alcohol_involved,stwd_vehtype_at_fault,chp_vehtype_at_fault,count_severe_inj,count_visible_inj,count_complaint_pain,count_ped_killed,count_ped_injured,count_bicyclist_killed,count_bicyclist_injured,count_mc_killed,count_mc_injured,primary_ramp,secondary_ramp,latitude,longitude,timecat,month_,city,county,state,point_x,point_y,match_addr,m_primaryrd,m_secondrd,int_id,Flag
-118.4696653,33.98448563,56782,8816265,2019,2019-03-08T00:00:00.000Z,1942,2019-01-29T00:00:00.000Z,1450,41785,1431,2,5,7,1942,0,0,0,N,0,14A28,SOUTH VENICE BL,PACIFIC AV,5,W,N,A,-,N,,0,0,,,0,,,,N,0,0,0,2,A,-,8,22107,,N,B,C,A,A,H,-,A,A,0,,,,Y,Y,,F,27,0,0,0,0,0,0,0,0,0,- ,- ,0,0,1500,1,LOS ANGELES,LOS ANGELES,CA,-118.4696653,33.98448563,"VENICE BLVD & PACIFIC AVE, LOS ANGELES, CA",VENICE BLVD,PACIFIC AVE,124737,
-118.2736121,34.05688477,56783,8816323,2019,2019-04-05T00:00:00.000Z,1942,2019-01-02T00:00:00.000Z,1300,39748,256,3,5,7,1942,0,0,0,B,0,1A41,BONNIE BRAE,WILSHIRE,0,,Y,A,-,N,,0,0,,,0,,,,N,0,0,0,2,A,-,8,22107,,M,B,C,A,A,H,-,A,A,0,,,,,Y,,-,99,0,0,0,0,0,0,0,0,0,- ,- ,0,0,1500,1,LOS ANGELES,LOS ANGELES,CA,-118.2736121,34.05688477,"BONNIE BRAE ST & WILSHIRE BLVD, LOS ANGELES, CA",BONNIE BRAE ST,WILSHIRE BLVD,145713,
-118.2676621,33.77968597,56784,8816370,2019,2019-03-13T00:00:00.000Z,1942,2019-01-16T00:00:00.000Z,1445,39361,526,3,5,7,1942,0,0,0,,0,5A26,ANAHEIM ST,LAGOON AV,0,,Y,C,-,N,,0,0,,,0,,,,Y,0,0,0,2,A,-,9,21801,A,N,D,C,A,B,H,-,A,D,0,,,,,Y,,A,1,0,0,0,0,0,0,0,0,0,- ,- ,0,0,1500,1,LOS ANGELES,LOS ANGELES,CA,-118.2676621,33.77968597,"ANAHEIM ST & LAGOON AVE, LOS ANGELES, CA",ANAHEIM ST,LAGOON AVE,113740,
-118.4267222,34.20903397,56785,8816398,2019,2019-03-08T00:00:00.000Z,1942,2019-01-22T00:00:00.000Z,1310,43634,1999,2,5,7,1942,0,0,0,,0,19A61,SATICOY ST,GREENBUSH AV,0,,Y,A,-,N,,0,0,,,0,,,,N,0,0,0,2,A,-,9,21804,,N,B,C,A,A,H,-,A,D,0,,,,,Y,,-,99,0,0,0,0,0,0,0,0,0,- ,- ,0,0,1500,1,LOS ANGELES,LOS ANGELES,CA,-118.4267222,34.20903397,"SATICOY ST & GREENBUSH AVE, LOS ANGELES, CA",SATICOY ST,GREENBUSH AVE,129128,
-118.4061637,34.02246475,56786,8816642,2019,2019-03-13T00:00:00.000Z,1942,2019-01-30T00:00:00.000Z,1206,41671,1407,3,5,7,1942,0,0,0,N,0,14A27,REGENT ST,MOTOR AV,165,W,N,A,-,N,,0,0,,,0,,,,N,4,0,2,4,A,-,9,21804,A,N,D,C,A,A,H,-,A,D,0,,,,,Y,,A,1,0,0,2,0,0,0,0,0,0,- ,- ,0,0,1500,1,LOS ANGELES,LOS ANGELES,CA,-118.4061637,34.02246475,"REGENT ST & MOTOR AVE, LOS ANGELES, CA",REGENT ST,MOTOR AVE,121556,
-118.4290221,34.0062561,56787,8816654,2019,2019-03-13T00:00:00.000Z,1942,2019-01-28T00:00:00.000Z,1300,40610,1446,1,5,7,1942,0,0,0,N,0,14X56,INGLEWOOD BL,VENICE BL,0,,Y,A,-,N,,0,0,,,0,,,,N,4,0,1,2,A,-,12,21453,A,N,D,C,A,A,H,-,A,A,0,,,,,Y,,A,7,0,0,1,0,0,0,0,0,0,- ,- ,0,0,1500,1,LOS ANGELES,LOS ANGELES,CA,-118.4290221,34.0062561,"INGLEWOOD BLVD & VENICE BLVD, LOS ANGELES, CA",INGLEWOOD BLVD,VENICE BLVD,103714,
-118.4231528,34.04279709,56788,8816679,2019,2019-03-12T00:00:00.000Z,1942,2019-01-18T00:00:00.000Z,1340,40456,855,5,5,7,1942,0,0,0,H,0,8A35,PICO BL,MANNING AV,100,W,N,A,-,N,,0,0,,,0,,,,N,4,0,1,2,A,-,11,21954,A,N,G,B,E,A,H,-,A,D,0,Y,,,,Y,,N,60,0,0,1,0,1,0,0,0,0,- ,- ,0,0,1500,1,LOS ANGELES,LOS ANGELES,CA,-118.4231528,34.04279709,"PICO BLVD & MANNING AVE, LOS ANGELES, CA",PICO BLVD,MANNING AVE,128858,
-118.3511321,34.0835762,56789,8816759,2019,2019-03-08T00:00:00.000Z,1942,2019-01-25T00:00:00.000Z,1200,37900,702,5,5,7,1942,0,0,0,G,0,7A1,N MARTEL AV,MELROSE AV,0,,Y,A,-,N,,0,0,,,0,,,,N,0,0,0,2,A,-,6,21750,,M,B,C,A,A,H,-,A,A,0,,,,,Y,,-,99,0,0,0,0,0,0,0,0,0,- ,- ,0,0,1500,1,LOS ANGELES,LOS ANGELES,CA,-118.3511321,34.0835762,"MARTEL AVE & MELROSE AVE, LOS ANGELES, CA",MARTEL AVE,MELROSE AVE,124981,
-118.4566002,33.99584198,56790,8816763,2019,2019-03-08T00:00:00.000Z,1942,2019-01-23T00:00:00.000Z,1225,41671,1432,3,5,7,1942,0,0,0,N,0,14A13,LINCOLN BL,MARCO CT,32,S,N,A,-,N,,0,0,,,0,,,,N,0,0,0,2,A,-,21,22106,,N,H,E,A,A,H,-,A,D,0,,,,,Y,,A,7,0,0,0,0,0,0,0,0,0,- ,- ,0,0,1500,1,LOS ANGELES,LOS ANGELES,CA,-118.4566002,33.99584198,"LINCOLN BLVD & MARCO CT, LOS ANGELES, CA",LINCOLN BLVD,MARCO CT,114542,
-118.3641973,34.19395447,56791,8818033,2019,2019-03-27T00:00:00.000Z,1942,2019-01-31T00:00:00.000Z,1300,39473,1519,4,5,7,1942,0,0,0,O,0,15A27,VANOWEN ST,CLYBOURN AV,150,W,N,C,-,N,,0,0,,,0,,,,N,0,0,0,2,A,-,3,22350,,M,B,C,A,B,F,-,A,A,0,,,,,Y,,-,99,0,0,0,0,0,0,0,0,0,- ,- ,0,0,1500,1,LOS ANGELES,LOS ANGELES,CA,-118.3641973,34.19395447,"VANOWEN ST & CLYBOURN AVE, LOS ANGELES, CA",VANOWEN ST,CLYBOURN AVE,105741,
-118.5535316,34.19363785,56792,8818081,2019,2019-03-25T00:00:00.000Z,1942,2019-01-26T00:00:00.000Z,1320,37686,1021,6,5,7,1942,0,0,0,J,0,10A21,TAMPA AV,VANOWEN ST,75,S,N,A,-,N,,0,0,,,0,,,,N,0,0,0,2,A,-,9,21804,A,M,D,C,A,A,H,-,A,D,0,,,,,Y,,-,99,0,0,0,0,0,0,0,0,0,- ,- ,0,0,1500,1,LOS ANGELES,LOS ANGELES,CA,-118.5535316,34.19363785,"TAMPA AVE & VANOWEN ST, LOS ANGELES, CA",TAMPA AVE,VANOWEN ST,105124,
-118.492391,34.19260025,56793,8818085,2019,2019-03-25T00:00:00.000Z,1942,2019-01-25T00:00:00.000Z,1450,39281,1008,5,5,7,1942,0,0,0,J,0,10A39,HAYVENHURST AV,ARCHWOOD ST,115,S,N,A,-,N,,0,0,,,0,,,,N,0,0,0,2,A,-,8,22107,,M,B,E,A,A,H,-,A,D,0,,,,,Y,,-,99,0,0,0,0,0,0,0,0,0,- ,- ,0,0,1500,1,LOS ANGELES,LOS ANGELES,CA,-118.492391,34.19260025,"HAYVENHURST AVE & ARCHWOOD ST, LOS ANGELES, CA",HAYVENHURST AVE,ARCHWOOD ST,119191,
-118.5011722,34.18207932,56794,8818308,2019,2019-03-21T00:00:00.000Z,1942,2019-01-27T00:00:00.000Z,1425,42051,1049,7,5,7,1942,0,0,0,J,0,10A17,BALBOA BL,VICTORY BL,1650,S,N,A,-,N,,0,0,,,0,,,,N,0,0,0,2,A,-,3,22350,,M,C,C,A,A,H,-,A,D,0,,,,,Y,,-,99,0,0,0,0,0,0,0,0,0,- ,- ,0,0,1500,1,LOS ANGELES,LOS ANGELES,CA,-118.5011722,34.18207932,"BALBOA BLVD & VICTORY BLVD, LOS ANGELES, CA",BALBOA BLVD,VICTORY BLVD,140210,
-118.5630884,34.04103088,56795,8819513,2019,2019-05-22T00:00:00.000Z,1942,2019-01-24T00:00:00.000Z,1205,40235,861,4,5,7,1942,0,0,0,H,0,8A1,PACIFIC COAST HWY,PORTO MARINA WY,800,N,N,A,-,Y,LA,7,1,-,R,39.79,H,-,S,Y,3,0,2,2,A,-,21,22106,,N,D,C,A,A,H,-,A,D,0,,,,,Y,,A,1,0,2,0,0,0,0,0,0,0,- ,- ,0,0,1500,1,LOS ANGELES,LOS ANGELES,CA,-118.5630884,34.04103088,"PACIFIC COAST HWY & PORTO MARINA WAY, LOS ANGELES, CA",PACIFIC COAST HWY,PORTO MARINA WAY,139093,
-118.2125042,34.05414581,56796,8819639,2019,2019-03-13T00:00:00.000Z,1942,2019-01-24T00:00:00.000Z,1430,40164,455,4,5,7,1942,0,0,0,D,0,24TL54,STATE ST,CITY VIEW AV,30,N,N,A,-,N,,0,0,,,0,,,,Y,0,0,0,3,A,-,12,21453,A,N,D,C,A,A,H,-,A,A,0,,,,,Y,,A,1,0,0,0,0,0,0,0,0,0,- ,- ,0,0,1500,1,LOS ANGELES,LOS ANGELES,CA,-118.2125042,34.05414581,"STATE ST & CITY VIEW AVE, LOS ANGELES, CA",STATE ST,CITY VIEW AVE,142214,
-118.4311566,34.20117569,56797,8819763,2019,2019-03-15T00:00:00.000Z,1942,2019-01-24T00:00:00.000Z,1415,39359,909,4,5,7,1942,0,0,0,I,0,9A5,SHERMAN WY,WOODMAN AV,35,E,N,A,-,N,,0,0,,,0,,,,N,0,0,0,2,A,-,3,22350,,M,C,C,A,A,H,-,A,A,0,,,,,Y,,-,99,0,0,0,0,0,0,0,0,0,- ,- ,0,0,1500,1,LOS ANGELES,LOS ANGELES,CA,-118.4311566,34.20117569,"SHERMAN WAY & WOODMAN AVE, LOS ANGELES, CA",SHERMAN WAY,WOODMAN AVE,129131,
-118.3655221,34.06338501,56798,8827667,2019,2019-04-24T00:00:00.000Z,1942,2019-01-24T00:00:00.000Z,1200,42656,732,4,5,7,1942,0,0,0,G,0,7A21,CRESCENT HEIGHTS BL,WHILSHIRE BL,0,,Y,A,-,N,,0,0,,,0,,,,N,0,0,0,2,A,-,8,22107,,N,B,C,A,A,H,-,A,A,0,,,,Y,Y,,-,- ,0,0,0,0,0,0,0,0,0,- ,- ,0,0,1500,1,LOS ANGELES,LOS ANGELES,CA,-118.3655221,34.06338501,"CRESCENT HEIGHTS BLVD & WILSHIRE BLVD, LOS ANGELES, CA",CRESCENT HEIGHTS BLVD,WILSHIRE BLVD,107505,
-118.2391821,34.05526352,56799,8828033,2019,2019-04-09T00:00:00.000Z,1942,2019-01-06T00:00:00.000Z,1345,42889,111,7,5,7,1942,0,0,0,A,0,1A1W2,ARCADIA ST,N LOS ANGELES ST,0,,Y,A,-,N,,0,0,,,0,,,,N,0,0,0,2,A,-,12,21453,A,M,D,C,A,A,H,-,A,A,0,,,,,Y,,-,99,0,0,0,0,0,0,0,0,0,- ,- ,0,0,1500,1,LOS ANGELES,LOS ANGELES,CA,-118.2391821,34.05526352,"ARCADIA ST & LOS ANGELES ST, LOS ANGELES, CA",ARCADIA ST,LOS ANGELES ST,121137,
-118.2523899,34.04458618,56800,8830246,2019,2019-03-27T00:00:00.000Z,1942,2019-01-29T00:00:00.000Z,1235,42155,163,2,5,7,1942,0,0,0,A,0,1C22,7TH ST,SPRING ST,30,W,N,A,-,N,,0,0,,,0,,,,N,0,0,0,2,A,-,8,22107,,M,B,C,A,A,H,-,A,A,0,,,,,Y,Y,-,99,0,0,0,0,0,0,0,0,0,- ,- ,0,0,1500,1,LOS ANGELES,LOS ANGELES,CA,-118.2523899,34.04458618,"7TH ST & SPRING ST, LOS ANGELES, CA",7TH ST,SPRING ST,142166,
-118.1871621,34.11769486,56801,8830942,2019,2019-04-15T00:00:00.000Z,1942,2019-01-30T00:00:00.000Z,1245,36841,1127,3,5,7,1942,0,0,0,K,0,11A58,YORK BL,MESA,0,,Y,A,-,N,,0,0,,,0,,,,N,0,0,0,3,A,-,4,21703,,M,C,C,A,A,-,-,A,A,0,,,,,Y,,-,99,0,0,0,0,0,0,0,0,0,- ,- ,0,0,1500,1,LOS ANGELES,LOS ANGELES,CA,-118.1871621,34.11769485,"YORK BLVD & MESA AVE, LOS ANGELES, CA",YORK BLVD,MESA AVE,96677,
-118.2442122,34.03436661,56804,8833669,2019,2019-04-19T00:00:00.000Z,1942,2019-01-23T00:00:00.000Z,1205,37282,1307,3,5,7,1942,0,0,0,M,0,13X45,8TH ST EAST,MERCHANT,0,E,N,A,-,N,,0,0,,,0,,,,N,0,0,0,1,A,-,8,22107,,N,E,I,A,A,H,-,A,D,0,,,,Y,Y,,F,25,0,0,0,0,0,0,0,0,0,- ,- ,0,0,1500,1,LOS ANGELES,LOS ANGELES,CA,-118.2442122,34.03436661,"8TH ST & MERCHANT ST, LOS ANGELES, CA",8TH ST,MERCHANT ST,145706,
-118.3078121,34.08847427,56805,8837022,2019,2019-04-30T00:00:00.000Z,1942,2019-01-31T00:00:00.000Z,1440,43480,678,4,5,7,1942,0,0,0,F,0,6A67,ROMAINE,OXFORD,0,,Y,C,-,N,,0,0,,,0,,,,N,0,0,0,2,A,-,3,22350,,M,B,C,A,B,H,-,A,D,0,,,,,Y,,A,8,0,0,0,0,0,0,0,0,0,- ,- ,0,0,1500,1,LOS ANGELES,LOS ANGELES,CA,-118.3078121,34.08847427,"ROMAINE ST & OXFORD AVE,, CA",ROMAINE ST,OXFORD AVE,111136,
-118.2559922,34.02986527,56806,8838672,2019,2019-04-22T00:00:00.000Z,1942,2019-01-23T00:00:00.000Z,1345,43484,1313,3,5,7,1942,0,0,0,M,0,13A13,S SAN PEDRO ST,E 16TH ST,0,,Y,A,-,N,,0,0,,,0,,,,N,4,0,1,2,A,-,12,21453,,N,A,C,A,A,H,-,A,A,0,,,,,Y,,A,1,0,0,1,0,0,0,0,0,0,- ,- ,0,0,1500,1,LOS ANGELES,LOS ANGELES,CA,-118.2559922,34.02986526,"SAN PEDRO ST & 16TH ST, LOS ANGELES, CA",SAN PEDRO ST,16TH ST,117640,
-118.2728893,34.025383,56807,8838680,2019,2019-04-15T00:00:00.000Z,1942,2019-01-15T00:00:00.000Z,1310,43409,1331,2,5,7,1942,0,0,0,M,0,13A27,27TH ST,GRAND AV,25,E,N,C,-,N,,0,0,,,0,,,,N,4,0,1,2,B,-,22,0,,F,G,B,E,B,H,-,A,A,0,Y,,,,Y,,-,99,0,0,1,0,1,0,0,0,0,- ,- ,0,0,1500,1,LOS ANGELES,LOS ANGELES,CA,-118.2728893,34.025383,"27TH ST & GRAND AVE, LOS ANGELES, CA",27TH ST,GRAND AVE,110355,
-118.3614422,34.07513428,56808,8838739,2019,2019-04-16T00:00:00.000Z,1942,2019-01-17T00:00:00.000Z,1400,43605,724,4,5,7,1942,0,0,0,G,0,7A53,FAIRFAX AV,BEVERLY BL,350,S,N,B,-,N,,0,0,,,0,,,,N,4,0,1,2,A,-,9,21804,A,N,D,C,A,B,H,-,A,D,0,,,,,Y,,A,7,0,0,1,0,0,0,0,0,0,- ,- ,0,0,1500,1,LOS ANGELES,LOS ANGELES,CA,-118.3614422,34.07513428,"FAIRFAX AVE & BEVERLY BLVD, LOS ANGELES, CA",FAIRFAX AVE,BEVERLY BLVD,139090,
-118.2783221,33.99239349,56809,8838885,2019,2019-04-11T00:00:00.000Z,1942,2019-01-11T00:00:00.000Z,1410,34968,1371,5,5,7,1942,0,0,0,M,0,13A63,55TH ST,BROADWAY,0,,Y,A,-,N,,0,0,,,0,,,,N,0,0,0,2,A,-,21,22106,,M,D,E,A,A,H,-,A,D,0,,,,,Y,,-,99,0,0,0,0,0,0,0,0,0,- ,- ,0,0,1500,1,LOS ANGELES,LOS ANGELES,CA,-118.2783221,33.99239349,"55TH ST & BROADWAY, LOS ANGELES, CA",55TH ST,BROADWAY,120734,
-118.2580035,34.02676392,56810,8839013,2019,2019-04-12T00:00:00.000Z,1942,2019-01-29T00:00:00.000Z,1320,42228,1313,2,5,7,1942,0,0,0,M,0,13A13,S SAN PEDRO ST,E 20TH ST,25,N,N,A,-,N,,0,0,,,0,,,,N,0,0,0,2,A,-,3,22350,,M,C,C,A,A,H,-,A,D,0,,,,,Y,,-,99,0,0,0,0,0,0,0,0,0,- ,- ,0,0,1500,1,LOS ANGELES,LOS ANGELES,CA,-118.2580035,34.02676392,"SAN PEDRO ST & 20TH ST, LOS ANGELES, CA",SAN PEDRO ST,20TH ST,103393,
-118.2432821,34.03356552,56811,8839033,2019,2019-04-12T00:00:00.000Z,1942,2019-01-24T00:00:00.000Z,1440,31379,1307,4,5,7,1942,0,0,0,M,0,13A9,CENTRAL AV,8TH ST,0,,Y,A,-,N,,0,0,,,0,,,,N,0,0,0,2,A,-,12,21453,A,M,D,C,A,A,H,-,A,A,0,,,,,Y,,-,99,0,0,0,0,0,0,0,0,0,- ,- ,0,0,1500,1,LOS ANGELES,LOS ANGELES,CA,-118.2432821,34.03356552,"CENTRAL AVE & 8TH ST, LOS ANGELES, CA",CENTRAL AVE,8TH ST,102237,
-118.3935967,33.94560623,56812,8856503,2019,2019-05-14T00:00:00.000Z,1942,2019-01-11T00:00:00.000Z,1345,38267,1496,5,5,7,1942,0,0,0,N,0,14A58,CENTURY BL,VICKSBURG AV,105,E,N,A,-,N,,0,0,,,0,,,,N,0,0,0,2,A,-,17,21203,,M,C,C,A,A,H,-,A,D,0,,,,,Y,,-,99,0,0,0,0,0,0,0,0,0,- ,- ,0,0,1500,1,LOS ANGELES,LOS ANGELES,CA,-118.3935967,33.94560623,"CENTURY BLVD & VICKSBURG AVE, LOS ANGELES, CA",CENTURY BLVD,VICKSBURG AVE,112599,
-118.4581352,34.06355286,56813,8858089,2019,2019-05-22T00:00:00.000Z,1942,2019-01-13T00:00:00.000Z,1230,42834,815,7,5,7,1942,0,0,0,,0,8A29,S SEPULVEDA BL,CASHMERE ST,1150,S,N,A,-,N,,0,0,,,0,,,,Y,3,0,2,2,A,-,8,22100,5,N,D,C,A,A,H,-,A,A,0,,,,,Y,,A,7,0,1,1,0,0,0,0,0,0,- ,- ,0,0,1500,1,LOS ANGELES,LOS ANGELES,CA,-118.4581352,34.06355286,"SEPULVEDA BLVD & CASHMERE ST, LOS ANGELES, CA",SEPULVEDA BLVD,CASHMERE ST,135266,
-118.2211422,34.06666565,56823,8779309,2019,2019-03-12T00:00:00.000Z,1942,2019-01-05T00:00:00.000Z,1720,34426,421,6,5,7,1942,0,0,0,D,0,4A15,MAIN ST,CLOVER ST,0,,Y,C,-,N,,0,0,,,0,,,,N,4,0,1,2,A,-,9,21801,A,N,D,I,A,B,H,-,C,D,0,,,,Y,Y,,F,26,0,0,1,0,0,0,0,0,0,- ,- ,0,0,1800,1,LOS ANGELES,LOS ANGELES,CA,-118.2211422,34.06666565,"N MAIN ST & CLOVER ST, LOS ANGELES, CA",N MAIN ST,CLOVER ST,149920,
-118.1948521,34.03313446,56824,8784005,2019,2019-04-08T00:00:00.000Z,1942,2019-01-18T00:00:00.000Z,1500,34426,469,5,5,7,1942,0,0,0,D,0,4A59,EAST 4TH ST,VELASCO ST,0,,Y,A,-,N,,0,0,,,0,,,,N,0,0,0,2,A,-,9,21801,A,M,D,I,A,A,H,-,A,D,0,,,,,Y,,-,99,0,0,0,0,0,0,0,0,0,- ,- ,0,0,1800,1,LOS ANGELES,LOS ANGELES,CA,-118.1948521,34.03313446,"4TH ST & VELASCO ST, LOS ANGELES, CA",4TH ST,VELASCO ST,124641,
-118.5515092,34.28821564,56825,8793304,2019,2019-02-27T00:00:00.000Z,1942,2019-01-17T00:00:00.000Z,1535,36733,1712,4,5,7,1942,0,0,0,Q,0,17A35,WILBUR AV,CAPISTRANO LN,274,S,N,B,-,N,,0,0,,,0,,,,Y,2,0,1,1,A,-,3,22350,,N,E,I,A,B,H,-,A,D,0,,,,,Y,,A,1,1,0,0,0,0,0,0,0,0,- ,- ,0,0,1800,1,LOS ANGELES,LOS ANGELES,CA,-118.5515092,34.28821564,"WILBUR AVE & CAPISTRANO LN, LOS ANGELES, CA",WILBUR AVE,CAPISTRANO LN,126415,
-118.4670822,34.26937485,56826,8793306,2019,2019-02-27T00:00:00.000Z,1942,2019-01-23T00:00:00.000Z,1550,33294,1941,3,5,7,1942,0,0,0,,0,19A43,N SEPULVEDA BL,SOUTH BRAND BL,0,,Y,A,-,N,,0,0,,,0,,,,Y,4,0,1,1,A,-,3,22350,,N,E,I,A,A,H,-,A,A,0,,,,,Y,,A,1,0,0,1,0,0,0,0,0,0,- ,- ,0,0,1800,1,LOS ANGELES,LOS ANGELES,CA,-118.4670822,34.26937485,"SEPULVEDA BLVD & BRAND BLVD, LOS ANGELES, CA",SEPULVEDA BLVD,BRAND BLVD,97834,
-118.3651009,34.06451416,56827,8807716,2019,2019-03-11T00:00:00.000Z,1942,2019-01-07T00:00:00.000Z,1730,37900,732,1,5,7,1942,0,0,0,G,0,7A21,S CRESCENT HEIGHTS BL,ORANGE ST,29,N,N,A,-,N,,0,0,,,0,,,,N,0,0,0,1,C,-,18,0,,N,E,I,A,A,H,-,C,D,0,,,,Y,Y,,-,- ,0,0,0,0,0,0,0,0,0,- ,- ,0,0,1800,1,LOS ANGELES,LOS ANGELES,CA,-118.3651009,34.06451416,"CRESCENT HEIGHTS BLVD & ORANGE ST, LOS ANGELES, CA",CRESCENT HEIGHTS BLVD,ORANGE ST,107460,
-118.2924321,33.72312164,56828,8809743,2019,2019-03-08T00:00:00.000Z,1942,2019-01-14T00:00:00.000Z,1730,43612,585,1,5,7,1942,0,0,0,E,0,5A84,GAFFEY ST,24TH,250,N,N,C,-,N,,0,0,,,0,,,,Y,0,0,0,1,A,-,3,22350,,N,E,I,A,B,H,-,B,D,0,,,,,Y,,A,1,0,0,0,0,0,0,0,0,0,- ,- ,0,0,1800,1,LOS ANGELES,LOS ANGELES,CA,-118.2924321,33.72312164,"GAFFEY ST & 24TH ST, LOS ANGELES, CA",GAFFEY ST,24TH ST,107103,
-118.290904,34.01088715,56829,8791678,2019,2019-02-06T00:00:00.000Z,1942,2019-01-26T00:00:00.000Z,1510,42940,378,6,5,7,1942,0,0,0,C,0,3A62,MARTIN LUTHER KING JR BL,VERMONT AV,200,E,N,A,-,N,,0,0,,,0,,,,Y,3,0,1,2,A,-,17,21663,,N,G,B,F,A,H,-,A,D,0,Y,,,,Y,,A,1,0,1,0,0,1,0,0,0,0,- ,- ,0,0,1800,1,LOS ANGELES,LOS ANGELES,CA,-118.290904,34.01088715,"MARTIN LUTHER KING JR BLVD & VERMONT AVE, LOS ANGELES, CA",MARTIN LUTHER KING JR BLVD,VERMONT AVE,148827,
-118.4368235,34.25495529,56830,8795428,2019,2019-02-11T00:00:00.000Z,1942,2019-01-16T00:00:00.000Z,1500,30694,1959,3,5,7,1942,0,0,0,,0,19A61,BARTEE AV,VAN NUYS BL,110,S,N,C,-,N,,0,0,,,0,,,,N,0,0,0,2,A,-,3,22350,,M,H,E,A,B,H,-,A,D,0,,,,,Y,,-,,0,0,0,0,0,0,0,0,0,- ,- ,0,0,1800,1,LOS ANGELES,LOS ANGELES,CA,-118.4368235,34.25495529,"BARTEE AVE & VAN NUYS BLVD, LOS ANGELES, CA",BARTEE AVE,VAN NUYS BLVD,119516,
-118.1875448,34.08575058,56831,8798247,2019,2019-02-13T00:00:00.000Z,1942,2019-01-16T00:00:00.000Z,1600,39438,407,3,5,7,1942,0,0,0,D,0,4A53,MONTEREY RD,HUNTINGTON,40,S,N,C,-,N,,0,0,,,0,,,,N,4,0,1,2,A,-,9,21801,A,N,G,B,B,B,H,-,A,A,0,Y,,,,Y,,A,1,0,0,1,0,1,0,0,0,0,- ,- ,0,0,1800,1,LOS ANGELES,LOS ANGELES,CA,-118.1875448,34.08575058,"MONTEREY RD & HUNTINGTON DR, LOS ANGELES, CA",MONTEREY RD,HUNTINGTON DR,119722,
-118.4662162,34.20981598,56832,8803543,2019,2019-02-28T00:00:00.000Z,1942,2019-01-13T00:00:00.000Z,1735,38135,901,7,5,7,1942,0,0,0,I,0,9X16,SEPULVEDA BL,SATICOY ST,500,N,N,A,-,N,,0,0,,,0,,,,N,4,0,1,3,-,-,- ,0,,N,G,B,F,A,H,-,D,D,0,Y,,,,Y,,-,- ,0,0,1,0,1,0,0,0,0,- ,- ,0,0,1800,1,LOS ANGELES,LOS ANGELES,CA,-118.4662162,34.20981598,"SEPULVEDA BLVD & SATICOY ST, LOS ANGELES, CA",SEPULVEDA BLVD,SATICOY ST,136525,
-118.2669222,34.05831528,56833,8821649,2019,2019-04-09T00:00:00.000Z,1942,2019-01-20T00:00:00.000Z,1535,43623,248,7,5,7,1942,0,0,0,,0,2A42,S LOMA DR,4TH ST,0,,Y,A,-,N,,0,0,,,0,,,,N,0,0,0,2,A,-,21,22106,,M,C,E,A,A,H,-,A,D,0,,,,,Y,,-,99,0,0,0,0,0,0,0,0,0,- ,- ,0,0,1800,1,LOS ANGELES,LOS ANGELES,CA,-118.2669222,34.05831528,"LOMA DR & 4TH ST, LOS ANGELES, CA",LOMA DR,4TH ST,96497,
-118.3087821,34.259655,56834,8793421,2019,2019-03-20T00:00:00.000Z,1942,2019-01-09T00:00:00.000Z,1745,39241,1656,3,5,7,1942,0,0,0,P,0,16X82,FOOTHILL BL,LANGMUIR AV,0,,Y,-,-,N,,0,0,,,0,,,,Y,4,0,4,2,A,-,9,21801,A,N,B,C,A,-,-,-,-,D,0,,,,,Y,,A,1,0,0,4,0,0,0,0,0,0,- ,- ,0,0,1800,1,LOS ANGELES,LOS ANGELES,CA,-118.3087821,34.259655,"FOOTHILL BLVD & LANGMUIR AVE, LOS ANGELES, CA",FOOTHILL BLVD,LANGMUIR AVE,122877,
-118.4221122,34.26609421,56835,8798738,2019,2019-02-21T00:00:00.000Z,1942,2019-01-23T00:00:00.000Z,1630,38613,1622,3,5,7,1942,0,0,0,P,0,16A11,SAN FERNANDO RD,VAN NUYS BL,0,,Y,A,-,N,,0,0,,,0,,,,N,0,0,0,2,A,-,1,23152,A,N,D,C,A,A,H,-,A,A,0,,,,,Y,Y,A,1,0,0,0,0,0,0,0,0,0,- ,- ,0,0,1800,1,LOS ANGELES,LOS ANGELES,CA,-118.4221122,34.26609421,"SAN FERNANDO RD & VAN NUYS BLVD, LOS ANGELES, CA",SAN FERNANDO RD,VAN NUYS BLVD,147651,