X,Y,OBJECTID,case_id,accident_year,proc_date,juris,collision_date,collision_time,officer_id,reporting_district,day_of_week,chp_shift,population,cnty_city_loc,special_cond,beat_type,chp_beat_type,city_division_lapd,chp_beat_class,beat_number,primary_rd,secondary_rd,distance,direction,intersection,weather_1,weather_2,state_hwy_ind,caltrans_county,caltrans_district,state_route,route_suffix,postmile_prefix,postmile,location_type,ramp_intersection,side_of_hwy,tow_away,collision_severity,number_killed,number_injured,party_count,primary_coll_factor,pcf_code_of_viol,pcf_viol_category,pcf_violation,pcf_viol_subsection,hit_and_run,type_of_collision,mviw,ped_action,road_surface,road_cond_1,road_cond_2,lighting,control_device,chp_road_type,pedestrian_accident,bicycle_accident,motorcycle_accident,truck_accident,not_private_property,alcohol_involved,stwd_vehtype_at_fault,chp_vehtype_at_fault,count_severe_inj,count_visible_inj,count_complaint_pain,count_ped_killed,count_ped_injured,count_bicyclist_killed,count_bicyclist_injured,count_mc_killed,count_mc_injured,primary_ramp,secondary_ramp,latitude,longitude,timecat,month_,city,county,state,point_x,point_y,match_addr,m_primaryrd,m_secondrd,int_id,Flag
-118.3005722,34.10538483,50054,8784485,2019,2019-02-13T00:00:00.000Z,1942,2019-01-11T00:00:00.000Z,1040,35945,639,5,5,7,1942,0,0,0,F,0,6A49,NORMANDIE AV,FRANKLIN AV,0,,Y,A,-,N,,0,0,,,0,,,,N,3,0,1,2,A,-,10,21950,A,N,G,B,B,A,H,-,A,A,0,Y,,,,Y,,A,1,0,1,0,0,1,0,0,0,0,- ,- ,0,0,1200,1,LOS ANGELES,LOS ANGELES,CA,-118.3005722,34.10538483,"NORMANDIE AVE & FRANKLIN AVE, LOS ANGELES, CA",NORMANDIE AVE,FRANKLIN AVE,111411,
-118.4400522,34.04877472,50055,8784486,2019,2019-02-13T00:00:00.000Z,1942,2019-01-09T00:00:00.000Z,1040,39655,855,3,5,7,1942,0,0,0,H,0,8A35,VETERAN AV,SANTA MONICA BL,0,,Y,A,-,N,,0,0,,,0,,,,N,4,0,1,2,A,-,10,21950,A,F,G,B,B,A,H,-,A,A,0,Y,,,,Y,,-,99,0,0,1,0,1,0,0,0,0,- ,- ,0,0,1200,1,LOS ANGELES,LOS ANGELES,CA,-118.4400522,34.04877472,"VETERAN AVE & SANTA MONICA BLVD, LOS ANGELES, CA",VETERAN AVE,SANTA MONICA BLVD,121936,
-118.3511321,34.0835762,50056,8784502,2019,2019-02-13T00:00:00.000Z,1942,2019-01-23T00:00:00.000Z,1011,43550,702,3,5,7,1942,0,0,0,G,0,7A47,MELROSE AV,MARTEL AV,0,,Y,A,-,N,,0,0,,,0,,,,N,3,0,1,2,A,-,10,21950,A,N,G,B,B,A,H,-,A,A,0,Y,,,,Y,,A,1,0,1,0,0,1,0,0,0,0,- ,- ,0,0,1200,1,LOS ANGELES,LOS ANGELES,CA,-118.3511321,34.0835762,"MELROSE AVE & MARTEL AVE, LOS ANGELES, CA",MELROSE AVE,MARTEL AVE,124981,
-118.2839821,34.02837372,50057,8784554,2019,2019-02-13T00:00:00.000Z,1942,2019-01-10T00:00:00.000Z,925,41236,328,4,5,7,1942,0,0,0,C,0,3A57,HOOVER ST,29TH ST,0,,Y,A,-,N,,0,0,,,0,,,,N,3,0,1,2,A,-,17,21200,,N,B,G,A,A,H,-,A,D,0,,Y,,,Y,,L,4,0,1,0,0,0,0,1,0,0,- ,- ,0,0,1200,1,LOS ANGELES,LOS ANGELES,CA,-118.2839821,34.02837372,"HOOVER ST & 29TH ST, LOS ANGELES, CA",HOOVER ST,29TH ST,135038,
-118.3205621,34.09803391,50058,8784582,2019,2019-02-14T00:00:00.000Z,1942,2019-01-24T00:00:00.000Z,900,30455,667,4,5,7,1942,0,0,0,F,0,6A67,W SUNSET BL,LABAIG AV,0,,Y,A,-,N,,0,0,,,0,,,,N,4,0,2,2,A,-,9,21801,A,N,D,C,A,A,H,-,A,D,0,,,,,Y,,A,1,0,0,2,0,0,0,0,0,0,- ,- ,0,0,1200,1,LOS ANGELES,LOS ANGELES,CA,-118.3205621,34.09803391,"SUNSET BLVD & LA BAIG AVE, LOS ANGELES, CA",SUNSET BLVD,LA BAIG AVE,132398,
-118.2783121,33.96803665,50059,8784593,2019,2019-02-13T00:00:00.000Z,1942,2019-01-12T00:00:00.000Z,1150,42577,1266,6,5,7,1942,0,0,0,L,0,12X32,BROADWAY,79TH ST,55,N,N,A,-,N,,0,0,,,0,,,,N,4,0,2,2,A,-,9,21804,A,N,D,D,A,A,H,-,A,A,0,,,,,Y,,A,1,0,0,2,0,0,0,0,0,0,- ,- ,0,0,1200,1,LOS ANGELES,LOS ANGELES,CA,-118.2783121,33.96803665,"BROADWAY & 79TH ST, LOS ANGELES, CA",BROADWAY,79TH ST,106646,
-118.3093375,34.09278488,50060,8784594,2019,2019-02-14T00:00:00.000Z,1942,2019-01-16T00:00:00.000Z,900,40541,668,3,5,7,1942,0,0,0,F,0,6A79,LEXINGTON,WESTERN AV,35,W,N,C,-,N,,0,0,,,0,,,,Y,4,0,1,4,A,-,3,22350,,N,C,C,A,B,H,-,A,A,0,,,,,Y,,A,1,0,0,1,0,0,0,0,0,0,- ,- ,0,0,1200,1,LOS ANGELES,LOS ANGELES,CA,-118.3093375,34.09278488,"LEXINGTON AVE & WESTERN AVE, LOS ANGELES, CA",LEXINGTON AVE,WESTERN AVE,120063,
-118.3056522,34.09809494,50061,8784606,2019,2019-02-14T00:00:00.000Z,1942,2019-01-02T00:00:00.000Z,1030,42232,659,3,5,7,1942,0,0,0,F,0,20A1,W SUNSET BL,HOBART BL,0,,Y,A,-,N,,0,0,,,0,,,,N,4,0,1,2,A,-,4,21703,,N,C,C,A,A,H,-,A,A,0,,,,,Y,,A,1,0,0,1,0,0,0,0,0,0,- ,- ,0,0,1200,1,LOS ANGELES,LOS ANGELES,CA,-118.3056522,34.09809494,"SUNSET BLVD & HOBART BLVD, LOS ANGELES, CA",SUNSET BLVD,HOBART BLVD,142972,
-118.3407692,34.04831314,50062,8784614,2019,2019-02-14T00:00:00.000Z,1942,2019-01-28T00:00:00.000Z,1010,39655,765,1,5,7,1942,0,0,0,G,0,7A47,W PICO BL,TREMAINE AV,56,E,N,A,-,N,,0,0,,,0,,,,N,4,0,1,2,A,-,9,21804,A,F,D,C,A,A,H,-,A,A,0,,,,,Y,,-,99,0,0,1,0,0,0,0,0,0,- ,- ,0,0,1200,1,LOS ANGELES,LOS ANGELES,CA,-118.3407692,34.04831314,"PICO BLVD & TREMAINE AVE, LOS ANGELES, CA",PICO BLVD,TREMAINE AVE,134940,
-118.3636821,34.05850601,50063,8784612,2019,2019-02-19T00:00:00.000Z,1942,2019-01-03T00:00:00.000Z,900,41025,743,4,5,7,1942,0,0,0,G,0,7A69,FAIRFAX,SAN VICENTE,0,,Y,A,-,N,,0,0,,,0,,,,N,3,0,1,2,A,-,9,21801,A,N,D,C,A,A,H,-,A,A,0,,,,,Y,,A,1,0,1,0,0,0,0,0,0,0,- ,- ,0,0,1200,1,LOS ANGELES,LOS ANGELES,CA,-118.3636821,34.05850601,"FAIRFAX AVE & SAN VICENTE BLVD,, CA",FAIRFAX AVE,SAN VICENTE BLVD,98777,
-118.2160171,34.11258316,50064,8784799,2019,2019-02-27T00:00:00.000Z,1942,2019-01-02T00:00:00.000Z,1035,34458,1136,3,5,7,1942,0,0,0,K,0,11A17,NOB HILL DR,JESSICA DR,38,N,N,A,-,N,,0,0,,,0,,,,N,0,0,0,2,A,-,21,22106,,N,B,E,A,A,H,-,A,D,0,,,,Y,Y,,F,78,0,0,0,0,0,0,0,0,0,- ,- ,0,0,1200,1,LOS ANGELES,LOS ANGELES,CA,-118.2160171,34.11258316,"NOB HILL DR & JESSICA DR, LOS ANGELES, CA",NOB HILL DR,JESSICA DR,131835,
-118.2879121,33.74329376,50065,8785375,2019,2019-02-08T00:00:00.000Z,1942,2019-01-01T00:00:00.000Z,945,37901,555,2,5,7,1942,0,0,0,E,0,5A59,PACIFIC AV,1ST ST,0,,Y,A,-,N,,0,0,,,0,,,,,0,0,0,2,A,-,9,21801,A,M,B,C,A,A,H,-,A,A,0,,,,,Y,Y,-,,0,0,0,0,0,0,0,0,0,- ,- ,0,0,1200,1,LOS ANGELES,LOS ANGELES,CA,-118.2879121,33.74329376,"PACIFIC AVE & 1ST ST, LOS ANGELES, CA",PACIFIC AVE,1ST ST,96997,
-118.5360522,34.19384384,50066,8785606,2019,2019-02-04T00:00:00.000Z,1942,2019-01-02T00:00:00.000Z,1010,37686,1035,3,5,7,1942,0,0,0,J,0,10A21,VANOWEN ST,RESEDA BL,0,,Y,A,-,N,,0,0,,,0,,,,N,4,0,1,3,A,-,3,22350,,N,C,C,A,A,H,-,A,D,0,,,,,Y,,A,1,0,0,1,0,0,0,0,0,0,- ,- ,0,0,1200,1,LOS ANGELES,LOS ANGELES,CA,-118.5360522,34.19384384,"VANOWEN ST & RESEDA BLVD, LOS ANGELES, CA",VANOWEN ST,RESEDA BLVD,98331,
-118.2688713,33.79085159,50067,8785651,2019,2019-03-29T00:00:00.000Z,1942,2019-01-18T00:00:00.000Z,1045,39397,532,5,5,7,1942,0,0,0,E,0,5A15,W PACIFIC COAST HWY,RAVENNA AV,15,W,N,A,-,N,,0,0,,,0,,,,N,4,0,2,2,A,-,7,21658,A,N,B,C,A,A,H,-,A,D,0,,,Y,,Y,,-,- ,0,0,2,0,0,0,0,0,0,- ,- ,0,0,1200,1,LOS ANGELES,LOS ANGELES,CA,-118.2688713,33.79085159,"PACIFIC COAST HWY & RAVENNA AVE, LOS ANGELES, CA",PACIFIC COAST HWY,RAVENNA AVE,145452,
-118.5706424,34.25723648,50068,8785671,2019,2019-02-04T00:00:00.000Z,1942,2019-01-13T00:00:00.000Z,945,26347,1763,7,5,7,1942,0,0,0,Q,0,17A23,DEVONSHIRE ST,WINNETKA AV,100,E,N,A,-,N,,0,0,,,0,,,,Y,4,0,1,2,A,-,5,21650,,F,B,C,A,A,H,-,A,D,0,,,,,Y,,-,99,0,0,1,0,0,0,0,0,0,- ,- ,0,0,1200,1,LOS ANGELES,LOS ANGELES,CA,-118.5706424,34.25723648,"DEVONSHIRE ST & WINNETKA AVE, LOS ANGELES, CA",DEVONSHIRE ST,WINNETKA AVE,116156,
-118.6059422,34.19374466,50069,8785675,2019,2019-02-04T00:00:00.000Z,1942,2019-01-16T00:00:00.000Z,1050,40131,,3,5,7,1942,0,0,0,,0,2145,TOPANGA CANYON BL,VANOWEN ST,0,,Y,C,-,N,,0,0,,,0,,,,N,4,0,1,2,A,-,4,21703,,F,C,C,A,B,H,-,A,A,0,,,,,Y,,-,99,0,0,1,0,0,0,0,0,0,- ,- ,0,0,1200,1,LOS ANGELES,LOS ANGELES,CA,-118.6059422,34.19374466,"TOPANGA CANYON BLVD & VANOWEN ST, LOS ANGELES, CA",TOPANGA CANYON BLVD,VANOWEN ST,130529,
-118.5347209,34.17223358,50070,8785763,2019,2019-02-02T00:00:00.000Z,1942,2019-01-15T00:00:00.000Z,900,33700,1063,2,5,7,1942,0,0,0,J,0,10A83,BURBANK BL,RESEDA BL,400,E,N,C,-,N,,0,0,,,0,,,,N,0,0,0,2,A,-,21,22106,,M,B,C,A,B,H,-,A,A,0,,,,,Y,,A,1,0,0,0,0,0,0,0,0,0,- ,- ,0,0,1200,1,LOS ANGELES,LOS ANGELES,CA,-118.5347209,34.17223358,"BURBANK BLVD & RESEDA BLVD, LOS ANGELES, CA",BURBANK BLVD,RESEDA BLVD,129705,
-118.4905422,34.14461899,50071,8785816,2019,2019-05-08T00:00:00.000Z,1942,2019-01-09T00:00:00.000Z,1121,40574,1097,3,5,7,1942,0,0,0,J,0,10A99,BALLINA DR,BOSQUE DR,75,S,N,A,-,N,,0,0,,,0,,,,N,0,0,0,2,A,-,4,21703,,M,C,C,A,A,H,-,A,D,0,,,,,Y,Y,A,1,0,0,0,0,0,0,0,0,0,- ,- ,0,0,1200,1,LOS ANGELES,LOS ANGELES,CA,-118.4905422,34.14461899,"BALLINA DR & BOSQUE DR, LOS ANGELES, CA",BALLINA DR,BOSQUE DR,111465,
-118.4434322,34.22159576,50072,8786166,2019,2019-02-12T00:00:00.000Z,1942,2019-01-22T00:00:00.000Z,1125,34482,1998,2,5,7,1942,0,0,0,,0,19A93,WAKEFIELD AV,ROSCOE BL,0,,Y,A,-,N,,0,0,,,0,,,,Y,0,0,0,2,A,-,12,22450,A,M,D,C,A,A,H,-,A,A,0,,,,,Y,,A,1,0,0,0,0,0,0,0,0,0,- ,- ,0,0,1200,1,LOS ANGELES,LOS ANGELES,CA,-118.4434322,34.22159576,"WAKEFIELD AVE & ROSCOE BLVD, LOS ANGELES, CA",WAKEFIELD AVE,ROSCOE BLVD,97453,
-118.4377724,33.9839325,50073,8786672,2019,2019-02-04T00:00:00.000Z,1942,2019-01-04T00:00:00.000Z,1015,41977,1454,5,5,7,1942,0,0,0,N,0,14A45,MINDANAO WY,S GLENCOE AV,600,S,N,A,-,N,,0,0,,,0,,,,N,0,0,0,2,A,-,7,21658,A,M,B,C,A,A,H,-,A,D,0,,,,,Y,,-,99,0,0,0,0,0,0,0,0,0,- ,- ,0,0,1200,1,LOS ANGELES,LOS ANGELES,CA,-118.4377724,33.9839325,"MINDANAO WAY & GLENCOE AVE, LOS ANGELES, CA",MINDANAO WAY,GLENCOE AVE,107147,
-118.2654321,34.03717423,50074,8786750,2019,2019-02-11T00:00:00.000Z,1942,2019-01-18T00:00:00.000Z,950,42646,192,5,5,7,1942,0,0,0,,0,1A61,GRAND AV,14TH ST,0,,Y,B,-,N,,0,0,,,0,,,,Y,4,0,1,2,A,-,8,22107,,N,B,C,A,A,H,-,A,D,0,,,,,Y,,A,1,0,0,1,0,0,0,0,0,0,- ,- ,0,0,1200,1,LOS ANGELES,LOS ANGELES,CA,-118.2654321,34.03717422,"GRAND AVE (DOWNTOWN) & 14TH ST, LOS ANGELES, CA",GRAND AVE (DOWNTOWN),14TH ST,149244,
-118.2538246,34.05975342,50075,8786876,2019,2019-02-06T00:00:00.000Z,1942,2019-01-14T00:00:00.000Z,1045,42573,122,1,5,7,1942,0,0,0,L,0,1X11,BEAUDRY AV,1ST ST,250,N,N,C,-,N,,0,0,,,0,,,,N,0,0,0,2,A,-,5,21651,A,M,B,C,A,B,H,-,A,A,0,,,,,Y,,A,1,0,0,0,0,0,0,0,0,0,- ,- ,0,0,1200,1,LOS ANGELES,LOS ANGELES,CA,-118.2538246,34.05975342,"BEAUDRY AVE & 1ST ST, LOS ANGELES, CA",BEAUDRY AVE,1ST ST,117571,
-118.2477321,34.04757309,50076,8786927,2019,2019-03-07T00:00:00.000Z,1942,2019-01-05T00:00:00.000Z,1125,37540,144,6,5,7,1942,0,0,0,A,0,1A35,S MAIN ST,WINSTON ST,0,,Y,B,-,N,,0,0,,,0,,,,N,3,0,1,2,A,-,- ,0,,F,D,G,A,A,H,-,A,A,0,,Y,,,Y,,-,- ,0,1,0,0,0,0,1,0,0,- ,- ,0,0,1200,1,LOS ANGELES,LOS ANGELES,CA,-118.2477321,34.04757309,"MAIN ST & WINSTON ST, LOS ANGELES, CA",MAIN ST,WINSTON ST,135057,
-118.2136091,34.02155685,50077,8787081,2019,2019-03-15T00:00:00.000Z,1942,2019-01-21T00:00:00.000Z,1005,37908,497,1,5,7,1942,0,0,0,D,0,4A97,OLYMPIC BL,EVERGREEN AV,160,E,N,A,-,N,,0,0,,,0,,,,Y,4,0,2,4,A,-,9,21804,A,N,B,C,A,A,H,-,A,D,0,,,,,Y,,A,1,0,0,2,0,0,0,0,0,0,- ,- ,0,0,1200,1,LOS ANGELES,LOS ANGELES,CA,-118.2136091,34.02155685,"OLYMPIC BLVD & EVERGREEN AVE, LOS ANGELES, CA",OLYMPIC BLVD,EVERGREEN AVE,131474,
-118.2374822,34.06401444,50078,8787085,2019,2019-05-01T00:00:00.000Z,1942,2019-01-09T00:00:00.000Z,1041,38502,111,3,5,7,1942,0,0,0,A,0,1A1,N BROADWAY,COLLEGE ST,0,,N,A,-,N,,0,0,,,0,,,,N,0,0,0,2,A,-,3,22350,,N,C,C,A,A,H,-,A,D,0,,,,,Y,,A,1,0,0,0,0,0,0,0,0,0,- ,- ,0,0,1200,1,LOS ANGELES,LOS ANGELES,CA,-118.2374822,34.06401443,"N BROADWAY & COLLEGE ST, LOS ANGELES, CA",N BROADWAY,COLLEGE ST,139176,
-118.2582909,34.10493469,50079,8787089,2019,2019-02-12T00:00:00.000Z,1942,2019-01-09T00:00:00.000Z,1040,38502,1145,3,5,7,1942,0,0,0,K,0,11A71,FLETCHER DR,SILVER LAKE BL,43,N,N,A,-,N,,0,0,,,0,,,,N,0,0,0,2,A,-,8,22100,A,M,D,C,A,A,H,-,A,D,0,,,,,Y,,-,99,0,0,0,0,0,0,0,0,0,- ,- ,0,0,1200,1,LOS ANGELES,LOS ANGELES,CA,-118.2582909,34.10493469,"FLETCHER DR & SILVER LAKE BLVD, LOS ANGELES, CA",FLETCHER DR,SILVER LAKE BLVD,142595,
-118.2999596,33.95999908,50080,8787689,2019,2019-02-25T00:00:00.000Z,1942,2019-01-05T00:00:00.000Z,1000,39745,1273,6,5,7,1942,0,0,0,L,0,12A73,W MANCHESTER AV,NORMANDIE AV,98,E,N,A,-,N,,0,0,,,0,,,,N,3,0,1,2,A,-,7,21658,A,N,C,C,A,A,G,-,A,D,0,,,,,Y,,A,7,0,1,0,0,0,0,0,0,0,- ,- ,0,0,1200,1,LOS ANGELES,LOS ANGELES,CA,-118.2999596,33.95999908,"MANCHESTER AVE & NORMANDIE AVE, LOS ANGELES, CA",MANCHESTER AVE,NORMANDIE AVE,145280,
-118.275298,33.79872131,50081,8787758,2019,2019-02-02T00:00:00.000Z,1942,2019-01-04T00:00:00.000Z,900,38025,514,5,5,7,1942,0,0,0,E,0,5A15,WILMINGTON BL,LOMITA BL,25,N,N,A,-,N,,0,0,,,0,,,,N,3,0,1,2,A,-,10,21950,A,F,G,-,B,A,H,-,A,-,0,Y,,,,Y,,-,99,0,1,0,0,1,0,0,0,0,- ,- ,0,0,1200,1,LOS ANGELES,LOS ANGELES,CA,-118.275298,33.79872131,"WILMINGTON BLVD & LOMITA BLVD, LOS ANGELES, CA",WILMINGTON BLVD,LOMITA BLVD,112639,
-118.2914921,33.98558044,50082,8787814,2019,2019-02-02T00:00:00.000Z,1942,2019-01-04T00:00:00.000Z,920,39397,1239,5,5,7,1942,0,0,0,L,0,12A49,S VERMONT AV,60TH ST,100,S,N,A,-,N,,0,0,,,0,,,,N,0,0,0,2,B,-,22,0,,M,C,E,A,A,H,-,A,D,0,,,,,Y,,-,99,0,0,0,0,0,0,0,0,0,- ,- ,0,0,1200,1,LOS ANGELES,LOS ANGELES,CA,-118.2914921,33.98558044,"VERMONT AVE & 60TH ST, LOS ANGELES, CA",VERMONT AVE,60TH ST,124215,
-118.2826221,33.9399147,50083,8788228,2019,2019-02-07T00:00:00.000Z,1942,2019-01-21T00:00:00.000Z,940,38503,1841,1,5,7,1942,0,0,0,R,0,25T27,S FIGUEROA ST,W 106TH ST,0,,Y,A,-,N,,0,0,,,0,,,,Y,3,0,1,2,A,-,9,21801,A,N,A,C,A,A,H,-,A,-,0,,,,,Y,,D,22,0,1,0,0,0,0,0,0,0,- ,- ,0,0,1200,1,LOS ANGELES,LOS ANGELES,CA,-118.2826221,33.9399147,"FIGUEROA ST & 106TH ST, LOS ANGELES, CA",FIGUEROA ST,106TH ST,124260,
-118.3008607,34.015522,50084,8788868,2019,2019-02-01T00:00:00.000Z,1942,2019-01-04T00:00:00.000Z,1015,31669,376,5,5,7,1942,0,0,0,C,0,25MQ12,39TH ST,NORMANDIE AV,200,W,N,A,-,N,,0,0,,,0,,,,N,0,0,0,2,A,-,7,21658,,M,B,C,A,A,H,-,A,D,0,,,,,Y,,-,99,0,0,0,0,0,0,0,0,0,- ,- ,0,0,1200,1,LOS ANGELES,LOS ANGELES,CA,-118.3008607,34.015522,"39TH ST & NORMANDIE AVE, LOS ANGELES, CA",39TH ST,NORMANDIE AVE,148947,
-118.3472042,34.1283989,50085,8789726,2019,2019-02-12T00:00:00.000Z,1942,2019-01-07T00:00:00.000Z,1000,43147,1599,1,5,7,1942,0,0,0,O,0,15A67,CAHUENGA BL W,BARHAM BL,30,E,N,A,-,N,,0,0,,,0,,,,N,0,0,0,2,A,-,8,22107,,M,C,D,A,A,H,-,A,D,0,,,,,Y,,D,22,0,0,0,0,0,0,0,0,0,- ,- ,0,0,1200,1,LOS ANGELES,LOS ANGELES,CA,-118.3472042,34.1283989,"CAHUENGA BLVD W & BARHAM BLVD, LOS ANGELES, CA",CAHUENGA BLVD W,BARHAM BLVD,116071,
-118.4550564,34.27949905,50086,8789738,2019,2019-02-12T00:00:00.000Z,1942,2019-01-03T00:00:00.000Z,1130,40119,1936,4,5,7,1942,0,0,0,,0,35W25,RINALDI ST,LAUREL CYN BL,200,W,N,A,-,N,,0,0,,,0,,,,Y,0,0,0,3,A,-,8,22107,,M,B,C,A,A,H,-,A,D,0,,,,,Y,,A,8,0,0,0,0,0,0,0,0,0,- ,- ,0,0,1200,1,LOS ANGELES,LOS ANGELES,CA,-118.4550564,34.27949905,"RINALDI ST & LAUREL CANYON BLVD, LOS ANGELES, CA",RINALDI ST,LAUREL CANYON BLVD,120237,
-118.6002922,34.20106888,50087,8790051,2019,2019-02-07T00:00:00.000Z,1942,2019-01-24T00:00:00.000Z,930,41158,2146,4,5,7,1942,0,0,0,,0,21A57,REMMET AV,SHERMAN WY,13,N,N,A,-,N,,0,0,,,0,,,,N,4,0,1,2,A,-,12,21453,A,F,D,G,A,A,H,-,A,A,0,,Y,,,Y,,-,99,0,0,1,0,0,0,1,0,0,- ,- ,0,0,1200,1,LOS ANGELES,LOS ANGELES,CA,-118.6002922,34.20106888,"REMMET AVE & SHERMAN WAY, LOS ANGELES, CA",REMMET AVE,SHERMAN WAY,129515,
-118.2839922,34.03169632,50088,8791129,2019,2019-03-06T00:00:00.000Z,1942,2019-01-18T00:00:00.000Z,1150,43470,328,5,5,7,1942,0,0,0,C,0,3A73,W ADAMS BL,HOOVER ST,0,,Y,A,-,N,,0,0,,,0,,,,Y,3,0,2,3,A,-,3,22349,A,N,B,C,A,A,H,-,A,A,0,,,,,Y,,A,7,0,2,0,0,0,0,0,0,0,- ,- ,0,0,1200,1,LOS ANGELES,LOS ANGELES,CA,-118.2839922,34.03169632,"ADAMS BLVD & HOOVER ST, LOS ANGELES, CA",ADAMS BLVD,HOOVER ST,110597,
-118.3351221,34.01821518,50089,8791133,2019,2019-02-04T00:00:00.000Z,1942,2019-01-12T00:00:00.000Z,1115,42312,373,6,5,7,1942,0,0,0,C,0,3A98,CRENSHAW BL,COLISEUM ST,0,,Y,A,-,N,,0,0,,,0,,,,Y,4,0,1,2,A,-,9,21801,,N,D,C,A,A,H,-,A,A,0,,,,,Y,,A,1,0,0,1,0,0,0,0,0,0,- ,- ,0,0,1200,1,LOS ANGELES,LOS ANGELES,CA,-118.3351221,34.01821518,"CRENSHAW BLVD & COLISEUM ST, LOS ANGELES, CA",CRENSHAW BLVD,COLISEUM ST,105878,
-118.2948346,34.00582504,50090,8791135,2019,2019-02-05T00:00:00.000Z,1942,2019-01-11T00:00:00.000Z,900,39397,397,5,5,7,1942,0,0,0,C,0,3A99,WALTON AV,43RD ST,120,N,N,A,-,N,,0,0,,,0,,,,N,0,0,0,2,A,-,3,22350,,M,C,E,A,A,H,-,A,D,0,,,,,Y,,-,99,0,0,0,0,0,0,0,0,0,- ,- ,0,0,1200,1,LOS ANGELES,LOS ANGELES,CA,-118.2948346,34.00582504,"WALTON AVE & 43RD ST, LOS ANGELES, CA",WALTON AVE,43RD ST,124401,
-118.2917992,34.02207565,50091,8791139,2019,2019-02-05T00:00:00.000Z,1942,2019-01-11T00:00:00.000Z,1040,36911,357,5,5,7,1942,0,0,0,C,0,3A57,W 36TH PL,VERMONT AV,75,W,N,B,-,N,,0,0,,,0,,,,N,0,0,0,2,A,-,0,20015,A,M,B,E,A,A,H,-,A,D,0,,,,,Y,,-,99,0,0,0,0,0,0,0,0,0,- ,- ,0,0,1200,1,LOS ANGELES,LOS ANGELES,CA,-118.2917992,34.02207565,"36TH PL & VERMONT AVE, LOS ANGELES, CA",36TH PL,VERMONT AVE,124369,
-118.2915522,34.02207565,50092,8791141,2019,2019-02-04T00:00:00.000Z,1942,2019-01-11T00:00:00.000Z,1105,40404,357,5,5,7,1942,0,0,0,C,0,3A57,S VERMONT AV,W 36TH PL,0,,Y,A,-,N,,0,0,,,0,,,,Y,4,0,1,2,A,-,3,22350,,N,A,C,A,A,H,-,A,A,0,,,,,Y,,A,1,0,0,1,0,0,0,0,0,0,- ,- ,0,0,1200,1,LOS ANGELES,LOS ANGELES,CA,-118.2915522,34.02207565,"VERMONT AVE & 36TH PL, LOS ANGELES, CA",VERMONT AVE,36TH PL,124369,
-118.3001001,34.01084518,50093,8791143,2019,2019-02-05T00:00:00.000Z,1942,2019-01-16T00:00:00.000Z,1145,43590,357,3,5,7,1942,0,0,0,,0,3A1,MARTIN LUTHER KING BL,NORMANDIE AV,31,E,N,C,-,N,,0,0,,,0,,,,N,0,0,0,2,A,-,3,22350,,M,C,C,A,B,H,-,A,A,0,,,,,Y,,-,99,0,0,0,0,0,0,0,0,0,- ,- ,0,0,1200,1,LOS ANGELES,LOS ANGELES,CA,-118.3001001,34.01084518,"MARTIN LUTHER KING JR BLVD & NORMANDIE AVE, LOS ANGELES, CA",MARTIN LUTHER KING JR BLVD,NORMANDIE AVE,117162,
-118.3248439,34.02051163,50094,8791153,2019,2019-02-04T00:00:00.000Z,1942,2019-01-14T00:00:00.000Z,1000,41039,354,1,5,7,1942,0,0,0,C,0,3A19,EXPOSITION BL,7TH AV,10,W,N,C,-,N,,0,0,,,0,,,,N,3,0,2,2,A,-,8,22107,,N,A,C,A,B,H,-,A,A,0,,,,,Y,,A,1,0,1,1,0,0,0,0,0,0,- ,- ,0,0,1200,1,LOS ANGELES,LOS ANGELES,CA,-118.3248439,34.02051163,"EXPOSITION BLVD & 7TH AVE, LOS ANGELES, CA",EXPOSITION BLVD,7TH AVE,120897,
-118.2783769,33.96001434,50095,8791542,2019,2019-02-07T00:00:00.000Z,1942,2019-01-03T00:00:00.000Z,900,43620,1268,4,5,7,1942,0,0,0,L,0,12A15,MANCHESTER AV,BROADWAY ST,48,W,N,A,-,N,,0,0,,,0,,,,N,0,0,0,2,A,-,8,22107,,M,B,C,A,A,H,-,A,A,0,,,,,Y,,-,99,0,0,0,0,0,0,0,0,0,- ,- ,0,0,1200,1,LOS ANGELES,LOS ANGELES,CA,-118.2783769,33.96001434,"MANCHESTER AVE & BROADWAY, LOS ANGELES, CA",MANCHESTER AVE,BROADWAY,117804,
-118.3177621,33.97638321,50096,8791593,2019,2019-02-07T00:00:00.000Z,1942,2019-01-03T00:00:00.000Z,915,42962,1252,4,5,7,1942,0,0,0,L,0,17A73,VAN NESS AV,70TH ST,0,,Y,A,-,N,,0,0,,,0,,,,N,0,0,0,2,A,-,12,21453,A,M,D,C,A,A,H,-,A,D,0,,,,,Y,,-,99,0,0,0,0,0,0,0,0,0,- ,- ,0,0,1200,1,LOS ANGELES,LOS ANGELES,CA,-118.3177621,33.97638321,"VAN NESS AVE & 70TH ST, LOS ANGELES, CA",VAN NESS AVE,70TH ST,141657,