X,Y,OBJECTID,case_id,accident_year,proc_date,juris,collision_date,collision_time,officer_id,reporting_district,day_of_week,chp_shift,population,cnty_city_loc,special_cond,beat_type,chp_beat_type,city_division_lapd,chp_beat_class,beat_number,primary_rd,secondary_rd,distance,direction,intersection,weather_1,weather_2,state_hwy_ind,caltrans_county,caltrans_district,state_route,route_suffix,postmile_prefix,postmile,location_type,ramp_intersection,side_of_hwy,tow_away,collision_severity,number_killed,number_injured,party_count,primary_coll_factor,pcf_code_of_viol,pcf_viol_category,pcf_violation,pcf_viol_subsection,hit_and_run,type_of_collision,mviw,ped_action,road_surface,road_cond_1,road_cond_2,lighting,control_device,chp_road_type,pedestrian_accident,bicycle_accident,motorcycle_accident,truck_accident,not_private_property,alcohol_involved,stwd_vehtype_at_fault,chp_vehtype_at_fault,count_severe_inj,count_visible_inj,count_complaint_pain,count_ped_killed,count_ped_injured,count_bicyclist_killed,count_bicyclist_injured,count_mc_killed,count_mc_injured,primary_ramp,secondary_ramp,latitude,longitude,timecat,month_,city,county,state,point_x,point_y,match_addr,m_primaryrd,m_secondrd,int_id,Flag
-118.1883128,34.08548355,50097,8791602,2019,2019-02-06T00:00:00.000Z,1942,2019-01-20T00:00:00.000Z,1155,41862,407,7,5,7,1942,0,0,0,D,0,4A78,HUNTINGTON DR,MONTEREY RD,250,W,N,A,-,N,,0,0,,,0,,,,Y,3,0,1,3,A,-,3,22350,,F,B,C,A,A,-,-,A,A,0,,,,,Y,,-,99,0,1,0,0,0,0,0,0,0,- ,- ,0,0,1200,1,LOS ANGELES,LOS ANGELES,CA,-118.1883128,34.08548355,"HUNTINGTON DR & MONTEREY RD, LOS ANGELES, CA",HUNTINGTON DR,MONTEREY RD,119722,
-118.2868422,34.08460617,50098,8791606,2019,2019-02-07T00:00:00.000Z,1942,2019-01-02T00:00:00.000Z,1044,38357,203,3,5,7,1942,0,0,0,B,0,2A1,N VIRGIL AV,MARATHON ST,0,,Y,A,-,N,,0,0,,,0,,,,N,4,0,4,5,A,-,4,21703,,N,C,C,A,A,H,-,A,D,0,,,,,Y,,A,1,0,0,4,0,0,0,0,0,0,- ,- ,0,0,1200,1,LOS ANGELES,LOS ANGELES,CA,-118.2868422,34.08460617,"VIRGIL AVE & MARATHON ST, LOS ANGELES, CA",VIRGIL AVE,MARATHON ST,111353,
-118.3309421,33.96997452,50099,8791663,2019,2019-02-06T00:00:00.000Z,1942,2019-01-22T00:00:00.000Z,1120,43540,1251,2,5,7,1942,0,0,0,L,0,12A15,CRENSHAW BL,77TH ST,0,,Y,A,-,N,,0,0,,,0,,,,Y,4,0,2,2,A,-,9,21802,A,N,D,C,A,A,H,-,A,A,0,,,,,Y,,A,1,0,0,2,0,0,0,0,0,0,- ,- ,0,0,1200,1,LOS ANGELES,LOS ANGELES,CA,-118.3309421,33.96997452,"CRENSHAW BLVD & 77TH ST, LOS ANGELES, CA",CRENSHAW BLVD,77TH ST,117058,
-118.4276756,33.99075699,50100,8791997,2019,2019-02-14T00:00:00.000Z,1942,2019-01-14T00:00:00.000Z,925,43088,1455,1,5,7,1942,0,0,0,N,0,14A67,SHORT AV,MASCAGNI ST,15,W,N,C,-,N,,0,0,,,0,,,,N,4,0,1,2,A,-,3,22350,,N,C,C,A,B,H,-,A,A,0,,,,,Y,,A,1,0,0,1,0,0,0,0,0,0,- ,- ,0,0,1200,1,LOS ANGELES,LOS ANGELES,CA,-118.4276756,33.99075699,"SHORT AVE & MASCAGNI ST, LOS ANGELES, CA",SHORT AVE,MASCAGNI ST,131719,
-118.3068021,33.98324585,50101,8792022,2019,2019-02-12T00:00:00.000Z,1942,2019-01-23T00:00:00.000Z,1040,38803,L1233,3,5,7,1942,0,0,0,,0,12H24,HARVARD BL,W 62ND ST,10,E,N,A,-,N,,0,0,,,0,,,,Y,0,0,0,2,A,-,3,22350,,N,B,E,A,A,H,-,A,A,0,,,,,Y,,A,1,0,0,0,0,0,0,0,0,0,- ,- ,0,0,1200,1,LOS ANGELES,LOS ANGELES,CA,-118.3068021,33.98324585,"HARVARD BLVD & 62ND ST, LOS ANGELES, CA",HARVARD BLVD,62ND ST,110042,
-118.2873103,34.10858536,50102,8792630,2019,2019-02-21T00:00:00.000Z,1942,2019-01-19T00:00:00.000Z,945,40008,1142,6,5,7,1942,0,0,0,K,0,11A1,N PRICE ST,HILLHURST ST,40,E,N,A,-,N,,0,0,,,0,,,,N,4,0,1,3,A,-,3,22350,,M,B,C,A,A,H,-,A,D,0,,,,,Y,,-,99,0,0,1,0,0,0,0,0,0,- ,- ,0,0,1200,1,LOS ANGELES,LOS ANGELES,CA,-118.2873103,34.10858536,"PRICE ST & HILLHURST AVE, LOS ANGELES, CA",PRICE ST,HILLHURST AVE,104073,
-118.369166,34.15579605,50103,8792721,2019,2019-02-21T00:00:00.000Z,1942,2019-01-26T00:00:00.000Z,1145,36733,1555,6,5,7,1942,0,0,0,O,0,15A67,LANKERSHIM BL,KLING ST,50,N,N,A,-,N,,0,0,,,0,,,,N,0,0,0,2,A,-,3,22350,,M,C,C,A,A,H,-,A,D,0,,,,,Y,,-,99,0,0,0,0,0,0,0,0,0,- ,- ,0,0,1200,1,LOS ANGELES,LOS ANGELES,CA,-118.369166,34.15579605,"LANKERSHIM BLVD & KLING ST, LOS ANGELES, CA",LANKERSHIM BLVD,KLING ST,139557,
-118.4097122,34.20684433,50104,8792749,2019,2019-02-21T00:00:00.000Z,1942,2019-01-13T00:00:00.000Z,955,39217,1502,7,5,7,1942,0,0,0,O,0,15A21,BELLAIRE AV,SATICOY ST,0,,Y,A,-,N,,0,0,,,0,,,,N,0,0,0,2,A,-,12,21453,A,M,D,C,A,A,H,-,A,A,0,,,,,Y,,-,99,0,0,0,0,0,0,0,0,0,- ,- ,0,0,1200,1,LOS ANGELES,LOS ANGELES,CA,-118.4097122,34.20684433,"BELLAIRE AVE & SATICOY ST, LOS ANGELES, CA",BELLAIRE AVE,SATICOY ST,132534,
-118.482672,34.11497879,50105,8792759,2019,2019-02-15T00:00:00.000Z,1942,2019-01-15T00:00:00.000Z,900,42582,843,2,5,7,1942,0,0,0,H,0,8A35,N SEPULVEDA BL,MOUNTAINGATE DR,188,S,N,A,-,N,,0,0,,,0,,,,N,0,0,0,2,A,-,3,22350,,M,B,E,A,B,H,-,A,D,0,,,,,Y,,-,99,0,0,0,0,0,0,0,0,0,- ,- ,0,0,1200,1,LOS ANGELES,LOS ANGELES,CA,-118.482672,34.11497879,"SEPULVEDA BLVD & MOUNTAINGATE DR, LOS ANGELES, CA",SEPULVEDA BLVD,MOUNTAINGATE DR,105902,
-118.4418774,34.26792145,50106,8792926,2019,2019-03-06T00:00:00.000Z,1942,2019-01-25T00:00:00.000Z,1105,39281,1944,5,5,7,1942,0,0,0,,0,19A43,LAUREL CANYON BL,CHAMBERLAIN ST,730,S,N,A,-,N,,0,0,,,0,,,,Y,4,0,2,2,A,-,9,21801,A,N,A,C,A,A,H,-,A,D,0,,,,Y,Y,,F,26,0,0,2,0,0,0,0,0,0,- ,- ,0,0,1200,1,LOS ANGELES,LOS ANGELES,CA,-118.4418774,34.26792145,"LAUREL CANYON BLVD & CHAMBERLAIN ST, LOS ANGELES, CA",LAUREL CANYON BLVD,CHAMBERLAIN ST,129924,
-118.4329503,34.22165299,50107,8792972,2019,2019-03-07T00:00:00.000Z,1942,2019-01-11T00:00:00.000Z,1130,38017,1987,5,5,7,1942,0,0,0,,0,19A75,ROSCOE BL,WOODMAN AV,60,W,N,A,-,N,,0,0,,,0,,,,N,4,0,3,2,A,-,4,21703,,N,C,C,A,A,H,-,A,D,0,,,,,Y,,D,22,0,0,3,0,0,0,0,0,0,- ,- ,0,0,1200,1,LOS ANGELES,LOS ANGELES,CA,-118.4329503,34.22165298,"ROSCOE BLVD & WOODMAN AVE, LOS ANGELES, CA",ROSCOE BLVD,WOODMAN AVE,100955,
-118.450257,34.23965073,50108,8792984,2019,2019-02-26T00:00:00.000Z,1942,2019-01-10T00:00:00.000Z,920,30452,1964,4,5,7,1942,0,0,0,,0,19A75,VAN NUYS BL,TUPPER ST,225,N,N,A,-,N,,0,0,,,0,,,,Y,4,0,2,4,A,-,5,21650,,N,A,C,A,A,H,-,A,D,0,,,,,Y,,A,1,0,0,2,0,0,0,0,0,0,- ,- ,0,0,1200,1,LOS ANGELES,LOS ANGELES,CA,-118.450257,34.23965073,"VAN NUYS BLVD & TUPPER ST, LOS ANGELES, CA",VAN NUYS BLVD,TUPPER ST,133042,
-118.3020521,33.78449631,50109,8792993,2019,2019-02-26T00:00:00.000Z,1942,2019-01-26T00:00:00.000Z,1020,42293,531,6,5,7,1942,0,0,0,E,0,5A11,W ANAHEIM ST,BELLE PORTE AV,0,,Y,A,-,N,,0,0,,,0,,,,Y,3,0,3,2,A,-,9,21802,A,N,D,C,A,A,H,-,A,A,0,,,,,Y,,A,7,0,3,0,0,0,0,0,0,0,- ,- ,0,0,1200,1,LOS ANGELES,LOS ANGELES,CA,-118.3020521,33.78449631,"ANAHEIM ST & BELLE PORTE AVE, LOS ANGELES, CA",ANAHEIM ST,BELLE PORTE AVE,96170,
-118.3651325,34.22848511,50110,8793040,2019,2019-02-26T00:00:00.000Z,1942,2019-01-16T00:00:00.000Z,1005,40574,1676,3,5,7,1942,0,0,0,P,0,35M57,GLENOAKS BL,VINEDALE ST,100,S,N,C,-,N,,0,0,,,0,,,,Y,4,0,2,3,A,-,3,22350,,N,C,C,A,B,H,-,A,D,0,,,,,Y,,A,1,0,0,2,0,0,0,0,0,0,- ,- ,0,0,1200,1,LOS ANGELES,LOS ANGELES,CA,-118.3651325,34.22848511,"GLENOAKS BLVD & VINEDALE ST, LOS ANGELES, CA",GLENOAKS BLVD,VINEDALE ST,129870,
-118.4699222,34.22138596,50111,8793244,2019,2019-02-26T00:00:00.000Z,1942,2019-01-28T00:00:00.000Z,945,41274,1991,1,5,7,1942,0,0,0,,0,19A93,LANGDON AV,ROSCOE BL,0,,Y,B,-,N,,0,0,,,0,,,,N,3,0,1,2,A,-,8,22107,,N,G,B,B,A,H,-,A,A,0,Y,,,,Y,,A,7,0,1,0,0,1,0,0,0,0,- ,- ,0,0,1200,1,LOS ANGELES,LOS ANGELES,CA,-118.4699222,34.22138596,"LANGDON AVE & ROSCOE BLVD, LOS ANGELES, CA",LANGDON AVE,ROSCOE BLVD,112006,
-118.5109022,34.27572632,50112,8793256,2019,2019-02-26T00:00:00.000Z,1942,2019-01-16T00:00:00.000Z,1020,43439,1729,3,5,7,1942,0,0,0,Q,0,17A95,LOUISE AV,INDEX ST,0,,Y,A,-,N,,0,0,,,0,,,,Y,3,0,3,3,A,-,12,22450,A,N,D,C,A,B,H,-,A,A,0,,,,,Y,,A,1,0,1,2,0,0,0,0,0,0,- ,- ,0,0,1200,1,LOS ANGELES,LOS ANGELES,CA,-118.5109022,34.27572632,"LOUISE AVE & INDEX ST, LOS ANGELES, CA",LOUISE AVE,INDEX ST,123038,
-118.5162318,34.2793541,50113,8793264,2019,2019-02-26T00:00:00.000Z,1942,2019-01-08T00:00:00.000Z,1145,35554,1729,2,5,7,1942,0,0,0,Q,0,17A23,RINALDI ST,SHOSHONE AV,100,E,N,A,-,N,,0,0,,,0,,,,N,4,0,2,2,A,-,4,21703,,N,C,C,A,A,H,-,A,A,0,,,,,Y,,A,1,0,0,2,0,0,0,0,0,0,- ,- ,0,0,1200,1,LOS ANGELES,LOS ANGELES,CA,-118.5162318,34.2793541,"RINALDI ST & SHOSHONE AVE, LOS ANGELES, CA",RINALDI ST,SHOSHONE AVE,119499,
-118.5233422,34.25731659,50114,8793292,2019,2019-02-27T00:00:00.000Z,1942,2019-01-15T00:00:00.000Z,1117,27260,1745,2,5,7,1942,0,0,0,Q,0,17A49,DEVONSHIRE ST,ZELZAH AV,0,,Y,A,-,N,,0,0,,,0,,,,N,4,0,2,2,A,-,12,21453,A,N,D,C,A,A,H,-,A,A,0,,,,,Y,,A,1,0,0,2,0,0,0,0,0,0,- ,- ,0,0,1200,1,LOS ANGELES,LOS ANGELES,CA,-118.5233422,34.25731659,"DEVONSHIRE ST & ZELZAH AVE, LOS ANGELES, CA",DEVONSHIRE ST,ZELZAH AVE,129432,
-118.4611622,34.22459412,50115,8793298,2019,2019-02-27T00:00:00.000Z,1942,2019-01-27T00:00:00.000Z,1030,42460,1983,7,5,7,1942,0,0,0,,0,19A61,CHASE ST,NOBLE AV,0,,Y,A,-,N,,0,0,,,0,,,,N,4,0,1,2,A,-,12,22450,A,N,D,C,A,A,H,-,A,A,0,,,,,Y,Y,A,7,0,0,1,0,0,0,0,0,0,- ,- ,0,0,1200,1,LOS ANGELES,LOS ANGELES,CA,-118.4611622,34.22459412,"CHASE ST & NOBLE AVE, LOS ANGELES, CA",CHASE ST,NOBLE AVE,119003,
-118.4195322,34.24686432,50117,8793311,2019,2019-02-27T00:00:00.000Z,1942,2019-01-21T00:00:00.000Z,1100,39085,1651,1,5,7,1942,0,0,0,P,0,16A23,OSBORNE ST,LAUREL CANYON BL,0,,Y,A,-,N,,0,0,,,0,,,,Y,3,0,3,2,A,-,12,21453,A,N,D,C,A,A,H,-,A,A,0,,,,,Y,,A,1,0,2,1,0,0,0,0,0,0,- ,- ,0,0,1200,1,LOS ANGELES,LOS ANGELES,CA,-118.4195322,34.24686432,"OSBORNE ST & LAUREL CANYON BLVD, LOS ANGELES, CA",OSBORNE ST,LAUREL CANYON BLVD,144083,
-118.4545522,34.27985382,50118,8793312,2019,2019-02-27T00:00:00.000Z,1942,2019-01-18T00:00:00.000Z,1000,43326,1942,5,5,7,1942,0,0,0,,0,19A1,LAUREL CANYON BL,RINALDI ST,0,,Y,A,-,N,,0,0,,,0,,,,Y,3,0,1,4,A,-,1,23152,A,N,B,C,A,A,H,-,A,A,0,,,,,Y,Y,A,7,0,1,0,0,0,0,0,0,0,- ,- ,0,0,1200,1,LOS ANGELES,LOS ANGELES,CA,-118.4545522,34.27985382,"LAUREL CANYON BLVD & RINALDI ST, LOS ANGELES, CA",LAUREL CANYON BLVD,RINALDI ST,120237,
-118.5885622,34.23545456,50119,8793339,2019,2019-02-27T00:00:00.000Z,1942,2019-01-24T00:00:00.000Z,1100,42360,17A95,4,5,7,1942,0,0,0,Q,0,17A95,DE SOTO ST,NORDHOFF ST,0,,Y,A,-,N,,0,0,,,0,,,,Y,4,0,1,2,A,-,4,21703,,N,C,C,A,A,H,-,A,D,0,,,,,Y,,A,1,0,0,1,0,0,0,0,0,0,- ,- ,0,0,1200,1,LOS ANGELES,LOS ANGELES,CA,-118.5885622,34.23545456,"DE SOTO AVE & NORDHOFF ST, LOS ANGELES, CA",DE SOTO AVE,NORDHOFF ST,102204,
-118.3878222,34.21209335,50120,8793354,2019,2019-02-27T00:00:00.000Z,1942,2019-01-07T00:00:00.000Z,900,34482,1684,1,5,7,1942,0,0,0,P,0,16A81,STAGG ST,LANKERSHIM BL,0,,Y,C,-,N,,0,0,,,0,,,,N,4,0,1,2,A,-,10,21950,A,N,G,B,B,B,H,-,A,A,0,Y,,,,Y,,A,1,0,0,1,0,1,0,0,0,0,- ,- ,0,0,1200,1,LOS ANGELES,LOS ANGELES,CA,-118.3878222,34.21209335,"STAGG ST & LANKERSHIM BLVD, LOS ANGELES, CA",STAGG ST,LANKERSHIM BLVD,111722,
-118.4351922,34.316185,50121,8793365,2019,2019-02-27T00:00:00.000Z,1942,2019-01-22T00:00:00.000Z,900,40398,1905,2,5,7,1942,0,0,0,,0,19A7,GLADSTONE AV,ORO GRANDE ST,0,,Y,A,-,N,,0,0,,,0,,,,N,4,0,1,2,A,-,9,21802,A,N,D,C,A,A,H,-,A,A,0,,,,,Y,,A,8,0,0,1,0,0,0,0,0,0,- ,- ,0,0,1200,1,LOS ANGELES,LOS ANGELES,CA,-118.4351922,34.316185,"GLADSTONE AVE & ORO GRANDE ST, LOS ANGELES, CA",GLADSTONE AVE,ORO GRANDE ST,137019,
-118.3704222,34.14225769,50122,8793366,2019,2019-02-25T00:00:00.000Z,1942,2019-01-10T00:00:00.000Z,1022,40574,1585,4,5,7,1942,0,0,0,O,0,15A85,VINELAND AV,BLUFFSIDE DR,100,N,N,A,-,N,,0,0,,,0,,,,N,4,0,2,2,A,-,3,22350,,N,C,C,A,A,H,-,A,D,0,,,,,Y,,A,7,0,0,2,0,0,0,0,0,0,- ,- ,0,0,1200,1,LOS ANGELES,LOS ANGELES,CA,-118.3704222,34.14225769,"VINELAND AVE & BLUFFSIDE DR, LOS ANGELES, CA",VINELAND AVE,BLUFFSIDE DR,112855,
-118.4138122,34.19494247,50123,8793378,2019,2019-02-25T00:00:00.000Z,1942,2019-01-09T00:00:00.000Z,1150,33294,1522,3,5,7,1942,0,0,0,O,0,15A21,COLDWATER CANYON AV,VANOWEN AV,360,N,N,A,-,N,,0,0,,,0,,,,Y,4,0,1,3,A,-,8,22102,,N,D,C,A,A,H,-,A,A,0,,,,,Y,,A,1,0,0,1,0,0,0,0,0,0,- ,- ,0,0,1200,1,LOS ANGELES,LOS ANGELES,CA,-118.4138122,34.19494247,"COLDWATER CANYON AVE & VANOWEN ST, LOS ANGELES, CA",COLDWATER CANYON AVE,VANOWEN ST,125808,
-118.3952932,34.16487503,50124,8793394,2019,2019-02-25T00:00:00.000Z,1942,2019-01-14T00:00:00.000Z,1150,32361,1543,1,5,7,1942,0,0,0,O,0,15A33,MAGNOLIA BL,AGNES AV,30,E,N,C,-,N,,0,0,,,0,,,,Y,4,0,1,2,A,-,3,22350,,N,C,E,A,B,H,-,A,D,0,,,,,Y,,A,1,0,0,1,0,0,0,0,0,0,- ,- ,0,0,1200,1,LOS ANGELES,LOS ANGELES,CA,-118.3952932,34.16487503,"MAGNOLIA BLVD & AGNES AVE, LOS ANGELES, CA",MAGNOLIA BLVD,AGNES AVE,97547,
-118.3877691,34.15372086,50125,8793398,2019,2019-03-11T00:00:00.000Z,1942,2019-01-09T00:00:00.000Z,940,32361,1563,3,5,7,1942,0,0,0,O,0,15A33,COLFAX AV,SARAH ST,100,S,N,A,-,N,,0,0,,,0,,,,N,4,0,1,2,A,-,4,21703,,N,C,D,A,A,H,-,A,A,0,,,,,Y,,A,1,0,0,1,0,0,0,0,0,0,- ,- ,0,0,1200,1,LOS ANGELES,LOS ANGELES,CA,-118.3877691,34.15372086,"COLFAX AVE & SARAH ST, LOS ANGELES, CA",COLFAX AVE,SARAH ST,125608,
-118.371701,34.28169632,50126,8793413,2019,2019-02-26T00:00:00.000Z,1942,2019-01-05T00:00:00.000Z,955,43511,1606,6,5,7,1942,0,0,0,P,0,16A35,OSBORNE ST,GARRICK AV,2000,E,N,B,-,N,,0,0,,,0,,,,Y,4,0,2,2,A,-,5,21460,A,N,D,C,A,A,H,-,A,D,0,,,,,Y,,-,- ,0,0,2,0,0,0,0,0,0,- ,- ,0,0,1200,1,LOS ANGELES,LOS ANGELES,CA,-118.371701,34.28169632,"OSBORNE ST & GARRICK AVE, LOS ANGELES, CA",OSBORNE ST,GARRICK AVE,147595,
-118.3604507,34.18510056,50127,8793414,2019,2019-02-25T00:00:00.000Z,1942,2019-01-05T00:00:00.000Z,930,36320,1519,6,5,7,1942,0,0,0,O,0,NHWD,VICTORY BL,AUCKLAND AV,20,E,N,A,-,N,,0,0,,,0,,,,N,3,0,1,2,A,-,3,22350,,N,B,C,A,B,H,-,A,D,0,,,,,Y,,A,1,0,1,0,0,0,0,0,0,0,- ,- ,0,0,1200,1,LOS ANGELES,LOS ANGELES,CA,-118.3604507,34.18510056,"VICTORY BLVD & AUCKLAND AVE, LOS ANGELES, CA",VICTORY BLVD,AUCKLAND AVE,150390,
-118.3635221,34.27449417,50128,8793425,2019,2019-02-26T00:00:00.000Z,1942,2019-01-09T00:00:00.000Z,955,39908,1608,3,5,7,1942,0,0,0,P,0,16A35,FOOTHILL BL,BRAINARD AV,0,,Y,A,-,N,,0,0,,,0,,,,N,3,0,1,2,D,-,0,0,,N,B,E,A,A,H,-,A,D,0,,,,,Y,,-,- ,0,1,0,0,0,0,0,0,0,- ,- ,0,0,1200,1,LOS ANGELES,LOS ANGELES,CA,-118.3635221,34.27449417,"FOOTHILL BLVD & BRAINARD AVE, LOS ANGELES, CA",FOOTHILL BLVD,BRAINARD AVE,147572,
-118.3965262,34.16768646,50129,8793433,2019,2019-02-26T00:00:00.000Z,1942,2019-01-15T00:00:00.000Z,1130,30830,1545,2,5,7,1942,0,0,0,O,0,15A43,LAUREL CANYON BL,CHANDLER BL,350,S,N,B,-,N,,0,0,,,0,,,,Y,4,0,1,2,A,-,4,21703,,N,C,C,A,A,H,-,A,D,0,,,,,Y,,A,1,0,0,1,0,0,0,0,0,0,- ,- ,0,0,1200,1,LOS ANGELES,LOS ANGELES,CA,-118.3965262,34.16768646,"LAUREL CANYON BLVD & CHANDLER BLVD, LOS ANGELES, CA",LAUREL CANYON BLVD,CHANDLER BLVD,129169,
-118.5955851,34.2572403,50130,8793442,2019,2019-02-26T00:00:00.000Z,1942,2019-01-31T00:00:00.000Z,1155,31931,1723,4,5,7,1942,0,0,0,Q,0,17A23,DEVONSHIRE ST,ETON AV,128,W,N,C,-,N,,0,0,,,0,,,,N,0,0,0,2,A,-,8,22102,,M,D,C,A,B,H,-,A,D,0,,,,,Y,,A,1,0,0,0,0,0,0,0,0,0,- ,- ,0,0,1200,1,LOS ANGELES,LOS ANGELES,CA,-118.5955851,34.2572403,"DEVONSHIRE ST & ETON AVE, LOS ANGELES, CA",DEVONSHIRE ST,ETON AVE,105769,
-118.3351069,33.98895645,50131,8793451,2019,2019-02-25T00:00:00.000Z,1942,2019-01-12T00:00:00.000Z,945,41808,1232,6,5,7,1942,0,0,0,L,0,12A39,SLAUSON AV,WEST BL,35,E,N,A,-,N,,0,0,,,0,,,,N,0,0,0,2,A,-,3,22350,,M,D,C,A,A,H,-,A,D,0,,,,,Y,,-,99,0,0,0,0,0,0,0,0,0,- ,- ,0,0,1200,1,LOS ANGELES,LOS ANGELES,CA,-118.3351069,33.98895645,"SLAUSON AVE & WEST BLVD, LOS ANGELES, CA",SLAUSON AVE,WEST BLVD,134540,
-118.5929723,34.26449204,50132,8793458,2019,2019-02-26T00:00:00.000Z,1942,2019-01-31T00:00:00.000Z,1130,39956,1723,4,5,7,1942,0,0,0,Q,0,17A1,VARIEL AV,CHATSWORTH ST,10,N,N,B,C,N,,0,0,,,0,,,,N,0,0,0,2,A,-,12,22450,A,M,D,C,A,B,H,-,A,A,0,,,,,Y,,-,99,0,0,0,0,0,0,0,0,0,- ,- ,0,0,1200,1,LOS ANGELES,LOS ANGELES,CA,-118.5929723,34.26449203,"VARIEL AVE & CHATSWORTH ST, LOS ANGELES, CA",VARIEL AVE,CHATSWORTH ST,136851,
-118.2955787,33.85826492,50133,8793467,2019,2019-02-26T00:00:00.000Z,1942,2019-01-31T00:00:00.000Z,1100,33599,505,4,5,7,1942,0,0,0,E,0,5A1,W 190TH ST,PACIFIC GATEWAY,75,W,N,A,-,N,,0,0,,,0,,,,N,0,0,0,2,A,-,0,20015,A,M,B,E,A,B,H,-,A,D,0,,,,,Y,,-,99,0,0,0,0,0,0,0,0,0,- ,- ,0,0,1200,1,LOS ANGELES,LOS ANGELES,CA,-118.2955787,33.85826492,"190TH ST & PACIFIC GATEWAY DR, LOS ANGELES, CA",190TH ST,PACIFIC GATEWAY DR,141809,
-118.6429852,34.18245316,50134,8793513,2019,2019-02-25T00:00:00.000Z,1942,2019-01-01T00:00:00.000Z,1125,34599,2141,2,5,7,1942,0,0,0,,0,21A43,PLATT AV,CALVERT ST,317,N,N,A,-,N,,0,0,,,0,,,,N,4,0,3,2,A,-,3,22350,,N,D,C,A,A,H,-,A,A,0,,,,,Y,,A,1,0,0,3,0,0,0,0,0,0,- ,- ,0,0,1200,1,LOS ANGELES,LOS ANGELES,CA,-118.6429852,34.18245316,"PLATT AVE & CALVERT ST, LOS ANGELES, CA",PLATT AVE,CALVERT ST,125858,
-118.5027022,34.29896545,50135,8793515,2019,2019-02-25T00:00:00.000Z,1942,2019-01-08T00:00:00.000Z,1140,31688,1707,2,5,7,1942,0,0,0,Q,0,17A35,BALBOA BL,WESTBURY DR,0,,Y,A,-,N,,0,0,,,0,,,,Y,0,0,0,1,A,-,3,22350,,N,E,I,A,A,H,-,A,A,0,,,,,Y,,A,1,0,0,0,0,0,0,0,0,0,- ,- ,0,0,1200,1,LOS ANGELES,LOS ANGELES,CA,-118.5027022,34.29896545,"BALBOA BLVD & WESTBURY DR, LOS ANGELES, CA",BALBOA BLVD,WESTBURY DR,140410,
-118.3887996,33.97236633,50136,8793604,2019,2019-03-06T00:00:00.000Z,1942,2019-01-29T00:00:00.000Z,950,38721,1467,2,5,7,1942,0,0,0,N,0,14A67,76TH ST,AIRPORT BL,96,E,N,A,-,N,,0,0,,,0,,,,N,4,0,1,3,A,-,21,22106,,N,B,C,A,A,H,-,A,D,0,,,Y,,Y,,D,22,0,0,1,0,0,0,0,0,1,- ,- ,0,0,1200,1,LOS ANGELES,LOS ANGELES,CA,-118.3887996,33.97236633,"76TH ST & AIRPORT BLVD, LOS ANGELES, CA",76TH ST,AIRPORT BLVD,134521,
-118.4574423,33.99623871,50137,8793679,2019,2019-03-07T00:00:00.000Z,1942,2019-01-21T00:00:00.000Z,1140,40869,1432,1,5,7,1942,0,0,0,N,0,14A13,LINCOLN BL,SUPERBA BL,80,S,N,C,-,N,,0,0,,,0,,,,N,3,0,1,2,A,-,6,21755,A,N,B,C,A,A,H,-,A,A,0,,,Y,,Y,,C,2,0,1,0,0,0,0,0,0,1,- ,- ,0,0,1200,1,LOS ANGELES,LOS ANGELES,CA,-118.4574423,33.99623871,"LINCOLN BLVD & SUPERBA AVE, LOS ANGELES, CA",LINCOLN BLVD,SUPERBA AVE,107202,
-118.6059407,34.19390869,50138,8793739,2019,2019-02-25T00:00:00.000Z,1942,2019-01-27T00:00:00.000Z,1155,39281,2146,7,5,7,1942,0,0,0,,0,21A57,TOPANGA CANYON,VANOWEN ST,60,N,N,A,-,N,,0,0,,,0,,,,N,4,0,1,2,A,-,21,22106,,F,G,B,G,A,H,-,A,D,0,Y,,,,Y,,-,99,0,0,1,0,1,0,0,0,0,- ,- ,0,0,1200,1,LOS ANGELES,LOS ANGELES,CA,-118.6059407,34.19390869,"TOPANGA CANYON BLVD & VANOWEN ST, LOS ANGELES, CA",TOPANGA CANYON BLVD,VANOWEN ST,130529,
-118.2915027,33.99145889,50139,8793909,2019,2019-02-27T00:00:00.000Z,1942,2019-01-27T00:00:00.000Z,1100,43567,1269,7,5,7,1942,0,0,0,L,0,12A69,VERMONT AV,56TH ST,20,N,N,A,-,N,,0,0,,,0,,,,N,0,0,0,2,A,-,3,22350,,M,C,D,A,A,H,-,A,A,0,,,,,Y,Y,-,99,0,0,0,0,0,0,0,0,0,- ,- ,0,0,1200,1,LOS ANGELES,LOS ANGELES,CA,-118.2915027,33.99145889,"VERMONT AVE & 56TH ST, LOS ANGELES, CA",VERMONT AVE,56TH ST,99612,
-118.4068755,34.01887131,50140,8794410,2019,2019-03-21T00:00:00.000Z,1942,2019-01-20T00:00:00.000Z,1110,34959,1438,7,5,7,1942,0,0,0,N,0,14A27,VENICE BL,OVERLAND AV,57,E,N,A,-,N,,0,0,,,0,,,,Y,2,0,5,3,A,-,1,23152,A,N,C,C,A,A,H,-,A,D,0,,,,,Y,Y,A,7,1,0,4,0,0,0,0,0,0,- ,- ,0,0,1200,1,LOS ANGELES,LOS ANGELES,CA,-118.4068755,34.01887131,"VENICE BLVD & OVERLAND AVE, LOS ANGELES, CA",VENICE BLVD,OVERLAND AVE,117991,