X,Y,OBJECTID,case_id,accident_year,proc_date,juris,collision_date,collision_time,officer_id,reporting_district,day_of_week,chp_shift,population,cnty_city_loc,special_cond,beat_type,chp_beat_type,city_division_lapd,chp_beat_class,beat_number,primary_rd,secondary_rd,distance,direction,intersection,weather_1,weather_2,state_hwy_ind,caltrans_county,caltrans_district,state_route,route_suffix,postmile_prefix,postmile,location_type,ramp_intersection,side_of_hwy,tow_away,collision_severity,number_killed,number_injured,party_count,primary_coll_factor,pcf_code_of_viol,pcf_viol_category,pcf_violation,pcf_viol_subsection,hit_and_run,type_of_collision,mviw,ped_action,road_surface,road_cond_1,road_cond_2,lighting,control_device,chp_road_type,pedestrian_accident,bicycle_accident,motorcycle_accident,truck_accident,not_private_property,alcohol_involved,stwd_vehtype_at_fault,chp_vehtype_at_fault,count_severe_inj,count_visible_inj,count_complaint_pain,count_ped_killed,count_ped_injured,count_bicyclist_killed,count_bicyclist_injured,count_mc_killed,count_mc_injured,primary_ramp,secondary_ramp,latitude,longitude,timecat,month_,city,county,state,point_x,point_y,match_addr,m_primaryrd,m_secondrd,int_id,Flag
-118.4390037,33.9682312,64297,8856499,2019,2019-05-14T00:00:00.000Z,1942,2019-01-21T00:00:00.000Z,1610,33648,1472,1,5,7,1942,0,0,0,N,0,14A25,JEFFERSON BL,CULVER BL,70,E,N,A,-,N,,0,0,,,0,,,,N,0,0,0,4,A,-,3,22350,,M,C,C,A,A,H,-,A,A,0,,,,,Y,,-,99,0,0,0,0,0,0,0,0,0,- ,- ,0,0,1800,1,LOS ANGELES,LOS ANGELES,CA,-118.4390037,33.9682312,"JEFFERSON BLVD & CULVER BLVD, LOS ANGELES, CA",JEFFERSON BLVD,CULVER BLVD,149443,
-118.3078421,34.03313446,64298,8648618,2019,2019-02-15T00:00:00.000Z,1942,2019-01-16T00:00:00.000Z,1717,41973,316,3,5,7,1942,0,0,0,C,0,25T22,HOBART BL,ADAMS BL,160,N,N,B,-,N,,0,0,,,0,,,,N,1,1,0,2,A,-,11,21956,A,F,G,B,D,B,H,-,C,D,0,Y,,,,Y,,N,60,0,0,0,1,0,0,0,0,0,- ,- ,0,0,1800,1,LOS ANGELES,LOS ANGELES,CA,-118.3078421,34.03313446,"HOBART BLVD & ADAMS BLVD, LOS ANGELES, CA",HOBART BLVD,ADAMS BLVD,103491,
-118.3879222,34.27318573,64299,8761769,2019,2019-02-01T00:00:00.000Z,1942,2019-01-07T00:00:00.000Z,1750,39410,1615,1,5,7,1942,0,0,0,P,0,16A35,FOOTHILL BL,GLADSTONE AV,0,,N,A,-,N,,0,0,,,0,,,,N,2,0,1,2,A,-,5,21202,A,N,C,G,A,A,H,-,D,A,0,,Y,,,Y,Y,L,4,1,0,0,0,0,0,1,0,0,- ,- ,0,0,1800,1,LOS ANGELES,LOS ANGELES,CA,-118.3879222,34.27318573,"FOOTHILL BLVD & GLADSTONE AVE, LOS ANGELES, CA",FOOTHILL BLVD,GLADSTONE AVE,126531,
-118.2425781,33.93479919,64352,8798621,2019,2019-02-15T00:00:00.000Z,1942,2019-01-21T00:00:00.000Z,1830,43311,1837,1,5,7,1942,0,0,0,R,0,18A22,111TH ST,GRAHAM AV,10,W,N,A,-,N,,0,0,,,0,,,,N,0,0,0,1,A,-,3,22350,,N,E,I,A,A,H,-,C,D,0,,,,Y,Y,Y,G,25,0,0,0,0,0,0,0,0,0,- ,- ,0,0,2100,1,LOS ANGELES,LOS ANGELES,CA,-118.2425781,33.93479919,"111TH ST & GRAHAM AVE, LOS ANGELES, CA",111TH ST,GRAHAM AVE,106705,
-118.2397227,33.79135132,64353,8787902,2019,2019-02-01T00:00:00.000Z,1942,2019-01-05T00:00:00.000Z,2020,41870,519,6,5,7,1942,0,0,0,E,0,5A15,PACIFIC COAST HWY,ALAMEDA ST,364,E,N,C,-,N,,0,0,,,0,,,,N,0,0,0,1,A,-,3,22350,,M,E,I,A,B,H,-,C,-,0,,,,,Y,,-,99,0,0,0,0,0,0,0,0,0,- ,- ,0,0,2100,1,LOS ANGELES,LOS ANGELES,CA,-118.2397227,33.79135132,"PACIFIC COAST HWY & ALAMEDA ST, LOS ANGELES, CA",PACIFIC COAST HWY,ALAMEDA ST,123681,
-118.3790622,34.18458176,64354,8761836,2019,2019-02-13T00:00:00.000Z,1942,2019-01-05T00:00:00.000Z,1840,43004,LOSAN,6,5,7,1942,0,0,0,,0,9X66,TUJUNGA,SYLVAN,100,S,N,B,C,N,,0,0,,,0,,,,N,0,0,0,4,A,-,8,22107,,M,B,E,A,B,H,-,D,D,0,,,,,Y,Y,A,7,0,0,0,0,0,0,0,0,0,- ,- ,0,0,2100,1,LOS ANGELES,LOS ANGELES,CA,-118.3790622,34.18458176,"TUJUNGA AVE & SYLVAN ST, LOS ANGELES, CA",TUJUNGA AVE,SYLVAN ST,146808,
-118.4652204,34.15364838,64355,8792522,2019,2019-03-08T00:00:00.000Z,1942,2019-01-30T00:00:00.000Z,1930,36599,981,3,5,7,1942,0,0,0,I,0,9A89,VENTURA BL,SEPULVEDA BL,312,E,N,A,-,N,,0,0,,,0,,,,Y,2,0,1,4,A,-,3,22350,,N,C,E,A,A,H,-,C,D,0,,,,,Y,,A,1,1,0,0,0,0,0,0,0,0,- ,- ,0,0,2100,1,LOS ANGELES,LOS ANGELES,CA,-118.4652204,34.15364838,"VENTURA BLVD & SEPULVEDA BLVD, LOS ANGELES, CA",VENTURA BLVD,SEPULVEDA BLVD,97641,
-118.3171367,34.00259781,64356,8796729,2019,2019-03-05T00:00:00.000Z,1942,2019-01-15T00:00:00.000Z,1920,40529,1203,2,5,7,1942,0,0,0,L,0,12A3,S VAN NESS AV,VERNON AV,400,S,N,A,C,N,,0,0,,,0,,,,N,0,0,0,2,A,-,3,22350,,N,B,-,A,B,H,-,C,D,0,,,,,Y,,A,1,0,0,0,0,0,0,0,0,0,- ,- ,0,0,2100,1,LOS ANGELES,LOS ANGELES,CA,-118.3171367,34.00259781,"VAN NESS AVE & VERNON AVE, LOS ANGELES, CA",VAN NESS AVE,VERNON AVE,117362,
-118.4296922,34.31380463,64357,8804894,2019,2019-02-26T00:00:00.000Z,1942,2019-01-16T00:00:00.000Z,2015,42000,1905,3,5,7,1942,0,0,0,,0,19A85,SAYRE ST,WHEELER AV,0,,Y,C,G,N,,0,0,,,0,,,,N,4,0,1,5,A,-,1,23152,,N,C,E,A,B,H,-,C,D,0,,,,,Y,Y,A,1,0,0,1,0,0,0,0,0,0,- ,- ,0,0,2100,1,LOS ANGELES,LOS ANGELES,CA,-118.4296922,34.31380463,"SAYRE ST & WHEELER AVE, LOS ANGELES, CA",SAYRE ST,WHEELER AVE,147665,
-118.2804321,33.74564362,64358,8809688,2019,2019-03-07T00:00:00.000Z,1942,2019-01-07T00:00:00.000Z,1900,39523,558,1,5,7,1942,0,0,0,E,0,5XL4,BEACON ST,FARRELL ST,125,S,N,B,-,N,,0,0,,,0,,,,N,0,0,0,2,D,-,0,0,,M,B,E,A,A,H,-,D,D,0,,,,,Y,,-,- ,0,0,0,0,0,0,0,0,0,- ,- ,0,0,2100,1,LOS ANGELES,LOS ANGELES,CA,-118.2804321,33.74564362,"BEACON ST & OFARRELL ST, LOS ANGELES, CA",BEACON ST,OFARRELL ST,114383,
-118.3403811,34.03312683,64359,8791167,2019,2019-02-05T00:00:00.000Z,1942,2019-01-11T00:00:00.000Z,1805,42665,333,5,5,7,1942,0,0,0,C,0,3A31,BUCKINGHAM PL,N ADAMS BL,260,N,N,A,-,N,,0,0,,,0,,,,N,0,0,0,2,A,-,8,22107,,N,B,C,A,A,H,-,C,D,0,,,,,Y,,A,1,0,0,0,0,0,0,0,0,0,- ,- ,0,0,2100,1,LOS ANGELES,LOS ANGELES,CA,-118.3403811,34.03312683,"BUCKINGHAM RD & ADAMS BLVD, LOS ANGELES, CA",BUCKINGHAM RD,ADAMS BLVD,149164,
-118.605751,34.17122006,70595,8794563,2019,2019-05-22T00:00:00.000Z,1942,2019-01-16T00:00:00.000Z,2030,36336,2177,3,5,7,1942,0,0,0,,0,21A97,TOPANGA CANYON BL,RT 101,10,N,N,C,-,Y,LA,7,101,-,-,25.219,R,4,N,N,4,0,1,2,A,-,12,22450,A,N,D,C,A,B,H,-,C,A,0,,,,,Y,,A,1,0,0,1,0,0,0,0,0,0,- ,WF,0,0,2100,1,LOS ANGELES,LOS ANGELES,CA,-118.605751,34.17122006,"TOPANGA CANYON BLVD & RT 101 N/B OFF, LOS ANGELES, CA",TOPANGA CANYON BLVD,RT 101 N/B OFF,116438,
-118.3547374,34.02151871,70596,8807584,2019,2019-03-06T00:00:00.000Z,1942,2019-01-15T00:00:00.000Z,1905,41844,361,2,5,7,1942,0,0,0,C,0,3A41,RODEO RD,LA BREA AV,275,E,N,C,-,N,,0,0,,,0,,,,N,0,0,0,2,A,-,6,21750,A,N,B,C,A,B,H,-,C,A,0,,,,,Y,,A,1,0,0,0,0,0,0,0,0,0,- ,- ,0,0,2100,1,LOS ANGELES,LOS ANGELES,CA,-118.3547374,34.02151871,"RODEO RD & LA BREA AVE, LOS ANGELES, CA",RODEO RD,LA BREA AVE,137054,
-118.27294,34.06259155,70597,8807586,2019,2019-03-05T00:00:00.000Z,1942,2019-01-11T00:00:00.000Z,1945,37639,235,5,5,7,1942,0,0,0,B,0,2A45,ALVARADO ST,3RD ST,150,S,N,A,-,N,,0,0,,,0,,,,N,0,0,0,2,A,-,- ,0,,N,B,E,A,A,H,-,C,-,0,,,,,Y,,A,1,0,0,0,0,0,0,0,0,0,- ,- ,0,0,2100,1,LOS ANGELES,LOS ANGELES,CA,-118.27294,34.06259155,"ALVARADO ST & 3RD ST, LOS ANGELES, CA",ALVARADO ST,3RD ST,132160,
-118.3858721,33.95262528,70598,8809548,2019,2019-03-26T00:00:00.000Z,1942,2019-01-25T00:00:00.000Z,2056,42284,1488,5,5,7,1942,0,0,0,N,0,14X56,AIRPORT BL,ARBOR VITAE ST,0,,Y,A,-,N,,0,0,,,0,,,,Y,4,0,2,2,A,-,8,22107,,N,A,C,A,A,H,-,C,A,0,,,,,Y,,A,1,0,0,2,0,0,0,0,0,0,- ,- ,0,0,2100,1,LOS ANGELES,LOS ANGELES,CA,-118.3858721,33.95262527,"AIRPORT BLVD & ARBOR VITAE ST, LOS ANGELES, CA",AIRPORT BLVD,ARBOR VITAE ST,99478,
-118.2783622,34.00196457,70622,8839025,2019,2019-04-18T00:00:00.000Z,1942,2019-01-15T00:00:00.000Z,2020,43374,NEWTO,2,5,7,1942,0,0,0,,0,13A63,S BROADWAY,46TH ST,0,,N,C,-,N,,0,0,,,0,,,,Y,0,0,0,2,A,-,3,22350,,M,A,J,A,B,H,-,C,D,0,,,,,Y,,-,99,0,0,0,0,0,0,0,0,0,- ,- ,0,0,2100,1,LOS ANGELES,LOS ANGELES,CA,-118.2783622,34.00196457,"BROADWAY & 46TH ST, LOS ANGELES, CA",BROADWAY,46TH ST,127940,
-118.4381734,34.26446915,70624,8648566,2019,2019-01-25T00:00:00.000Z,1942,2019-01-10T00:00:00.000Z,2023,42309,1621,4,5,7,1942,0,0,0,P,0,16A11,LAUREL CANYON BL,PAXTON ST,131,S,N,B,-,N,,0,0,,,0,,,,N,1,1,0,2,A,-,11,21954,A,F,G,B,D,A,H,-,C,D,0,Y,,,,Y,,N,60,0,0,0,1,0,0,0,0,0,- ,- ,0,0,2100,1,LOS ANGELES,LOS ANGELES,CA,-118.4381734,34.26446915,"LAUREL CANYON BLVD & PAXTON ST, LOS ANGELES, CA",LAUREL CANYON BLVD,PAXTON ST,144119,
-118.2651721,33.9721756,70625,8648625,2019,2019-02-26T00:00:00.000Z,1942,2019-01-06T00:00:00.000Z,1800,42011,1259,7,5,7,1942,0,0,0,L,0,12A69,AVALON BL,75TH ST,0,,Y,A,-,N,,0,0,,,0,,,,Y,1,1,0,2,A,-,10,21950,A,N,G,B,B,A,H,-,C,A,0,Y,,,,Y,,D,22,0,0,0,1,0,0,0,0,0,- ,- ,0,0,2100,1,LOS ANGELES,LOS ANGELES,CA,-118.2651721,33.9721756,"AVALON BLVD & 75TH ST, LOS ANGELES, CA",AVALON BLVD,75TH ST,134576,
-118.2769072,34.06042862,70626,8648669,2019,2019-03-01T00:00:00.000Z,1942,2019-01-23T00:00:00.000Z,2002,40730,246,3,5,7,1942,0,0,0,B,0,1A47,W 6TH ST,GRAND VIEW ST,19,E,N,A,-,N,,0,0,,,0,,,,N,1,1,0,2,A,-,10,21950,A,N,G,B,B,A,H,-,C,A,0,Y,,,,Y,,A,1,0,0,0,1,0,0,0,0,0,- ,- ,0,0,2100,1,LOS ANGELES,LOS ANGELES,CA,-118.2769072,34.06042862,"6TH ST & GRAND VIEW ST, LOS ANGELES, CA",6TH ST,GRAND VIEW ST,134987,
-118.2655011,33.94190979,70627,8727541,2019,2019-03-21T00:00:00.000Z,1942,2019-01-23T00:00:00.000Z,1810,42589,1834,3,5,7,1942,0,0,0,R,0,18X36,104TH ST,AVALON,100,W,N,A,-,N,,0,0,,,0,,,,Y,4,0,2,2,A,-,21,22106,,N,D,C,A,A,-,-,B,D,0,,,,,Y,,A,1,0,0,2,0,0,0,0,0,0,- ,- ,0,0,2100,1,LOS ANGELES,LOS ANGELES,CA,-118.2655011,33.94190979,"104TH ST & AVALON BLVD, LOS ANGELES, CA",104TH ST,AVALON BLVD,123251,
-118.4701304,34.27908325,70628,8727572,2019,2019-03-22T00:00:00.000Z,1942,2019-01-31T00:00:00.000Z,1915,36336,1719,4,5,7,1942,0,0,0,Q,0,17A49,RINALDI ST,SEPULVEDA BL,396,W,N,A,-,Y,LA,7,405,-,-,47.943,R,4,S,Y,4,0,2,2,A,-,9,21801,A,F,D,C,A,A,H,-,C,A,0,,,,,Y,,-,99,0,0,2,0,0,0,0,0,0,- ,- ,0,0,2100,1,LOS ANGELES,LOS ANGELES,CA,-118.4701304,34.27908325,"RINALDI ST & SEPULVEDA BLVD, LOS ANGELES, CA",RINALDI ST,SEPULVEDA BLVD,108673,
-118.4064282,34.18668366,70629,8761773,2019,2019-02-01T00:00:00.000Z,1942,2019-01-04T00:00:00.000Z,1840,43577,1523,5,5,7,1942,0,0,0,O,0,PATROL,VICTORY BL,BABCOCK AV,20,W,N,A,-,N,,0,0,,,0,,,,N,4,0,1,4,A,-,4,21703,,F,C,C,A,A,H,-,C,D,0,,,,,Y,,-,99,0,0,1,0,0,0,0,0,0,- ,- ,0,0,2100,1,LOS ANGELES,LOS ANGELES,CA,-118.4064282,34.18668365,"VICTORY BLVD & BABCOCK AVE, LOS ANGELES, CA",VICTORY BLVD,BABCOCK AVE,140765,
-118.2916121,33.90189362,70630,8764931,2019,2019-02-12T00:00:00.000Z,1942,2019-01-07T00:00:00.000Z,1820,39299,1871,1,5,7,1942,0,0,0,R,0,18A97,S VERMONT AV,W ROSECRANS AV,0,,Y,A,-,N,,0,0,,,0,,,,Y,3,0,2,3,A,-,9,21806,A,N,D,C,A,A,H,-,C,A,0,,,,,Y,,A,7,0,1,1,0,0,0,0,0,0,- ,- ,0,0,2100,1,LOS ANGELES,LOS ANGELES,CA,-118.2916121,33.90189362,"VERMONT AVE & ROSECRANS AVE, LOS ANGELES, CA",VERMONT AVE,ROSECRANS AVE,116625,
-118.4242247,34.05409241,70631,8768932,2019,2019-02-19T00:00:00.000Z,1942,2019-01-02T00:00:00.000Z,1815,39655,836,3,5,7,1942,0,0,0,H,0,8A35,HOLMBY AV,MISSOURI AV,240,S,N,A,-,N,,0,0,,,0,,,,N,0,0,0,2,A,-,8,22107,,M,B,E,A,A,H,-,A,D,0,,,,Y,Y,,-,99,0,0,0,0,0,0,0,0,0,- ,- ,0,0,2100,1,LOS ANGELES,LOS ANGELES,CA,-118.4242247,34.05409241,"HOLMBY AVE & MISSOURI AVE, LOS ANGELES, CA",HOLMBY AVE,MISSOURI AVE,142768,
-118.3766134,34.07792282,70632,8774148,2019,2019-02-02T00:00:00.000Z,1942,2019-01-01T00:00:00.000Z,1810,33757,711,2,5,7,1942,0,0,0,G,0,7A1,LA CIENEGA BL,OAKWOOD AV,70,S,N,A,-,N,,0,0,,,0,,,,Y,4,0,1,3,A,-,7,21658,A,F,B,C,A,A,H,-,C,D,0,,,,,Y,,-,99,0,0,1,0,0,0,0,0,0,- ,- ,0,0,2100,1,LOS ANGELES,LOS ANGELES,CA,-118.3766134,34.07792282,"LA CIENEGA BLVD & OAKWOOD AVE, LOS ANGELES, CA",LA CIENEGA BLVD,OAKWOOD AVE,103984,
-118.5360722,34.21155167,70633,8776052,2019,2019-02-02T00:00:00.000Z,1942,2019-01-05T00:00:00.000Z,2025,40388,1004,6,5,7,1942,0,0,0,J,0,10A3,RESEDA BL,INGOMAR ST,165,S,N,C,-,N,,0,0,,,0,,,,Y,2,0,4,3,A,-,1,23152,A,N,C,C,A,B,H,-,C,A,0,,,,,Y,Y,A,1,1,2,1,0,0,0,0,0,0,- ,- ,0,0,2100,1,LOS ANGELES,LOS ANGELES,CA,-118.5360722,34.21155167,"RESEDA BLVD & INGOMAR ST, LOS ANGELES, CA",RESEDA BLVD,INGOMAR ST,98264,
-118.4379009,34.31330109,70634,8776076,2019,2019-02-02T00:00:00.000Z,1942,2019-01-01T00:00:00.000Z,1815,37613,1902,2,5,7,1942,0,0,0,,0,19A7,FOOTHILL BL,POLK ST,1200,S,N,A,-,N,,0,0,,,0,,,,Y,4,0,2,4,A,-,1,23152,A,N,C,C,A,A,H,-,C,D,0,,,,,Y,Y,A,1,0,0,2,0,0,0,0,0,0,- ,- ,0,0,2100,1,LOS ANGELES,LOS ANGELES,CA,-118.4379009,34.31330109,"FOOTHILL BLVD & POLK ST, LOS ANGELES, CA",FOOTHILL BLVD,POLK ST,147619,
-118.3878322,34.18749619,70635,8776080,2019,2019-05-08T00:00:00.000Z,1942,2019-01-02T00:00:00.000Z,1915,33504,1526,3,5,7,1942,0,0,0,O,0,15A27,LANKERSHIM BL,GILMORE ST,0,,Y,A,-,N,,0,0,,,0,,,,N,2,0,1,2,A,-,10,21950,A,F,G,B,B,A,H,-,C,D,0,Y,,,,Y,,-,99,1,0,0,0,1,0,0,0,0,- ,- ,0,0,2100,1,LOS ANGELES,LOS ANGELES,CA,-118.3878322,34.18749619,"LANKERSHIM BLVD & GILMORE ST, LOS ANGELES, CA",LANKERSHIM BLVD,GILMORE ST,108224,
-118.2916522,34.05869675,70636,8776104,2019,2019-02-13T00:00:00.000Z,1942,2019-01-07T00:00:00.000Z,2030,42273,2036,1,5,7,1942,0,0,0,,0,20A45,S VERMONT AV,LEEWARD AV,0,,Y,A,-,N,,0,0,,,0,,,,Y,0,0,0,3,A,-,1,23152,F,N,B,E,A,A,H,-,C,D,0,,,,,Y,,I,10,0,0,0,0,0,0,0,0,0,- ,- ,0,0,2100,1,LOS ANGELES,LOS ANGELES,CA,-118.2916522,34.05869675,"VERMONT AVE & LEEWARD AVE, LOS ANGELES, CA",VERMONT AVE,LEEWARD AVE,149100,
-118.261197,33.95380783,70637,8776255,2019,2019-02-02T00:00:00.000Z,1942,2019-01-05T00:00:00.000Z,2010,41056,1806,6,5,7,1942,0,0,0,R,0,18A3,E 91ST ST,S MCKINLEY AV,120,W,N,C,-,N,,0,0,,,0,,,,Y,4,0,3,3,A,-,3,22350,,N,C,C,A,B,H,-,C,D,0,,,,,Y,,A,1,0,0,3,0,0,0,0,0,0,- ,- ,0,0,2100,1,LOS ANGELES,LOS ANGELES,CA,-118.261197,33.95380783,"91ST ST & MCKINLEY AVE, LOS ANGELES, CA",91ST ST,MCKINLEY AVE,110173,
-118.4502722,34.23178482,70638,8776401,2019,2019-02-02T00:00:00.000Z,1942,2019-01-01T00:00:00.000Z,1845,38956,1985,2,5,7,1942,0,0,0,,0,19A85,VAN NUYS BL,RAYEN ST,0,,Y,A,-,N,,0,0,,,0,,,,Y,2,0,1,2,A,-,8,22107,,F,D,C,A,A,H,-,C,A,0,,,Y,,Y,,-,99,1,0,0,0,0,0,0,0,1,- ,- ,0,0,2100,1,LOS ANGELES,LOS ANGELES,CA,-118.4502722,34.23178482,"VAN NUYS BLVD & RAYEN ST, LOS ANGELES, CA",VAN NUYS BLVD,RAYEN ST,136512,
-118.337462,34.09067917,70639,8776486,2019,2019-02-02T00:00:00.000Z,1942,2019-01-05T00:00:00.000Z,1820,38090,663,6,5,7,1942,0,0,0,F,0,,N MC CADDEN PL,SANTA MONICA BL,10,S,N,C,-,N,,0,0,,,0,,,,N,4,0,1,2,A,-,10,21950,A,F,G,B,B,B,H,-,C,A,0,Y,,,,Y,,-,99,0,0,1,0,1,0,0,0,0,- ,- ,0,0,2100,1,LOS ANGELES,LOS ANGELES,CA,-118.337462,34.09067917,"MCCADDEN PL & SANTA MONICA BLVD, LOS ANGELES, CA",MCCADDEN PL,SANTA MONICA BLVD,97169,
-118.3556421,34.02151489,70640,8778073,2019,2019-02-14T00:00:00.000Z,1942,2019-01-02T00:00:00.000Z,1800,42595,361,3,5,7,1942,0,0,0,C,0,3A74,LA BREA AV,RODEO RD,0,,Y,A,-,N,,0,0,,,0,,,,N,0,0,0,2,A,-,0,21568,A,N,B,C,A,A,H,-,C,A,0,,,,,Y,,A,1,0,0,0,0,0,0,0,0,0,- ,- ,0,0,2100,1,LOS ANGELES,LOS ANGELES,CA,-118.3556421,34.02151489,"LA BREA AVE & RODEO RD, LOS ANGELES, CA",LA BREA AVE,RODEO RD,137054,
-118.4225421,34.17938614,70641,8778099,2019,2019-02-02T00:00:00.000Z,1942,2019-01-09T00:00:00.000Z,1940,42251,938,3,5,7,1942,0,0,0,I,0,9A37,OXNARD ST,FULTON AV,0,,Y,A,-,N,,0,0,,,0,,,,Y,0,0,0,3,A,-,12,21453,A,M,D,C,A,A,H,-,C,A,0,,,,,Y,,A,7,0,0,0,0,0,0,0,0,0,- ,- ,0,0,2100,1,LOS ANGELES,LOS ANGELES,CA,-118.4225421,34.17938614,"OXNARD ST & FULTON AVE, LOS ANGELES, CA",OXNARD ST,FULTON AVE,114930,
-118.4399922,34.16486359,70642,8778147,2019,2019-02-02T00:00:00.000Z,1942,2019-01-07T00:00:00.000Z,1925,38947,955,1,5,7,1942,0,0,0,I,0,9A63,HAZELTINE AV,MAGNOLIA BL,0,,Y,A,-,N,,0,0,,,0,,,,N,0,0,0,2,A,-,1,23152,A,M,B,D,A,A,H,-,C,D,0,,,,,Y,Y,A,1,0,0,0,0,0,0,0,0,0,- ,- ,0,0,2100,1,LOS ANGELES,LOS ANGELES,CA,-118.4399922,34.16486359,"HAZELTINE AVE & MAGNOLIA BLVD, LOS ANGELES, CA",HAZELTINE AVE,MAGNOLIA BLVD,114993,
-118.2461744,33.94942093,70643,8778157,2019,2019-02-02T00:00:00.000Z,1942,2019-01-07T00:00:00.000Z,1850,43501,LAPD1,1,5,7,1942,0,0,0,,0,18A34,COMPTON AV,96TH ST,155,N,N,A,-,N,,0,0,,,0,,,,N,0,0,0,2,A,-,6,21755,,M,C,E,A,A,H,-,C,D,0,,,,,Y,Y,-,99,0,0,0,0,0,0,0,0,0,- ,- ,0,0,2100,1,LOS ANGELES,LOS ANGELES,CA,-118.2461744,33.94942093,"COMPTON AVE & 96TH ST, LOS ANGELES, CA",COMPTON AVE,96TH ST,99582,
-118.4487621,34.20118332,70644,8778175,2019,2019-02-06T00:00:00.000Z,1942,2019-01-14T00:00:00.000Z,2050,42818,914,1,5,7,1942,0,0,0,I,0,9A23,SHERMAN WY,VAN NUYS BL,0,,Y,A,-,N,,0,0,,,0,,,,N,3,0,1,2,A,-,10,21950,A,F,G,B,B,B,H,-,C,A,0,Y,,,,Y,,-,99,0,1,0,0,1,0,0,0,0,- ,- ,0,0,2100,1,LOS ANGELES,LOS ANGELES,CA,-118.4487621,34.20118332,"SHERMAN WAY & VAN NUYS BLVD, LOS ANGELES, CA",SHERMAN WAY,VAN NUYS BLVD,105050,
-118.2543421,33.93095398,70645,8778191,2019,2019-02-06T00:00:00.000Z,1942,2019-01-09T00:00:00.000Z,1925,42282,1846,3,5,7,1942,0,0,0,R,0,18A35,E 114TH ST,S CENTRAL AV,0,,Y,A,-,N,,0,0,,,0,,,,N,3,0,1,2,A,-,17,21451,A,F,G,B,B,A,H,-,C,A,0,Y,,,,Y,,-,99,0,1,0,0,1,0,0,0,0,- ,- ,0,0,2100,1,LOS ANGELES,LOS ANGELES,CA,-118.2543421,33.93095398,"114TH ST & CENTRAL AVE, LOS ANGELES, CA",114TH ST,CENTRAL AVE,103269,
-118.2915522,34.02310562,70646,8778195,2019,2019-02-05T00:00:00.000Z,1942,2019-01-03T00:00:00.000Z,2046,43315,357,4,5,7,1942,0,0,0,C,0,3A15,36TH ST,VERMONT AV,0,,Y,A,-,N,,0,0,,,0,,,,N,4,0,1,2,A,-,12,21453,A,N,G,B,B,A,H,-,C,A,0,Y,,,,Y,Y,A,1,0,0,1,0,1,0,0,0,0,- ,- ,0,0,2100,1,LOS ANGELES,LOS ANGELES,CA,-118.2915522,34.02310562,"36TH ST & VERMONT AVE, LOS ANGELES, CA",36TH ST,VERMONT AVE,131367,
-118.2390421,33.94564438,70647,8778205,2019,2019-02-02T00:00:00.000Z,1942,2019-01-08T00:00:00.000Z,2045,42011,1827,2,5,7,1942,0,0,0,R,0,18A26,CENTURY BL,WILMINGTON AV,0,,Y,A,-,N,,0,0,,,0,,,,N,2,0,1,2,A,-,10,21950,A,F,G,B,B,A,H,-,C,A,0,Y,,,,Y,,-,- ,1,0,0,0,1,0,0,0,0,- ,- ,0,0,2100,1,LOS ANGELES,LOS ANGELES,CA,-118.2390421,33.94564438,"CENTURY BLVD & WILMINGTON AVE, LOS ANGELES, CA",CENTURY BLVD,WILMINGTON AVE,141791,
-118.4946056,34.29715729,70648,8778214,2019,2019-02-06T00:00:00.000Z,1942,2019-01-13T00:00:00.000Z,1900,42565,1708,7,5,7,1942,0,0,0,Q,0,17A49,WOODLEY AV,KNOLLWOOD DR,507,S,N,A,-,N,,0,0,,,0,,,,N,4,0,3,2,A,-,5,21651,A,F,B,C,A,A,H,-,C,D,0,,,,,Y,,-,99,0,0,3,0,0,0,0,0,0,- ,- ,0,0,2100,1,LOS ANGELES,LOS ANGELES,CA,-118.4946056,34.29715729,"WOODLEY AVE & KNOLLWOOD DR, LOS ANGELES, CA",WOODLEY AVE,KNOLLWOOD DR,140313,
-118.5011822,34.20849228,70649,8778557,2019,2019-05-02T00:00:00.000Z,1942,2019-01-15T00:00:00.000Z,1915,42251,1007,2,5,7,1942,0,0,0,J,0,10A17,BALBOA BL,SATICOY ST,32,N,N,C,-,N,,0,0,,,0,,,,Y,0,0,0,2,A,-,1,23152,A,N,C,C,A,B,H,-,C,D,0,,,,,Y,Y,A,7,0,0,0,0,0,0,0,0,0,- ,- ,0,0,2100,1,LOS ANGELES,LOS ANGELES,CA,-118.5011822,34.20849228,"BALBOA BLVD & SATICOY ST, LOS ANGELES, CA",BALBOA BLVD,SATICOY ST,147533,
-118.4661322,34.18301392,70651,8778837,2019,2019-02-02T00:00:00.000Z,1942,2019-01-16T00:00:00.000Z,2005,41875,931,3,5,7,1942,0,0,0,I,0,9A5,SEPULVEDA BL,ERWIN ST,10,W,N,C,-,N,,0,0,,,0,,,,Y,3,0,1,2,A,-,3,22350,,F,C,C,A,B,-,-,C,A,0,,,,,Y,,-,99,0,1,0,0,0,0,0,0,0,- ,- ,0,0,2100,1,LOS ANGELES,LOS ANGELES,CA,-118.4661322,34.18301392,"SEPULVEDA BLVD & ERWIN ST, LOS ANGELES, CA",SEPULVEDA BLVD,ERWIN ST,108343,