X,Y,OBJECTID,case_id,accident_year,proc_date,juris,collision_date,collision_time,officer_id,reporting_district,day_of_week,chp_shift,population,cnty_city_loc,special_cond,beat_type,chp_beat_type,city_division_lapd,chp_beat_class,beat_number,primary_rd,secondary_rd,distance,direction,intersection,weather_1,weather_2,state_hwy_ind,caltrans_county,caltrans_district,state_route,route_suffix,postmile_prefix,postmile,location_type,ramp_intersection,side_of_hwy,tow_away,collision_severity,number_killed,number_injured,party_count,primary_coll_factor,pcf_code_of_viol,pcf_viol_category,pcf_violation,pcf_viol_subsection,hit_and_run,type_of_collision,mviw,ped_action,road_surface,road_cond_1,road_cond_2,lighting,control_device,chp_road_type,pedestrian_accident,bicycle_accident,motorcycle_accident,truck_accident,not_private_property,alcohol_involved,stwd_vehtype_at_fault,chp_vehtype_at_fault,count_severe_inj,count_visible_inj,count_complaint_pain,count_ped_killed,count_ped_injured,count_bicyclist_killed,count_bicyclist_injured,count_mc_killed,count_mc_injured,primary_ramp,secondary_ramp,latitude,longitude,timecat,month_,city,county,state,point_x,point_y,match_addr,m_primaryrd,m_secondrd,int_id,Flag
-118.2525572,33.78080368,75070,8816350,2019,2019-03-13T00:00:00.000Z,1942,2019-01-15T00:00:00.000Z,555,43223,529,2,5,7,1942,0,0,0,E,0,5A25,MCFARLAND AV,ANAHEIM ST,120,N,N,A,-,N,,0,0,,,0,,,,N,0,0,0,2,A,-,3,22350,,M,B,E,A,B,H,-,B,D,0,,,,,Y,,-,99,0,0,0,0,0,0,0,0,0,- ,- ,0,0,600,1,LOS ANGELES,LOS ANGELES,CA,-118.2525572,33.78080368,"MCFARLAND AVE & ANAHEIM ST, LOS ANGELES, CA",MCFARLAND AVE,ANAHEIM ST,134715,
-118.2882043,33.91761017,75072,8786128,2019,2019-02-13T00:00:00.000Z,1942,2019-01-21T00:00:00.000Z,600,38503,1831,1,5,7,1942,0,0,0,R,0,18A97,LACONIA BL,ANISWORTH AVE,60,W,N,A,-,N,,0,0,,,0,,,,N,0,0,0,2,A,-,3,22350,,M,B,E,A,-,H,-,A,D,0,,,,,Y,,-,99,0,0,0,0,0,0,0,0,0,- ,- ,0,0,900,1,LOS ANGELES,LOS ANGELES,CA,-118.2882043,33.91761017,"LACONIA BLVD & AINSWORTH ST, LOS ANGELES, CA",LACONIA BLVD,AINSWORTH ST,103756,
-118.4661586,34.2722435,75073,8795440,2019,2019-02-11T00:00:00.000Z,1942,2019-01-03T00:00:00.000Z,837,35391,1934,4,5,7,1942,0,0,0,,0,3SM29,SAN FERNANDO MISSION BL,SEPULVEDA BL,400,N,N,A,-,N,,0,0,,,0,,,,N,0,0,0,2,A,-,8,22107,,M,B,E,A,A,H,-,A,D,0,,,,,Y,,-,,0,0,0,0,0,0,0,0,0,- ,- ,0,0,900,1,LOS ANGELES,LOS ANGELES,CA,-118.4661586,34.2722435,"SAN FERNANDO MISSION BLVD & SEPULVEDA BLVD, LOS ANGELES, CA",SAN FERNANDO MISSION BLVD,SEPULVEDA BLVD,129409,
-118.4759302,34.17194367,75074,8727503,2019,2019-03-25T00:00:00.000Z,1942,2019-01-30T00:00:00.000Z,1115,38469,1049,3,5,7,1942,0,0,0,J,0,10X8,WOODLEY AV,BURBANK BL,100,N,N,A,-,N,,0,0,,,0,,,,N,0,0,0,2,A,-,21,22106,,M,C,E,A,A,H,-,A,D,0,,,,,Y,,-,99,0,0,0,0,0,0,0,0,0,- ,- ,0,0,1200,1,LOS ANGELES,LOS ANGELES,CA,-118.4759302,34.17194366,"WOODLEY AVE & BURBANK BLVD, LOS ANGELES, CA",WOODLEY AVE,BURBANK BLVD,102021,
-118.2744056,33.96596527,75075,8780865,2019,2019-02-22T00:00:00.000Z,1942,2019-01-10T00:00:00.000Z,930,32620,1268,4,5,7,1942,0,0,0,L,0,12A39,W 81ST ST,MAIN ST,150,W,N,A,-,N,,0,0,,,0,,,,N,0,0,0,2,A,-,3,22350,,M,B,E,A,A,H,-,A,D,0,,,,,Y,,-,99,0,0,0,0,0,0,0,0,0,- ,- ,0,0,1200,1,LOS ANGELES,LOS ANGELES,CA,-118.2744056,33.96596527,"81ST ST & MAIN ST, LOS ANGELES, CA",81ST ST,MAIN ST,99610,
-118.3989794,34.27241516,75076,8785788,2019,2019-02-02T00:00:00.000Z,1942,2019-01-21T00:00:00.000Z,1135,42051,1633,1,5,7,1942,0,0,0,P,0,16A23,TERRA BELLA ST,DRONFIELD AV,55,W,N,A,-,N,,0,0,,,0,,,,Y,0,0,0,2,A,-,8,22107,,M,B,E,A,A,H,-,A,D,0,,,,,Y,,A,8,0,0,0,0,0,0,0,0,0,- ,- ,0,0,1200,1,LOS ANGELES,LOS ANGELES,CA,-118.3989794,34.27241516,"TERRA BELLA ST & DRONFIELD AVE, LOS ANGELES, CA",TERRA BELLA ST,DRONFIELD AVE,109008,
-118.3956797,34.18667603,75077,8792725,2019,2019-02-21T00:00:00.000Z,1942,2019-01-26T00:00:00.000Z,1105,42051,1525,6,5,7,1942,0,0,0,O,0,15A33,VICTORY BL,AGNES AV,75,W,N,A,-,N,,0,0,,,0,,,,N,0,0,0,2,A,-,8,22107,,M,B,E,A,A,H,-,A,D,0,,,,,Y,,-,99,0,0,0,0,0,0,0,0,0,- ,- ,0,0,1200,1,LOS ANGELES,LOS ANGELES,CA,-118.3956797,34.18667603,"VICTORY BLVD & AGNES AVE, LOS ANGELES, CA",VICTORY BLVD,AGNES AVE,101000,
-118.2591778,34.0284996,75078,8819666,2019,2019-03-13T00:00:00.000Z,1942,2019-01-17T00:00:00.000Z,1030,40882,1313,4,5,7,1942,0,0,0,M,0,13A27,EAST WASHINGTON BL,TRINITY ST,5,E,N,B,C,N,,0,0,,,0,,,,N,0,0,0,2,A,-,8,22107,,M,B,E,A,B,H,-,A,A,0,,,,Y,Y,,-,99,0,0,0,0,0,0,0,0,0,- ,- ,0,0,1200,1,LOS ANGELES,LOS ANGELES,CA,-118.2591778,34.0284996,"WASHINGTON BLVD & TRINITY ST, LOS ANGELES, CA",WASHINGTON BLVD,TRINITY ST,105692,
-118.3963205,33.95428085,75079,8855494,2019,2019-05-10T00:00:00.000Z,1942,2019-01-02T00:00:00.000Z,930,30264,1437,3,5,7,1942,0,0,0,N,0,14A73,SEPULVEDA,WESTCHESTER PKWY,120,S,N,A,-,N,,0,0,,,0,,,,N,0,0,0,2,A,-,21,22106,,M,C,E,A,A,H,-,A,D,0,,,,,Y,,-,99,0,0,0,0,0,0,0,0,0,- ,- ,0,0,1200,1,LOS ANGELES,LOS ANGELES,CA,-118.3963205,33.95428085,"SEPULVEDA BLVD & WESTCHESTER PKY, LOS ANGELES, CA",SEPULVEDA BLVD,WESTCHESTER PKY,98574,
-118.2710622,34.05176544,75080,8779364,2019,2019-02-21T00:00:00.000Z,1942,2019-01-13T00:00:00.000Z,1300,40646,269,7,5,7,1942,0,0,0,,0,DESK,8TH ST,GREEN AV,0,,-,A,-,N,,0,0,,,0,,,,N,0,0,0,2,A,-,0,20015,,M,B,E,A,A,H,-,A,D,0,,,,,Y,,-,- ,0,0,0,0,0,0,0,0,0,- ,- ,0,0,1500,1,LOS ANGELES,LOS ANGELES,CA,-118.2710622,34.05176544,"8TH ST & GREEN AVE, LOS ANGELES, CA",8TH ST,GREEN AVE,142209,
-118.5360822,34.22445679,75081,8781000,2019,2019-02-02T00:00:00.000Z,1942,2019-01-06T00:00:00.000Z,1220,39281,1794,7,5,7,1942,0,0,0,Q,0,17A67,RESEDA BL,CHASE ST,51,S,N,A,-,N,,0,0,,,0,,,,N,4,0,2,2,A,-,8,22107,,F,B,E,A,A,H,-,A,D,0,,,,,Y,,-,99,0,0,2,0,0,0,0,0,0,- ,- ,0,0,1500,1,LOS ANGELES,LOS ANGELES,CA,-118.5360822,34.22445679,"RESEDA BLVD & CHASE ST, LOS ANGELES, CA",RESEDA BLVD,CHASE ST,108775,
-118.3742881,34.07605362,75082,8784532,2019,2019-02-15T00:00:00.000Z,1942,2019-01-20T00:00:00.000Z,1445,31465,711,7,5,7,1942,0,0,0,G,0,7A1,BEVERLY BL,CROFT AV,20,W,N,A,-,N,,0,0,,,0,,,,N,0,0,0,2,A,-,3,22350,,M,-,E,A,A,H,-,A,D,0,,,,,Y,,-,99,0,0,0,0,0,0,0,0,0,- ,- ,0,0,1500,1,LOS ANGELES,LOS ANGELES,CA,-118.3742881,34.07605362,"BEVERLY BLVD & CROFT AVE, LOS ANGELES, CA",BEVERLY BLVD,CROFT AVE,103916,
-118.4320872,34.05052567,75083,8784755,2019,2019-02-26T00:00:00.000Z,1942,2019-01-16T00:00:00.000Z,1340,41179,835,3,5,7,1942,0,0,0,H,0,8A35,OVERLAND AV,SANTA MONICA BL,347,S,N,C,-,N,,0,0,,,0,,,,Y,3,0,1,2,A,-,1,23152,A,N,B,E,A,B,H,-,A,D,0,,,,,Y,Y,A,1,0,1,0,0,0,0,0,0,0,- ,- ,0,0,1500,1,LOS ANGELES,LOS ANGELES,CA,-118.4320872,34.05052567,"OVERLAND AVE & SANTA MONICA BLVD, LOS ANGELES, CA",OVERLAND AVE,SANTA MONICA BLVD,111181,
-118.2879221,34.06756592,75084,8787695,2019,2019-02-02T00:00:00.000Z,1942,2019-01-03T00:00:00.000Z,1225,31465,2029,4,5,7,1942,0,0,0,,0,20A39,WESTMORELAND AV,GENEVA ST,50,S,N,A,-,N,,0,0,,,0,,,,N,0,0,0,2,A,-,3,22350,,M,B,E,A,A,H,-,A,D,0,,,,,Y,,-,99,0,0,0,0,0,0,0,0,0,- ,- ,0,0,1500,1,LOS ANGELES,LOS ANGELES,CA,-118.2879221,34.06756592,"WESTMORELAND AVE & GENEVA ST, LOS ANGELES, CA",WESTMORELAND AVE,GENEVA ST,107707,
-118.2983621,34.0379982,75085,8788124,2019,2019-02-01T00:00:00.000Z,1942,2019-01-03T00:00:00.000Z,1410,31465,2097,4,5,7,1942,0,0,0,,0,20A97,MARIPOSA AV,20TH ST,50,S,N,A,-,N,,0,0,,,0,,,,N,0,0,0,2,A,-,3,22350,,M,B,E,A,A,H,-,A,D,0,,,,,Y,,-,99,0,0,0,0,0,0,0,0,0,- ,- ,0,0,1500,1,LOS ANGELES,LOS ANGELES,CA,-118.2983621,34.0379982,"MARIPOSA AVE & 20TH ST, LOS ANGELES, CA",MARIPOSA AVE,20TH ST,114005,
-118.2909842,33.79469681,75086,8788487,2019,2019-02-01T00:00:00.000Z,1942,2019-01-11T00:00:00.000Z,1320,36789,503,5,5,7,1942,0,0,0,E,0,25MQ38,253RD ST,VERMONT AV,25,W,N,A,-,N,,0,0,,,0,,,,N,0,0,0,2,A,-,3,22350,,M,C,E,A,A,H,-,A,D,0,,,,,Y,,-,,0,0,0,0,0,0,0,0,0,- ,- ,0,0,1500,1,LOS ANGELES,LOS ANGELES,CA,-118.2909842,33.79469681,"253RD ST & VERMONT AVE, LOS ANGELES, CA",253RD ST,VERMONT AVE,131301,
-118.3536121,34.01586151,75087,8791043,2019,2019-02-13T00:00:00.000Z,1942,2019-01-18T00:00:00.000Z,1320,41973,361,5,5,7,1942,0,0,0,C,0,3A41,STEVELY AV,N PINAFORE ST,345,N,N,A,-,N,,0,0,,,0,,,,N,0,0,0,2,A,-,6,21755,A,N,-,E,A,A,H,-,A,D,0,,,,,Y,,I,10,0,0,0,0,0,0,0,0,0,- ,- ,0,0,1500,1,LOS ANGELES,LOS ANGELES,CA,-118.3536121,34.01586151,"STEVELY AVE & PINAFORE ST, LOS ANGELES, CA",STEVELY AVE,PINAFORE ST,148775,
-118.2486057,33.94327164,75088,8791132,2019,2019-02-07T00:00:00.000Z,1942,2019-01-09T00:00:00.000Z,1200,41973,1835,3,5,7,1942,0,0,0,R,0,18A35,E 103RD ST,E SUCCESS AV,160,E,N,A,-,N,,0,0,,,0,,,,N,0,0,0,2,A,-,3,22350,,N,C,E,A,A,H,-,A,D,0,,,,,Y,,A,7,0,0,0,0,0,0,0,0,0,- ,- ,0,0,1500,1,LOS ANGELES,LOS ANGELES,CA,-118.2486057,33.94327164,"103RD ST & SUCCESS AVE, LOS ANGELES, CA",103RD ST,SUCCESS AVE,124258,
-118.3283767,33.98899078,75089,8792034,2019,2019-02-12T00:00:00.000Z,1942,2019-01-07T00:00:00.000Z,1330,42553,1211,1,5,7,1942,0,0,0,L,0,12A69,SLAUSON,10TH AV,50,W,N,B,-,N,,0,0,,,0,,,,N,0,0,0,2,A,-,3,22350,,N,E,E,A,A,H,-,A,D,0,,,,,Y,,A,7,0,0,0,0,0,0,0,0,0,- ,- ,0,0,1500,1,LOS ANGELES,LOS ANGELES,CA,-118.3283767,33.98899078,"SLAUSON AVE & 10TH AVE, LOS ANGELES, CA",SLAUSON AVE,10TH AVE,117076,
-118.318948,34.03263474,75090,8796991,2019,2019-02-14T00:00:00.000Z,1942,2019-01-27T00:00:00.000Z,1445,12668,314,7,5,7,1942,0,0,0,C,0,3A74,ADAMS BL,2ND AV,20,W,N,A,-,N,,0,0,,,0,,,,N,0,0,0,2,A,-,21,22106,,M,C,E,A,A,H,-,A,D,0,,,,,Y,,-,99,0,0,0,0,0,0,0,0,0,- ,- ,0,0,1500,1,LOS ANGELES,LOS ANGELES,CA,-118.318948,34.03263474,"ADAMS BLVD & 2ND AVE, LOS ANGELES, CA",ADAMS BLVD,2ND AVE,113972,
-118.1964583,34.11077881,75091,8802383,2019,2019-03-08T00:00:00.000Z,1942,2019-01-24T00:00:00.000Z,1435,38982,1149,4,5,7,1942,0,0,0,K,0,11A37,MONTE VISTA ST,AVENUE 56,240,S,N,A,-,N,,0,0,,,0,,,,N,0,0,0,2,A,-,3,22350,,M,B,E,A,A,H,-,A,D,0,,,,,Y,Y,A,8,0,0,0,0,0,0,0,0,0,- ,- ,0,0,1500,1,LOS ANGELES,LOS ANGELES,CA,-118.1964583,34.11077881,"MONTE VISTA ST & AVE 56, LOS ANGELES, CA",MONTE VISTA ST,AVE 56,142409,
-118.2884588,34.06622315,75092,8804829,2019,2019-02-15T00:00:00.000Z,1942,2019-01-09T00:00:00.000Z,1315,35004,2029,3,5,7,1942,0,0,0,,0,2A39,S WESTMORELAND AV,4TH ST,190,S,N,A,-,N,,0,0,,,0,,,,Y,0,0,0,2,A,-,7,21658,A,M,B,E,A,A,H,-,A,D,0,,,,,Y,,A,1,0,0,0,0,0,0,0,0,0,- ,- ,0,0,1500,1,LOS ANGELES,LOS ANGELES,CA,-118.2884588,34.06622314,"WESTMORELAND AVE & 4TH ST, LOS ANGELES, CA",WESTMORELAND AVE,4TH ST,97148,
-118.279759,33.74458695,75093,8806913,2019,2019-03-01T00:00:00.000Z,1942,2019-01-13T00:00:00.000Z,1300,41760,558,7,5,7,1942,0,0,0,E,0,5A55,N HARBOR BL,SANTA CRUZ ST,150,N,N,A,B,N,,0,0,,,0,,,,Y,0,0,0,2,A,-,3,22350,,M,C,E,A,A,H,-,A,D,0,,,,,Y,,-,99,0,0,0,0,0,0,0,0,0,- ,- ,0,0,1500,1,LOS ANGELES,LOS ANGELES,CA,-118.279759,33.74458694,"HARBOR BLVD & SANTA CRUZ ST, LOS ANGELES, CA",HARBOR BLVD,SANTA CRUZ ST,151271,
-118.3939457,33.94615936,75094,8816269,2019,2019-03-08T00:00:00.000Z,1942,2019-01-10T00:00:00.000Z,1255,41671,1496,4,5,7,1942,0,0,0,N,0,14A67,VICKSBURG AV,CENTURY BL,199,N,N,A,-,N,,0,0,,,0,,,,N,0,0,0,2,A,-,8,22107,,N,E,E,A,A,H,-,A,D,0,,,,,Y,,D,22,0,0,0,0,0,0,0,0,0,- ,- ,0,0,1500,1,LOS ANGELES,LOS ANGELES,CA,-118.3939457,33.94615936,"VICKSBURG AVE & CENTURY BLVD, LOS ANGELES, CA",VICKSBURG AVE,CENTURY BLVD,112599,
-118.300201,34.01727676,75095,8788507,2019,2019-02-01T00:00:00.000Z,1942,2019-01-01T00:00:00.000Z,540,43587,377,2,5,7,1942,0,0,0,C,0,3A57,NORMANDIE AV,38TH ST,18,S,N,A,-,N,,0,0,,,0,,,,Y,0,0,0,2,A,-,3,22350,,M,B,E,A,A,H,-,C,A,0,,,,,Y,,A,1,0,0,0,0,0,0,0,0,0,- ,- ,0,0,600,1,LOS ANGELES,LOS ANGELES,CA,-118.300201,34.01727676,"NORMANDIE AVE & 38TH ST, LOS ANGELES, CA",NORMANDIE AVE,38TH ST,124374,
-118.3363421,34.09437561,75096,8784558,2019,2019-02-13T00:00:00.000Z,1942,2019-01-15T00:00:00.000Z,1720,42458,663,2,5,7,1942,0,0,0,F,0,6A66,FOUNTAIN AV,LAS PALMAS AV,0,,Y,C,-,N,,0,0,,,0,,,,N,4,0,1,2,A,-,9,21802,A,N,G,B,B,B,H,-,C,D,0,Y,,,,Y,,A,1,0,0,1,0,1,0,0,0,0,- ,- ,0,0,1800,1,LOS ANGELES,LOS ANGELES,CA,-118.3363421,34.09437561,"FOUNTAIN AVE & LAS PALMAS AVE, LOS ANGELES, CA",FOUNTAIN AVE,LAS PALMAS AVE,139167,
-118.2879101,33.72423554,75097,8786260,2019,2019-03-06T00:00:00.000Z,1942,2019-01-19T00:00:00.000Z,1636,43612,567,6,5,7,1942,0,0,0,E,0,5A84,22ND ST,PACIFIC AV,25,E,N,A,-,N,,0,0,,,0,,,,N,2,0,1,2,A,-,9,21801,A,N,G,B,B,A,H,-,A,A,0,Y,,,,Y,,A,1,1,0,0,0,1,0,0,0,0,- ,- ,0,0,1800,1,LOS ANGELES,LOS ANGELES,CA,-118.2879101,33.72423553,"22ND ST & PACIFIC AVE, LOS ANGELES, CA",22ND ST,PACIFIC AVE,117669,
-118.4661822,34.16484451,75098,8803163,2019,2019-02-26T00:00:00.000Z,1942,2019-01-16T00:00:00.000Z,1650,40362,963,3,5,7,1942,0,0,0,I,0,9X14,SEPULVEDA BL,MAGNOLIA BL,0,,Y,C,-,N,,0,0,,,0,,,,N,4,0,1,3,A,-,3,22350,,N,G,B,B,B,H,-,C,A,0,Y,,,,Y,,A,1,0,0,1,0,1,0,0,0,0,- ,- ,0,0,1800,1,LOS ANGELES,LOS ANGELES,CA,-118.4661822,34.16484451,"SEPULVEDA BLVD & MAGNOLIA BLVD, LOS ANGELES, CA",SEPULVEDA BLVD,MAGNOLIA BLVD,139954,
-118.2589821,34.00921631,75100,8806739,2019,2019-03-07T00:00:00.000Z,1942,2019-01-19T00:00:00.000Z,1600,37952,1343,6,5,7,1942,0,0,0,M,0,13A43,WADSWORTH AV,E 41ST ST,0,,Y,A,-,N,,0,0,,,0,,,,Y,3,0,3,3,A,-,9,21802,A,F,G,C,F,A,H,-,A,A,0,Y,,,,Y,,A,1,0,1,2,0,1,0,0,0,0,- ,- ,0,0,1800,1,LOS ANGELES,LOS ANGELES,CA,-118.2589821,34.00921631,"WADSWORTH AVE & 41ST ST, LOS ANGELES, CA",WADSWORTH AVE,41ST ST,138402,
-118.2668003,34.05857086,75101,8779424,2019,2019-02-12T00:00:00.000Z,1942,2019-01-11T00:00:00.000Z,1945,34462,248,5,5,7,1942,0,0,0,,0,2A2,LOMA DR,4TH ST,100,N,N,A,-,N,,0,0,,,0,,,,N,4,0,1,2,A,-,13,22515,A,N,G,B,E,A,H,-,C,D,0,Y,,,,Y,,A,8,0,0,1,0,1,0,0,0,0,- ,- ,0,0,2100,1,LOS ANGELES,LOS ANGELES,CA,-118.2668003,34.05857086,"LOMA DR & 4TH ST, LOS ANGELES, CA",LOMA DR,4TH ST,96497,
-118.5488182,34.04343033,75102,8784482,2019,2019-02-13T00:00:00.000Z,1942,2019-01-23T00:00:00.000Z,1910,41210,811,3,5,7,1942,0,0,0,H,0,7T23,MARQUEZ AV,BOLLINGER DR,100,E,N,A,-,N,,0,0,,,0,,,,N,4,0,1,3,A,-,3,22350,,F,G,E,E,A,H,-,C,D,0,Y,,,,Y,,-,99,0,0,1,0,1,0,0,0,0,- ,- ,0,0,2100,1,LOS ANGELES,LOS ANGELES,CA,-118.5488182,34.04343033,"MARQUEZ AVE & BOLLINGER DR, LOS ANGELES, CA",MARQUEZ AVE,BOLLINGER DR,100159,
-118.3229021,34.06712341,75103,8784493,2019,2019-02-13T00:00:00.000Z,1942,2019-01-24T00:00:00.000Z,1910,37357,739,4,5,7,1942,0,0,0,G,0,20A34,PLYMOUTH BL,4TH ST,0,,Y,A,-,N,,0,0,,,0,,,,N,2,0,1,2,D,-,0,0,,N,G,B,D,A,H,-,E,D,0,Y,,,,Y,,-,- ,1,0,0,0,1,0,0,0,0,- ,- ,0,0,2100,1,LOS ANGELES,LOS ANGELES,CA,-118.3229021,34.06712341,"PLYMOUTH BLVD & 4TH ST, LOS ANGELES, CA",PLYMOUTH BLVD,4TH ST,121898,
-118.3608148,34.0344696,75104,8792778,2019,2019-02-20T00:00:00.000Z,1942,2019-01-29T00:00:00.000Z,1830,39065,783,2,5,7,1942,0,0,0,G,0,7A73,RIDGELEY DR,APPLE,100,N,N,A,-,N,,0,0,,,0,,,,N,0,0,0,3,A,-,3,22350,,M,G,E,-,A,H,-,C,D,0,Y,,,,Y,,A,1,0,0,0,0,0,0,0,0,0,- ,- ,0,0,2100,1,LOS ANGELES,LOS ANGELES,CA,-118.3608148,34.0344696,"RIDGELEY DR & APPLE ST, LOS ANGELES, CA",RIDGELEY DR,APPLE ST,113945,
-118.3506428,34.03301239,75105,8797075,2019,2019-03-28T00:00:00.000Z,1942,2019-01-22T00:00:00.000Z,2000,39151,312,2,5,7,1942,0,0,0,C,0,3A1,LA BREA AV,ADAMS BL,200,N,N,A,-,N,,0,0,,,0,,,,N,4,0,1,2,A,-,10,21950,A,F,G,G,-,A,H,-,C,A,0,Y,,,,Y,,-,99,0,0,1,0,1,0,0,0,0,- ,- ,0,0,2100,1,LOS ANGELES,LOS ANGELES,CA,-118.3506428,34.03301239,"LA BREA AVE & ADAMS BLVD, LOS ANGELES, CA",LA BREA AVE,ADAMS BLVD,96407,
-118.3384021,34.10412598,75106,8797786,2019,2019-02-11T00:00:00.000Z,1942,2019-01-04T00:00:00.000Z,1845,42799,625,5,5,7,1942,0,0,0,F,0,7A22,HIGHLAND ALY,FRANKLIN PL,0,,Y,A,-,N,,0,0,,,0,,,,N,4,0,1,2,A,-,10,21950,A,N,G,B,C,A,H,-,C,A,0,Y,,,,Y,,A,1,0,0,1,0,1,0,0,0,0,- ,- ,0,0,2100,1,LOS ANGELES,LOS ANGELES,CA,-118.3384021,34.10412598,"HIGHLAND AVE & FRANKLIN PL, LOS ANGELES, CA",HIGHLAND AVE,FRANKLIN PL,100803,
-118.2197429,34.01734924,75107,8798287,2019,2019-02-13T00:00:00.000Z,1942,2019-01-09T00:00:00.000Z,1900,41621,497,3,5,7,1942,0,0,0,D,0,4A56,WASHINGTON BL,SOTO,100,E,N,A,-,N,,0,0,,,0,,,,N,4,0,1,2,A,-,11,21955,,N,G,B,D,A,H,-,D,D,0,Y,,,,Y,Y,N,60,0,0,1,0,1,0,0,0,0,- ,- ,0,0,2100,1,LOS ANGELES,LOS ANGELES,CA,-118.2197429,34.01734924,"WASHINGTON BLVD & SOTO ST, LOS ANGELES, CA",WASHINGTON BLVD,SOTO ST,131484,
-118.5333734,34.17488861,75108,8799041,2019,2019-02-20T00:00:00.000Z,1942,2019-01-31T00:00:00.000Z,2055,40903,1044,4,5,7,1942,0,0,0,J,0,1044,COLLINS ST,ETIWANDA AV,770,W,N,A,-,N,,0,0,,,0,,,,N,2,0,1,2,A,-,3,22350,,N,G,B,D,A,H,-,C,D,0,Y,,,,Y,Y,A,7,1,0,0,0,1,0,0,0,0,- ,- ,0,0,2100,1,LOS ANGELES,LOS ANGELES,CA,-118.5333734,34.17488861,"COLLINS ST & ETIWANDA AVE, LOS ANGELES, CA",COLLINS ST,ETIWANDA AVE,147223,
-118.2827222,33.99328613,75109,8799612,2019,2019-02-25T00:00:00.000Z,1942,2019-01-13T00:00:00.000Z,1930,42065,1219,7,5,7,1942,0,0,0,L,0,12A67,FIGUEROA ST,54TH ST,0,,Y,B,-,N,,0,0,,,0,,,,N,4,0,1,2,A,-,10,21950,A,F,G,B,B,A,H,-,C,A,0,Y,,,,Y,,-,99,0,0,1,0,1,0,0,0,0,- ,- ,0,0,2100,1,LOS ANGELES,LOS ANGELES,CA,-118.2827222,33.99328613,"FIGUEROA ST & 54TH ST, LOS ANGELES, CA",FIGUEROA ST,54TH ST,106598,
-118.2783621,34.00379562,75110,8799644,2019,2019-02-25T00:00:00.000Z,1942,2019-01-04T00:00:00.000Z,2020,42869,LOS A,5,5,7,1942,0,0,0,,0,13A63,W VERNON AV,BROADWAY,0,,N,A,-,N,,0,0,,,0,,,,N,2,0,1,2,A,-,10,21952,,N,G,-,F,A,H,-,C,D,0,Y,Y,,,Y,,L,4,1,0,0,0,1,0,0,0,0,- ,- ,0,0,2100,1,LOS ANGELES,LOS ANGELES,CA,-118.2783621,34.00379562,"VERNON AVE & BROADWAY, LOS ANGELES, CA",VERNON AVE,BROADWAY,134809,
-118.2988011,33.96000671,75111,8791643,2019,2019-03-13T00:00:00.000Z,1942,2019-01-20T00:00:00.000Z,225,42612,1265,7,5,7,1942,0,0,0,L,0,12A53,MANCHESTER AV,NORMANDIE,450,E,N,A,-,N,,0,0,,,0,,,,N,2,0,1,2,A,-,11,21954,A,N,G,B,D,A,H,-,C,D,0,Y,,,,Y,,-,- ,1,0,0,0,1,0,0,0,0,- ,- ,0,0,300,1,LOS ANGELES,LOS ANGELES,CA,-118.2988011,33.96000671,"MANCHESTER AVE & NORMANDIE AVE, LOS ANGELES, CA",MANCHESTER AVE,NORMANDIE AVE,145280,
-118.2629921,33.97473526,75112,8805694,2019,2019-02-19T00:00:00.000Z,1942,2019-01-25T00:00:00.000Z,1811,37865,1259,5,5,7,1942,0,0,0,L,0,12X32,STANFORD AV,FLORENCE AV,0,,Y,A,-,N,,0,0,,,0,,,,N,4,0,1,2,A,-,10,21950,A,N,G,-,D,A,H,-,C,D,0,Y,,,,Y,,A,1,0,0,1,0,1,0,0,0,0,- ,- ,0,0,2100,1,LOS ANGELES,LOS ANGELES,CA,-118.2629921,33.97473526,"STANFORD AVE & FLORENCE AVE, LOS ANGELES, CA",STANFORD AVE,FLORENCE AVE,131204,
-118.2692722,34.01115418,75113,8805706,2019,2019-02-19T00:00:00.000Z,1942,2019-01-15T00:00:00.000Z,1810,42055,1342,2,5,7,1942,0,0,0,M,0,13XL4,ADAIR ST,MARTIN LUTHER KING BL,0,,Y,C,-,N,,0,0,,,0,,,,N,4,0,1,2,A,-,10,21950,A,N,G,B,B,B,H,-,C,D,0,Y,,,,Y,,A,1,0,0,1,0,1,0,0,0,0,- ,- ,0,0,2100,1,LOS ANGELES,LOS ANGELES,CA,-118.2692722,34.01115417,"ADAIR ST & MARTIN LUTHER KING JR BLVD, LOS ANGELES, CA",ADAIR ST,MARTIN LUTHER KING JR BLVD,130748,
-118.5535122,34.18658447,75115,8814623,2019,2019-03-06T00:00:00.000Z,1942,2019-01-17T00:00:00.000Z,1825,42487,1031,4,5,7,1942,0,0,0,J,0,10X81,TAMPA,VICTORY,0,,Y,A,-,N,,0,0,,,0,,,,N,4,0,1,3,A,-,11,21955,,N,G,C,D,A,H,-,C,D,0,Y,,,,Y,,N,60,0,0,1,0,0,0,0,0,0,- ,- ,0,0,2100,1,LOS ANGELES,LOS ANGELES,CA,-118.5535122,34.18658447,"TAMPA AVE & VICTORY BLVD, LOS ANGELES, CA",TAMPA AVE,VICTORY BLVD,139665,